"Depth","Age","spike.conc","Abies","Acer.rubrum.type","Acer.saccharum.type","Alnus","Amaranthaceae","Ambrosia.type","Apiaceae","Artemisia","Asteroideae","Betula","Botrychium.type","Brasenia","Brassicaceae","Carya","Caryophyllaceae","Castanea","Celtis","Cephalanthus","Cichorioideae","Corylus","Cyperaceae","Dryopteris.type","Equisetum","Ericaceae","Eriocaulon","Fagus","Fraxinus.pennsylvanica.type","Ilex","Indeterminable","Iso..tes","Iva.type","Juglans.nigra","Juniperus.type","Liquidambar","Lycopodium.spike","Magnolia.virginiana.type","Myrica","Myriophyllum","Nuphar","Nymphaea","Nyssa","Osmundastrum.cinnamomeum","Ostrya.Carpinus","Persicaria.amphibia.type","Picea","Pinus.subg..Pinus","Pinus.subg..Strobus","Pinus.undiff.","Platanus","Poaceae","Polygonum.fimbriatum.type","Polygonum.polygamum.type","Polypodium","Potamogeton","Pteridium.type","Quercus","Rosaceae.undiff.","Sagittaria","Salix","Sambucus","Selaginella.arenicola","Serenoa","Sporormiella","Thalictrum","Tsuga","Ulmus","Unknown","Utricularia","Vitis","total"
1,-35,NA,0,0,0,0.271370421,0.542740841,4.884667571,0,0.271370421,1.899592944,0.542740841,0,0.271370421,0,1.628222524,0,0,0,0.542740841,0,0,3.256445047,0,0,0,0,0,0.271370421,0,1.085481682,0,0,0,0,2.442333786,1.356852103,0,0.271370421,8.141112619,0.271370421,0,1.085481682,0,0.814111262,0,0,0,0,47.62550882,0.814111262,0,0,0,0,0,0,17.91044776,0,0,1.356852103,0,0,0,0.542740841,0,0,0.814111262,1.085481682,0,0,100
5,88,NA,0,0,0,0.274348422,0,0.274348422,0,0,0.823045267,0,0,0.548696845,0,1.09739369,0,0,0,0,0,0,0,0,0,0.274348422,0,0,0,0,0,0,0,0,0.548696845,1.371742112,3.017832647,0,0,5.761316872,0,0.274348422,0.823045267,0,0,0,0,0,0,72.83950617,0.274348422,0.823045267,0,0,0,0,0,10.15089163,0,0,0,0,0,0,0,0,0,0.548696845,0,0.274348422,0,100
13,412,NA,0,0,0,0,0,0,0,0,0.862068966,0.287356322,0,0.574712644,0,1.149425287,0,0,0,0,0,0,0.862068966,0,0,0,0,0,0,0,0.574712644,0.287356322,0,0,0,0.574712644,2.298850575,0,0.574712644,0.287356322,0,0.287356322,0,0,0,0.574712644,0,0,0,75.28735632,0,0.287356322,0,0,0,0,0,15.22988506,0,0,0,0,0,0,0,0,0,0,0,0,0,100
21,712,NA,0,0.296296296,0,0.296296296,0,0,0,0,1.185185185,0.296296296,0,2.074074074,0,2.37037037,0,0.296296296,0,0,0,0,0.592592593,0,0,0.592592593,0,0,0.592592593,0,0.296296296,0,0,0,0,0.888888889,2.074074074,0.296296296,0,0.888888889,0,0.592592593,0,0,0,0,0,0,0,62.37037037,0.296296296,0.888888889,0,0,0,0,0,22.81481481,0,0,0,0,0,0,0,0,0,0,0,0,0,100
29,1022,NA,0,0,0,0.785340314,0,0.261780105,0,0,1.047120419,0.261780105,0,1.047120419,0,0.523560209,0,0,0,0.261780105,0,0,0.785340314,0,0,0.261780105,0,0,0,0,0.523560209,0,0,0.261780105,0.523560209,0.523560209,3.926701571,0.261780105,0.261780105,0.261780105,0,0.523560209,1.047120419,0,0.523560209,0,0,0.261780105,0,72.2513089,0.261780105,1.308900524,0,0,0,0,0,11.2565445,0,0.261780105,0,0,0,0,0,0,0,0.261780105,0,0.261780105,0,100
37,1313,NA,0,0,0,0,0,0,0,0,0.243605359,0.243605359,0,1.948842875,0,0.974421437,0,0.487210719,0,0.243605359,0,0,1.705237515,0,0,0,0,0.243605359,0,0,1.461632156,0,0,0,0.243605359,0.243605359,3.166869671,0,0.487210719,4.872107186,0,0.730816078,0,0,0.243605359,0,0,0,0,58.58708892,0.487210719,0.730816078,0,0,0,0,0,21.43727162,0,0,0.243605359,0,0,0.487210719,0,0,0,0.243605359,0.243605359,0,0,100
45,1618,NA,0,0.287356322,0,0,0,0,0,0,0,0,0,2.586206897,0,2.011494253,0,0,0,0,0,0,0.287356322,0,0,0.574712644,0,0,0,0,1.149425287,0,0,0.287356322,0.287356322,0.574712644,2.873563218,0,0.574712644,0,0,0,0,0,0.287356322,0,0,0.574712644,0,61.49425287,0.574712644,8.620689655,0,0,0,0,0,16.09195402,0,0,0.287356322,0,0,0,0,0,0,0.574712644,0,0,0,100
53,1872,NA,0,0,0,0.865800866,0,0,0,0.288600289,0,0.865800866,0,1.443001443,0,0.577200577,0,0,0,0,0,0,2.886002886,0,0,0,0,0,0.288600289,0,0.865800866,0,0,0,0.577200577,0.288600289,2.886002886,0,0.577200577,0,0,2.597402597,0.288600289,0,0.288600289,0,0,1.731601732,0,61.9047619,0,2.02020202,0,0,0.288600289,0,0,17.6046176,0,0.288600289,0,0,0,0.288600289,0,0,0,0,0.288600289,0,0,100
61,2149,NA,0,0,0,0.260756193,0,0.260756193,0,0,0,0,0,8.865710561,0,1.825293351,0,0,0,0.260756193,0,0,0.782268579,0,0,0,0.260756193,0,0,0,1.043024772,0,0,0,0.260756193,0.782268579,5.475880052,0,0,0,0,0.260756193,0.260756193,0,0.260756193,0.260756193,0,0.521512386,0,60.36505867,0.260756193,2.60756193,0,0,0,0,0,14.863103,0,0,0,0,0,0,0,0,0,0,0,0.260756193,0,100
69,2490,NA,0,0.275862069,0,0,0,0,0,0,0,0,0,2.482758621,0,1.931034483,0,0,0,0.275862069,0,0,1.103448276,0,0,0,0,0,0.551724138,0,1.655172414,0,0,0,0.551724138,1.655172414,2.482758621,0,0.275862069,1.931034483,0,0,0,0,0.551724138,0,0,0.827586207,0,62.48275862,0.275862069,0,0,0,0,0,0,19.5862069,0,0,0,0,0,0,0,0,0,0.551724138,0.275862069,0.275862069,0,100
77,2880,NA,0,0,0,0,0,0,0,0,0,0.287356322,0,4.022988506,0,0.287356322,0,0,0,0,0,0,1.436781609,0,0,0,0,0,0,0,0.287356322,0,0,0,0.287356322,0,1.724137931,0,0.287356322,0,0,0.862068966,0,0,1.436781609,0,0,0.574712644,0,67.24137931,0.862068966,3.448275862,0,0,0,0,0,16.66666667,0,0,0,0,0,0,0,0,0,0,0.287356322,0,0,100
85,3326,NA,0,0,0,0.289855072,0,0,0,0,0,0,0,8.695652174,0,1.15942029,0,0,0,0,0,0,0.289855072,0,0,0,0,0,0,0,0.869565217,0,0.289855072,0.289855072,0,1.449275362,4.057971014,0,0,0,0,0.869565217,0,0,0.579710145,0,0,0.579710145,0,62.31884058,0.289855072,1.449275362,0,0,0,0,0,15.65217391,0,0,0,0,0,0,0,0,0,0.579710145,0.289855072,0,0,100
97,3945,NA,0,0,0,0,0,0.282885431,0,0,0,0,0,1.131541726,0,1.414427157,0,0,0,0,0,0,0.848656294,0,0,0,0,0,0,0,0.282885431,0,0,0,0.282885431,1.414427157,1.697312588,0,0.282885431,0,0,0,0.282885431,0,0.282885431,0,0,0,0,79.63224894,0.282885431,0.565770863,0,0,0,0,0,11.31541726,0,0,0,0,0,0,0,0,0,0,0,0,0,100
105,4333,NA,0,0,0,0,0,0,0,0,0.541271989,0.270635995,0,4.330175913,0,0.811907984,0,0,0,0,0,0,2.435723951,0,1.082543978,0,0,0,0.270635995,0,1.082543978,0,0,0,0.270635995,1.082543978,2.165087957,0,0.270635995,1.623815968,0,1.082543978,0,0,0.270635995,0,0,0.811907984,0,58.86332882,0,3.51826793,0,0,0,0,0.270635995,18.67388363,0,0.270635995,0,0,0,0,0,0,0,0,0,0,0,100
113,4744,NA,0,0,0,0,0,0,0.306748466,0,0,0.306748466,0,0.306748466,0,1.226993865,0,0,0,0,0,0,0.306748466,0,0.306748466,0,0,0,0.306748466,0,0.613496933,0,0,0,0.613496933,1.840490798,3.680981595,0,0.306748466,0,0,0,0,0,0.306748466,0,0,0.920245399,0,60.42944785,0,11.34969325,0,0,0,0,0,16.87116564,0,0,0,0,0,0,0,0,0,0,0,0,0,100
121,5158,NA,0,0,0,0,0,0,0,0,0,0.267379679,0,0.802139037,0,1.069518717,0,0,0,0,0,0,1.069518717,0,0.802139037,0,0,0,0.802139037,0,0.267379679,0,0,0,0.534759358,0.802139037,4.278074866,0,0.267379679,0,0,5.347593583,0.267379679,0,0.267379679,0,0,0.534759358,0,52.40641711,0,12.29946524,0,0,0,0,0,16.31016043,0,1.069518717,0,0,0,0,0,0,0,0.534759358,0,0,0,100
129,5582,NA,0,0,0,0.588235294,0,0,0,0,0,0,0,0,0,0,0,0,0,0.294117647,0,0,2.647058824,0,0,0,0,0,0,0,0.588235294,0,0,0.294117647,0,0.294117647,3.529411765,0,0,0.294117647,0,1.176470588,0,0,0.294117647,0,0,0.294117647,0,54.41176471,0.294117647,14.11764706,0,0,0,0.294117647,0,17.64705882,0,2.647058824,0,0,0,0,0,0,0,0.294117647,0,0,0,100
137,5917,NA,0,0,0,0,0,0,3.034482759,0.551724138,0.275862069,0,0,0.551724138,0,0.551724138,0,0,0,0,0,0,7.172413793,0,0,0,0,0,0.275862069,0,0.275862069,0,0,0,0.551724138,0,2.206896552,0,0,0,0,1.103448276,0,0,0.275862069,0,0,0.275862069,0,62.20689655,0.275862069,4.689655172,0,0,0,0,0,15.17241379,0,0,0,0,0,0,0,0,0,0.275862069,0,0.275862069,0,100
145,6259,NA,0,0,0,0,0,0.277777778,0,0,0.277777778,0,0,0,0,0.555555556,0,0,0,0,0,0,1.388888889,0,0,0,0,0,0.277777778,0,0.555555556,0,0,0,0.277777778,0.833333333,9.166666667,0,0,0,0,0.277777778,0.277777778,0,0,0,0,2.777777778,0,55,0,8.611111111,0,0,0,0,0,17.77777778,0,1.666666667,0,0,0,0,0,0,0,0,0,0,0,100
153,6591,NA,0,0,0,0,0,0.606980273,0,0.303490137,0.91047041,0,0,1.213960546,0,1.517450683,0,0,0,0,0,0,1.517450683,0,0,0,0,0,0.606980273,0,0.303490137,0,0,0.303490137,0,1.213960546,4.248861912,0,0,0,0,1.213960546,0,0,0,0,0,0.303490137,0,42.33687405,0,5.766312595,0,0,0,0,0,34.90136571,0,1.213960546,0,0,0,0,0,0,0,0.303490137,0,0,1.213960546,100
161,6939,NA,0,0,0,0.283286119,0,0,0,0.283286119,0,0,0,5.099150142,0,0.566572238,0.283286119,0,0,0,0,0.283286119,3.399433428,0,0,0,0,0.283286119,0,0,1.699716714,0,0,0,0,0.849858357,3.399433428,0,0,0,0,0,0,0.283286119,0.283286119,0,0,1.133144476,0,36.54390935,0,4.815864023,0,0,0,0,0.283286119,37.11048159,0,0.849858357,0,0,0,0.283286119,0,0.283286119,0,0,0.566572238,0.849858357,0.283286119,100
169,7310,NA,0,0.263157895,0,0.263157895,0,0,0,0,0.789473684,0,0,8.157894737,0,1.578947368,0,0,0.263157895,0,0,0,1.578947368,0,0,0,0,0,0.263157895,0,1.578947368,0,0,0,0.263157895,1.842105263,3.157894737,0,0,0,0,1.052631579,0.263157895,0,0.263157895,0,0,1.315789474,0,32.89473684,0.263157895,2.105263158,0,0,0,0,0,38.94736842,0,0.263157895,0.263157895,0,0,0.263157895,0,0,0,0.526315789,0.789473684,0,0.789473684,100
177,7662,NA,0,0,0,0.566572238,0,0,0,0,1.416430595,0,0,5.66572238,0,0.849858357,0,0.283286119,0,0.849858357,0,0,3.116147309,0,0,0,0,0.283286119,0,0,1.416430595,0,0,0.283286119,0,0.849858357,1.699716714,0,0,0,0,1.699716714,0.566572238,0,0,0,0,0.283286119,0,21.52974504,0,4.249291785,0,0,0,0,0,51.84135977,0,0.566572238,0,0,0,0.283286119,0,0.283286119,0,0.283286119,0.283286119,0,0.849858357,100
185,7933,NA,0,0,0,0.545702592,0,0.272851296,0.272851296,0,0.818553888,0.545702592,0,5.184174625,0,1.909959072,0,0.272851296,0.272851296,0,0,0,2.455661664,0,0,0,0,0.545702592,0.545702592,0,0.545702592,0,0,0,0,0.545702592,3.547066849,0,0,0,0,2.182810368,0.272851296,0,0.545702592,0,0,2.182810368,0,22.23738063,0.272851296,1.909959072,0,0,0,0,0,50.20463847,0.272851296,0.545702592,0.272851296,0,0,0,0,0,0,0.272851296,0.545702592,0,0,100
197,8144,NA,0,0,0,0.529100529,0,0.264550265,0,0,0,0.529100529,0,11.37566138,0,0.793650794,0,0,0,0,0,0,0,0,0,0,0,0.264550265,0.529100529,0,0.793650794,0,0,0,0,2.380952381,5.291005291,0,0.264550265,0,0,1.322751323,0,0,0,0,0.264550265,0.529100529,0,19.57671958,0,2.116402116,0,0,0,0,0,51.32275132,0,0.529100529,0.264550265,0,0,0,0,0,0,1.058201058,0,0,0,100
205,8282,NA,0,0,0,0.510204082,0,1.020408163,0,0,0.510204082,0.510204082,0,1.530612245,0,2.040816327,0,0.255102041,0,0,0,0,0.765306122,0,0,0,0,0.255102041,0.510204082,0,1.785714286,0,0,0,0.510204082,0.765306122,2.295918367,0,0,0,0,1.530612245,0.255102041,0,0.765306122,0,0,3.571428571,0,23.97959184,0.255102041,2.295918367,0,0,0,0,0.255102041,51.78571429,0,0.255102041,0,0,0,0,0,0,0,1.020408163,0.255102041,0,0.510204082,100
213,8424,NA,0,0,0,0.772200772,0.257400257,0.772200772,0,0.257400257,0.257400257,0,0,10.81081081,0,0.772200772,0.257400257,0,0,0,0,0,0.514800515,0,0,0,0,0.257400257,0.514800515,0,1.544401544,0,0,0,0.772200772,1.287001287,3.861003861,0,0,0,0,0.514800515,0,0,0.257400257,0,0,0.772200772,0,28.44272844,0,1.287001287,0,0,0,0.257400257,0,42.21364221,0,1.287001287,0,0,0,0,0,0,0,1.287001287,0.514800515,0.257400257,0,100
221,8564,NA,0,0.243605359,0,0.487210719,0,0.730816078,0,0.243605359,0.243605359,0.243605359,0,11.69305725,0,2.923264312,0,0,0,0,0,0,0,0,0,0,0,0.487210719,0.243605359,0,0.487210719,0,0,0,0.730816078,0.730816078,7.06455542,0,0,0.243605359,0,0.974421437,0,0,0,0,0,2.679658952,0,20.3410475,0.243605359,1.948842875,0,0,0,0,0,46.04141291,0,0,0,0,0,0,0,0,0.243605359,0.730816078,0,0,0,100
229,8705,NA,0,0.270635995,0,0.270635995,0.270635995,0.541271989,0,0,0.541271989,0,0,5.142083897,0,1.082543978,0,0,0,0,0,0,0.541271989,0,0,0,0,0.811907984,1.082543978,0,1.623815968,0.270635995,0,0.270635995,0.270635995,0.811907984,2.97699594,0,0,0,0,0.541271989,0,0,0.811907984,0,0,0.811907984,0,23.95128552,0.270635995,1.623815968,0,0,0,0,0,52.77401894,0,0.541271989,0,0,0,0,0,0,0,0.270635995,0.541271989,0,1.082543978,100
237,8846,NA,0,0,0,0,0,0.270635995,0,0.811907984,0,0.270635995,0,3.51826793,0,2.435723951,0,0.270635995,0,0,0,0,0.270635995,0,0,0,0,0.811907984,0.270635995,0,1.082543978,0,0,0,0.811907984,0.270635995,1.353179973,0,0,0,0,1.353179973,0,0,0.270635995,0,0,0.270635995,0.270635995,31.52909337,0.270635995,2.706359946,0,0,0,0,0,50.87956698,0,0,0,0,0,0,0,0,0,0,0,0,0,100
245,9097,NA,0,0,0.248447205,0.99378882,0,0.745341615,0,0.248447205,0.248447205,0.248447205,0,2.48447205,0,1.98757764,0,0.248447205,0,0,0,0,0.99378882,0,0.248447205,0.248447205,0,0.49689441,0.248447205,0,0.49689441,0.49689441,0,0.248447205,0.49689441,1.98757764,1.49068323,0,0.248447205,0,0,1.739130435,0,0,0.49689441,0,0,0.49689441,0.248447205,24.47204969,0,1.242236025,0,0,0,0.248447205,0,54.16149068,0,0.49689441,0.248447205,0,0,0,0,0,0,0.745341615,0,0,0.248447205,100
253,9721,NA,0,0,0,0.562587904,0.281293952,0.562587904,0,0,0.562587904,0.843881857,0,4.219409283,0,3.656821378,0,0,0,0,0,0,0.562587904,0,0,0,0,0.843881857,0.281293952,0,0,0.281293952,0,0,0,0.843881857,3.094233474,0,0,0,0,0.281293952,0,0,0.843881857,0,0,3.375527426,0,34.17721519,0.281293952,2.250351617,0,0,0,0,0,41.91279887,0,0,0,0,0,0,0,0,0,0,0,0,0.281293952,100
259,10167,NA,0,0,0,0.301659125,0,0,0,0,1.809954751,0,0,3.921568627,0,3.619909502,0,0,0,0,0,0,0,0,0,0,0,0.301659125,0,0,0.301659125,0,0,0,0.301659125,1.206636501,3.318250377,0,0,0,0,0.301659125,0.301659125,0,0.301659125,0,0,2.111613876,0,27.30015083,0,0.60331825,0,0,0,0.301659125,0,52.18702866,0.301659125,0,0,0,0,0,0,0,0,0.904977376,0.301659125,0,0,100
261,10305,NA,0,0,0,0.296296296,0.296296296,0.296296296,0,0,0.296296296,0.888888889,0,5.037037037,0,2.37037037,0,0,0,0,0,0,0.296296296,0,0,0,0,0.888888889,0,0,2.962962963,0.592592593,0,0,0.296296296,0.592592593,2.37037037,0,0.296296296,0.592592593,0,0,0,0,1.481481481,0,0,0.592592593,0,23.55555556,0,1.481481481,0,0,0,0,0,52.74074074,0,0.296296296,0,0.296296296,0,0,0,0,0.592592593,0.296296296,0.296296296,0,0,100
263,10445,NA,0,0,0,1.483679525,0.296735905,0.296735905,0,0.296735905,0.296735905,0.296735905,0,1.483679525,0.296735905,8.902077151,0,0,0,0,0,0.59347181,0.890207715,0,0,0,0,7.121661721,0.59347181,0,0.890207715,3.857566766,0.296735905,0.296735905,2.670623145,1.18694362,0.59347181,0,0.296735905,0,0,0.296735905,0.296735905,0,4.747774481,0,0,0.296735905,0,10.97922849,0.296735905,0.59347181,0,0,0,0,0,47.1810089,0,0,0,0,0,0,0,0,0,1.18694362,0.890207715,0,0.296735905,100
265,10573,NA,0,0,0,1.267427123,0,0.506970849,0,0,0,0.760456274,0,1.013941698,0,7.858048162,0,0.506970849,0.253485425,0,0,1.013941698,1.267427123,0,0.253485425,0,0,5.069708492,1.013941698,0,1.267427123,10.64638783,0.253485425,0.253485425,5.576679341,0.253485425,1.774397972,0,0,0.506970849,0.253485425,0,0,0,4.309252218,0,0.126742712,0.506970849,0,3.548795944,0.253485425,0.506970849,0,0,0,0,0,47.4017744,0,0,0,0,0,0,0,0,0.253485425,1.267427123,0,0.253485425,0,100
267,10729,NA,0,0,0,1.371742112,0,0.823045267,0,0,0.548696845,1.09739369,0,0.548696845,0,10.42524005,0,0.548696845,0.548696845,0,0,0,0.823045267,0,0,0,0,8.77914952,0.548696845,0,0.548696845,8.230452675,0.274348422,0,3.566529492,0.548696845,1.646090535,0,0,0.274348422,0,0.274348422,0.274348422,0,7.68175583,0,0.137174211,1.09739369,0,4.115226337,0.823045267,0.274348422,0,0,0,0,0,42.52400549,0,0,0,0,0,0,0,0,0.274348422,0.274348422,0,0.274348422,0.823045267,100
269,10872,NA,0,0,0.259403372,0.259403372,0,0.778210117,0,0.259403372,0,0.259403372,0,0.778210117,0.259403372,8.04150454,0,0.259403372,0,0,0,1.556420233,0.778210117,0,0,0,0,7.263294423,1.815823606,0,2.33463035,9.338521401,0.778210117,0,4.409857328,0.778210117,0.778210117,0,0.259403372,0,0,0,0,0,5.188067445,0,0.259403372,0,0,4.280155642,0,0.778210117,0,0,0,0,0,44.8767834,0,0,0.778210117,0,0,0,0,0,0,1.037613489,0.778210117,0,0.778210117,100
271,11015,NA,0,0,0.247524752,0.99009901,0,0.742574257,0,0,0.495049505,1.485148515,0,0.742574257,0,9.405940594,0,0.247524752,0,0,0,0,1.237623762,0.247524752,0,0.247524752,0,4.95049505,0.742574257,0,2.722772277,7.673267327,0.247524752,0.495049505,2.475247525,0.247524752,2.227722772,0,0,0.247524752,0.247524752,0,0,0,5.940594059,0,0.247524752,0.99009901,0,3.465346535,1.732673267,0,0,0,0,0,0,46.53465347,0,0.247524752,0.247524752,0,0,0,0,0,0.742574257,1.237623762,0.247524752,0,0,100
273,11173,NA,0,0,0,1.34589502,0,0.538358008,0,0,0.269179004,0,0,0,0,12.38223419,0,0,0,0.269179004,0,0.269179004,0.807537012,0,0,0,0,6.998654105,0.807537012,0,1.34589502,10.76716016,1.076716016,0.269179004,3.230148048,0,0.269179004,0,0,0.269179004,0.269179004,0,0,0,4.306864065,0,1.34589502,0.538358008,0,4.710632571,2.153432032,0,0,0,0,0,0,42.26110363,0,0.269179004,0,0,0,0,0,0,0.538358008,2.422611036,0.269179004,0,0,100
275,11314,NA,0,0,0,0.771208226,0,0.514138817,0,0.514138817,0.257069409,0.514138817,0,0.771208226,0,10.53984576,0,0,0.257069409,0,0,0.257069409,0.514138817,0,0,0,0,4.370179949,0.771208226,0.257069409,0.771208226,9.511568123,0,0.514138817,4.884318766,0,0.771208226,0,0.257069409,0,0,0,0,0,4.370179949,0,0.257069409,0.257069409,0,1.799485861,1.285347044,0,0,0,0,0,0,52.69922879,0,0,0.257069409,0,0,0,0,0.257069409,0.257069409,1.285347044,0,0,0.257069409,100
277,11455,NA,0,0,0,0.61633282,0,0,0,0.61633282,0,0.92449923,0,0,0,8.628659476,0.30816641,0,0,0,0,0.92449923,0.61633282,0,0,0,0,7.087827427,0,0.30816641,4.930662558,0.92449923,0.30816641,0.30816641,2.157164869,0,1.848998459,0,0,0.30816641,0,0,0,0,7.087827427,0,0,0.30816641,0,3.543913713,0.30816641,0.30816641,0,0,0,0,0,53.62095532,0,0,0.30816641,0,0,0,0,0,0,2.157164869,0.92449923,0,0.61633282,100
279,11611,NA,0,0,0.243902439,0,0.487804878,0.487804878,0,0,0,0.243902439,0,0.243902439,0,13.90243902,0,0.243902439,0,0,0,0.243902439,0.487804878,0,0,0,0,6.585365854,0.975609756,0,0.487804878,9.024390244,0.731707317,0,2.682926829,0.243902439,1.219512195,0,0,0.243902439,0,0,0,0,6.341463415,0,0.243902439,0.487804878,0,5.12195122,0.243902439,0.975609756,0,0.243902439,0,0,0,44.63414634,0,0,0,0,0,0,0,0.243902439,0,2.195121951,0.487804878,0,0,100
281,11759,NA,0,0,0.534045394,1.068090788,0.267022697,0.801068091,0,0,0,0,0,0.534045394,0,12.55006676,0,0.534045394,0.801068091,0,0,0.801068091,0,0,0,0,0,4.539385848,0,0,0.801068091,9.612817089,0.267022697,0,2.136181575,0.534045394,1.068090788,0,0,0,0,0,0,0,5.607476636,0,1.73564753,0.267022697,0,6.141522029,1.068090788,0.267022697,0,0,0,0,0,46.99599466,0,0,0,0,0,0,0,0,0,1.068090788,0,0,0,100
284,12014,NA,0,0,0.251572327,0.754716981,0,1.006289308,0,0.503144654,0.251572327,0.251572327,0,0.251572327,0,9.811320755,0,0,0,0,0,0.754716981,0.503144654,0,0,0,0,3.773584906,0.503144654,0,0.503144654,8.805031447,0.754716981,0,3.018867925,0,1.257861635,0,0,0.503144654,0.251572327,0,0,0,3.522012579,0,0.503144654,0,0,6.666666667,0.754716981,0.503144654,0,0,0,0,0,50.56603774,0,0.251572327,0,0,0,0,0,0,0.503144654,2.012578616,0.251572327,0,0.754716981,100
286,12157,NA,0,0,0.477897252,1.911589008,0.477897252,1.19474313,0,0,0.238948626,1.19474313,0,0,0,9.08004779,0,1.19474313,0.716845878,0,0,0.477897252,1.19474313,0,0,0.238948626,0.238948626,2.38948626,0.477897252,0,3.345280765,11.23058542,1.19474313,0.477897252,5.017921147,0,0.477897252,0,0,0.238948626,0,0,0,0,6.212664277,0,0.955794504,0.238948626,0,4.898446834,0.238948626,0.716845878,0,0,0,0,0,39.90442055,0,0,0.238948626,0,0,0,0,0,0.477897252,2.38948626,0.238948626,0,0,100
288,12308,NA,0,0,0.264200793,1.321003963,0,1.849405548,0,0,0.528401585,0.264200793,0,0.264200793,0,9.775429326,0.528401585,0.528401585,0.264200793,0,0,0.528401585,0.264200793,0,0,0.264200793,0,1.05680317,0.792602378,0,1.321003963,13.47424042,0.264200793,0,2.642007926,0,2.642007926,0,0,0.528401585,0,0,0,0,3.698811096,0,0.528401585,0,0,8.850726552,0.264200793,1.321003963,0,0,0,0,0,43.59313078,0,0.264200793,0.264200793,0,0.264200793,0,0,0,0.264200793,0.792602378,0.528401585,0,0,100
289,12380,NA,0,0,0.29154519,0,0,1.749271137,0,0,0.583090379,0.29154519,0,0,0,14.28571429,0.29154519,0.29154519,0.583090379,0,0,0,0,0,0.874635569,0,0,2.915451895,0.29154519,0,1.749271137,7.871720117,1.166180758,0,2.040816327,0.29154519,0.583090379,0,0.874635569,0.29154519,0.583090379,0,0,0,5.539358601,0,0.728862974,0,0,9.766763848,0.29154519,0,0,0.29154519,0,0,0,44.02332362,0,0.29154519,0.29154519,0,0,0,0,0,0,0.874635569,0,0,0,100
291,12521,NA,0,0,0,0.757575758,0,1.262626263,0,0.252525253,0,0,0,0,0,14.14141414,0,0,0,0,0,0.252525253,1.515151515,0.252525253,0,0,0,1.767676768,0,0,1.767676768,7.828282828,0.252525253,0.252525253,2.272727273,0,1.767676768,0,0,0.252525253,0.505050505,0,0,0,3.535353535,0,1.767676768,0,0,11.86868687,0.252525253,0.757575758,0,0,0,0,0,44.94949495,0,0.505050505,0.505050505,0,0,0,0,0,0,0.252525253,0.505050505,0,0,100
293,12673,NA,0,0,0.292825769,0.585651537,0,0.292825769,0,0,0.292825769,0.292825769,0,0.292825769,0,11.42020498,0.292825769,0,0,0,0,0,2.049780381,0,0.292825769,0,0.292825769,1.171303075,0.292825769,0,1.756954612,6.442166911,1.756954612,0,1.171303075,0,1.464128843,0,0,0.585651537,0,0.292825769,0,0,5.270863836,0,0.439238653,0,0,11.42020498,0.585651537,0.585651537,0,0.585651537,0,0,0,46.85212299,0,1.756954612,0.585651537,0,0,0,0,0,0,0.585651537,0,0,0,100
295,12836,NA,0,0,0.226500566,0.906002265,0.226500566,1.585503964,0,0.226500566,0.679501699,0.453001133,0,0,0,15.62853907,0,0.226500566,0,0,0,0.226500566,1.359003398,0,0,0,0,0.453001133,0,0,0,14.04303511,0.226500566,0.226500566,1.585503964,0,1.132502831,0,0,0.906002265,0,0,0.226500566,0,2.718006795,0,1.019252548,0,0,15.17553794,0.226500566,1.81200453,0,0.906002265,0,0,0,36.2400906,0,0.453001133,0.226500566,0,0,0,0,0,0,0.679501699,0,0,0,100
297,12974,NA,0,0,0.238379023,1.907032181,0,1.668653159,0,0.238379023,0.715137068,0.238379023,0,1.430274136,0,8.10488677,0,0,0,0,0,0.715137068,0.715137068,0.238379023,0,0,0,0.715137068,0.238379023,0,3.814064362,4.767580453,0.953516091,0,1.907032181,0,3.814064362,0,0,0.238379023,0.238379023,0,0,0,3.098927294,0.238379023,1.549463647,0,0,13.11084625,0.238379023,0.715137068,0,0,0,0,0,45.76877235,0,0.476758045,0.238379023,0,0,0,0,0,0.238379023,0.715137068,0.476758045,0.238379023,0,100
299,13130,NA,0,0,0,0.475059382,0.237529691,2.137767221,0,0.712589074,0.712589074,0.475059382,0,0.237529691,0,6.650831354,0,0.950118765,0.237529691,0,0,0.237529691,1.662707838,0,0,0,0,0.475059382,1.425178147,0,0.712589074,12.82660333,0.950118765,0,3.325415677,0.237529691,0.237529691,0,0,0.475059382,0,0,0,0,4.275534442,0,1.06888361,0,0,12.47030879,0.237529691,0.475059382,0,0.237529691,0,0,0,43.70546318,0,0,0.237529691,0,0,0,0,0,0,1.187648456,0.712589074,0,0,100
301,13272,NA,0,0,0,0,0.23364486,2.102803738,0,0,1.401869159,0.46728972,0,0,0,11.91588785,0,0.23364486,0.46728972,0,0,0.23364486,0.46728972,0.23364486,0,0,0,0,0.23364486,0,1.168224299,16.58878505,0.23364486,0.23364486,1.869158879,0,2.102803738,0,0,0.23364486,0,0,0.23364486,0,1.635514019,0,1.518691589,0.700934579,0,16.93925234,0.700934579,0.46728972,0,0.23364486,0,0,0,35.28037383,0,0.700934579,0.23364486,0,0,0,0,0,0,0.46728972,0.23364486,0,0.23364486,100
303,13415,NA,0,0,0,0.76433121,0,1.52866242,0,0.50955414,0.50955414,0.25477707,0,0.25477707,0,16.30573248,0,0,0,0,0,0.76433121,1.52866242,0,0,0,0,0.25477707,0,0,0.50955414,14.26751592,0.50955414,0.25477707,0.50955414,0,1.52866242,0,0,0.25477707,0,0,0,0,2.038216561,0,1.146496815,0.25477707,0,18.08917197,0.50955414,0.50955414,0.25477707,0.50955414,0,0,0,34.39490446,0,0,0.50955414,0,0,0,0,0.25477707,0.25477707,0.50955414,0,0,0.25477707,100
305,13552,NA,0,0,0.692840647,0.692840647,0,1.616628176,0,0.230946882,0.923787529,0.692840647,0,0.230946882,0,9.930715935,0,0.692840647,0,0,0,0.461893764,1.847575058,0,0,0.230946882,0,0,0.692840647,0,6.466512702,18.47575058,0,0.230946882,0.692840647,0,0.923787529,0,0,0.461893764,0,0,0,0,0.923787529,0,0.692840647,0.230946882,0,18.70669746,1.154734411,0.230946882,0,0.692840647,0,0,0,28.40646651,0,0.692840647,0.923787529,0,0,0,0,0,0.230946882,0.461893764,0.461893764,0,0,100
307,13695,NA,0,0,0,0.475624257,0.237812128,1.664684899,0,0.475624257,0.951248514,0.475624257,0,0,0,11.41498216,0.237812128,0,0,0,0,0.713436385,0.951248514,0.237812128,0,0,0,0.475624257,0.237812128,0,0.237812128,17.83590963,0.237812128,0.237812128,0.475624257,0,1.189060642,0,0,0,0,0,0.237812128,0,3.329369798,0,7.253269917,0.237812128,0,22.5921522,0.713436385,1.189060642,0,0.951248514,0,0,0,23.54340071,0,0,0,0,0,0,0,0,0,0.713436385,0.237812128,0,0.237812128,100
309,13834,NA,0.302114804,0,0.151057402,0.151057402,0,1.057401813,0,0,0.453172205,0.151057402,0,0.151057402,0,5.135951662,0,0,0,0,0,0.604229607,1.510574018,0,0,0,0,0.302114804,0.453172205,0,0.453172205,48.48942598,0,0,0.604229607,0,1.208459215,0,0,0,0,0,0,0,1.208459215,0,4.15407855,0.151057402,0.151057402,13.67069486,0.604229607,0.302114804,0,1.057401813,0,0,0,16.4652568,0,0.151057402,0.302114804,0,0,0,0,0,0,0.453172205,0.151057402,0,0,100
311,13982,NA,0.434782609,0,0.217391304,1.086956522,0,1.52173913,0.217391304,0.652173913,0.652173913,0.217391304,0,0,0,8.913043478,0.217391304,0,0,0,0,0,1.304347826,0,0,0,0,1.086956522,0.217391304,0,0.869565217,16.73913043,0,0,0.652173913,0,1.52173913,0,0.217391304,0,0,0,0,0,3.260869565,0,5.326086957,0.217391304,0,18.36956522,1.52173913,1.086956522,0,0.652173913,0,0,0,31.30434783,0,0.217391304,0.217391304,0,0,0,0,0,0,0.652173913,0,0,0.434782609,100
313,14140,NA,0,0,0.25477707,0.25477707,0,0,0,0.50955414,1.27388535,0.76433121,0,0,0,7.643312102,0,0,0,0,0,0.50955414,0.50955414,0,0,0,0,2.802547771,0.25477707,0,2.547770701,16.30573248,0,0,0.76433121,0,1.27388535,0,0,0,0,0,0,0,1.52866242,0,11.46496815,0.76433121,0,26.62420382,0.50955414,0.25477707,0,0,0,0,0,21.65605096,0,0,0.25477707,0,0,0,0,0,0,1.01910828,0,0,0.25477707,100
315,14289,NA,0.645855759,0,0,1.291711518,0.215285253,0.430570506,0,0,0.645855759,0.215285253,0,0,0,7.104413348,0,0.215285253,0.430570506,0,0,0.430570506,1.722282024,0.215285253,0,0,0,1.076426265,0.645855759,0,1.506996771,15.28525296,0,0,0.430570506,0,2.368137783,0,0.215285253,0,0,0,0,0,1.506996771,0,11.51776103,0.861141012,0,29.2787944,0.645855759,0.645855759,0,0.215285253,0,0,0,19.16038751,0,0,0.215285253,0,0,0,0,0,0,0.430570506,0.215285253,0,0.215285253,100
317,14438,NA,0,0,0,0,0,1.337792642,0,0.22296544,0.668896321,0.22296544,0,0,0,6.24303233,0,0,0.22296544,0,0,1.114827202,1.560758082,0,0,0,0,0.668896321,0.668896321,0,0.891861761,18.28316611,0,0.22296544,0.668896321,0,2.229654404,0,0,0.445930881,0.22296544,0,0,0,2.898550725,0,9.253065775,0.445930881,0,24.52619844,1.114827202,0.891861761,0,0,0,0,0,24.08026756,0,0,0.22296544,0,0,0,0,0,0,0.445930881,0,0,0.22296544,100
319,14591,NA,0,0,0.237812128,0.713436385,0,0.237812128,0,0,1.426872771,0.237812128,0,0,0,7.609988109,0,0.237812128,0,0,0,0.713436385,0.475624257,0,0,0,0,0,1.189060642,0,0.237812128,17.5980975,0,0,0.713436385,0,2.853745541,0,0,0.475624257,0,0,0,0,2.378121284,0,9.03686088,2.140309156,0,23.42449465,0.951248514,0.713436385,0,0.237812128,0,0,0,25.20808561,0,0,0,0,0,0,0,0,0,0.951248514,0,0,0,100
321,14750,NA,0,0,0,0.918484501,0.45924225,0.688863375,0.229621125,0.45924225,0.688863375,0.229621125,0,0,0,7.347876005,0,0,0,0,0,0,1.836969001,0.229621125,0.45924225,0.229621125,0,0.45924225,0.45924225,0,0.918484501,20.66590126,0,0.229621125,0.918484501,0,1.148105626,0,0,0,0,0,0,0,2.296211251,0,8.49598163,0.45924225,0,22.61768083,0.688863375,0.918484501,0,0,0,0,0,24.56946039,0,0,0.45924225,0,0,0,0,0,0,0.229621125,0.688863375,0,0,100
323,14928,NA,0,0,0,0,0,0.690448792,0,0.460299194,1.150747986,0.460299194,0,0,0,4.372842348,0,0.230149597,0,0,0,0,1.841196778,0,0,0,0,1.841196778,0.920598389,0,0.460299194,19.79286536,0,0.230149597,1.611047181,0,2.301495972,0,0.230149597,0.230149597,0,0,0,0,2.761795167,0,4.833141542,1.611047181,0,24.28078251,0.230149597,0.920598389,0,0,0,0,0,26.69735328,0,0,0,0,0,0,0,0,0,1.150747986,0.460299194,0,0.230149597,100
325,15103,NA,0.230946882,0,0,0.461893764,0,0.461893764,0,0,0.230946882,0,0,0,0,7.621247113,0,0,0,0,0,0.692840647,0.461893764,0,0.230946882,0,0,1.385681293,0.461893764,0,1.154734411,15.70438799,0,0,0.692840647,0,1.847575058,0,0,0.230946882,0.230946882,0,0,0,2.771362587,0,8.545034642,1.847575058,0,27.94457275,0.923787529,0.461893764,0,0.230946882,0,0,0,23.78752887,0,0,0,0,0,0,0,0,0,1.154734411,0.230946882,0,0,100
329,15409,NA,0,0,0,0.783289817,0.261096606,0.261096606,0,1.82767624,0,0.522193211,0,0,0,6.527415144,0.261096606,0,0,0,0,0.261096606,1.044386423,0,0,0,0,0.783289817,0,0.783289817,3.394255875,9.399477807,0.261096606,0.261096606,0.783289817,0,3.133159269,0,0,0.522193211,0,0,0,0,1.82767624,0,1.958224543,3.394255875,0,36.1618799,0.522193211,0.261096606,0,0,0,0,0,22.97650131,0.522193211,0.261096606,0,0,0,0,0,0.261096606,0,0.522193211,0.261096606,0,0,100
337,15986,NA,0,0,0.238379023,0,0.238379023,0.715137068,0,0.238379023,1.430274136,0,0,0,0,4.052443385,0,0,0,0,0,0,2.860548272,0,1.430274136,0,0,0,0.715137068,0,2.860548272,15.73301549,0,0,0.476758045,0,1.907032181,0,0,0.238379023,0,0,0,0,1.191895113,0,5.125148987,0.238379023,0,43.62336114,0.238379023,1.191895113,0,0.476758045,0,0,0,13.82598331,0,0,0.476758045,0,0.238379023,0,0,0,0,0,0.238379023,0,0,100
345,16602,NA,0,0,0.239808153,0.71942446,0,0,0,1.918465228,1.438848921,0.479616307,0,0,0,0.959232614,0,0,0,0,0,0,1.199040767,0,0.239808153,0,0,0,0,0,0.71942446,11.51079137,0,0,0.479616307,0,0.959232614,0,0,0.239808153,0,0,0,0,0.239808153,0,2.997601918,3.357314149,0,57.91366906,0,1.199040767,0,0.479616307,0,0,0,11.99040767,0.239808153,0,0.239808153,0,0,0,0,0,0,0,0.239808153,0,0,100
353,17159,NA,0,0,0.285714286,0.285714286,0,1.428571429,0,0.285714286,0.285714286,0.285714286,0,0,0,1.428571429,0,0,0,0,0,0,1.714285714,0,1.142857143,0,0,0,0,0.571428571,0.571428571,4.285714286,0,0,0.285714286,0,2.285714286,0,0,0,0,0,0,0,0.285714286,0,2.428571429,3.142857143,0.285714286,68.14285714,0,0.285714286,0,0.285714286,0,0,0,8.857142857,0,0,0.285714286,0,0.571428571,0,0,0,0,0,0.285714286,0,0,100
361,17660,NA,0,0,0,0.235294118,0.235294118,0.235294118,0.235294118,1.176470588,0.470588235,0.235294118,0.235294118,0.235294118,0,1.176470588,0,0,0,0,0,0,1.647058824,0,0.235294118,0,0,0,0,0,0.705882353,7.294117647,0,0,0,0,4.235294118,0,0,0,0,0,0,0,0.235294118,0,2.235294118,1.882352941,0,65.76470588,0,0.941176471,0,1.176470588,0,0,0,8.941176471,0,0,0.235294118,0,0,0,0,0,0,0,0,0,0,100
369,18200,NA,0,0,0,0.269179004,0,0,0,0.807537012,2.960969044,0.269179004,0,0,0,2.153432032,0,0,0,0,0.269179004,0,1.076716016,0,1.884253028,0,0,0,0,0.269179004,0.807537012,3.768506057,0.269179004,0,0,0,2.422611036,0,0,0.269179004,0,0,0,0,0,0,7.671601615,1.884253028,0,66.756393,0,1.076716016,0,0,0,0,0,4.306864065,0,0.269179004,0,0,0.269179004,0,0,0,0,0.269179004,0,0,0,100
377,18724,NA,0,0,0,0,0.262812089,1.839684625,0,1.051248357,2.102496715,0,0,0,0,0.525624179,0,0,0,0,0,0,1.576872536,0,0.262812089,0,0,0,0,0,2.890932983,9.986859396,0,0,0.262812089,0,2.102496715,0,0,0,0,0,0,0,0.262812089,0,4.336399474,1.051248357,0,59.39553219,0,2.628120894,0.262812089,1.051248357,0,0,0,6.570302234,0,0,0.262812089,0,0.525624179,0,0,0,0,0,0.788436268,0,0,100
386,19315,NA,0,0,0,0.547945205,0.547945205,2.191780822,0,1.917808219,0.821917808,0,0.273972603,0,0,1.369863014,0,0,0,0,0,0,0.547945205,0,0.547945205,0,0,0,0.547945205,0,0.547945205,4.383561644,0,0,0.273972603,0,1.369863014,0,0,0,0,0,0,0,0.273972603,0,2.739726027,2.465753425,0,68.21917808,0.273972603,1.095890411,0,0,0,0,0,8.493150685,0,0,0.273972603,0,0,0,0,0,0,0,0.273972603,0,0,100
397,19987,NA,0.161681487,0,0,0.161681487,0,0.64672595,0.161681487,1.2934519,0.161681487,0.161681487,0,0,0,0.161681487,0,0,0,0,0,0,0.161681487,0,0.161681487,0,0,0,0,0,0.323362975,44.78577203,0.161681487,0,0,0,1.616814875,0,0,0,0,0,0,0,0,0,1.131770412,1.455133387,0,43.57316087,0.161681487,0.161681487,0,0.64672595,0,0,0,1.778496362,0,0,0.323362975,0,0.485044462,0,0,0,0,0,0.161681487,0,0,100
405,20559,NA,0,0,0,0,0,0.285714286,0,0.285714286,0.857142857,0,0,0,0,0,0,0,0,0,0,0,0.285714286,0,0,0,0,0,0,0,0.571428571,4.285714286,0,0,0.285714286,0,2.285714286,0,0,0,0,0,0,0,0,0,3.857142857,1.428571429,0,83.28571429,0,0.285714286,0,1.142857143,0,0,0,0.571428571,0,0,0,0,0,0,0,0,0,0,0.285714286,0,0,100
413,21141,NA,0,0,0,0.220264317,0,0,0,0.220264317,0.220264317,0,0,0,0,0,0,0,0,0,0,0.220264317,0,0,0,0,0,0,0,0,0.220264317,29.5154185,0,0,0.440528634,0,0.440528634,0,0,0.220264317,0,0,0,0,0.440528634,0,1.651982379,0.220264317,0,62.2246696,0,0.220264317,0,0.660792952,0,0,0,2.202643172,0,0,0.220264317,0,0.220264317,0,0,0,0,0,0,0.220264317,0,100
421,21700,NA,0.089206066,0,0,0.356824264,0,0.713648528,0,0.535236396,0,0,0,0,0,0,0,0,0,0,0,0.178412132,0.178412132,0,0,0,0,0,0,0,0.178412132,40.14272971,0,0,0.535236396,0,0.535236396,0,0,0,0,0,0,0,0.178412132,0,1.33809099,0.535236396,0,52.00713649,0,0.535236396,0.535236396,0.535236396,0,0,0,0.178412132,0,0,0,0,0.713648528,0,0,0,0,0,0,0,0,100
429,22262,NA,0,0,0,0.432432432,0,0.648648649,0.216216216,0.216216216,1.513513514,0,0,0,0,0,0,0,0,0,0,0,0,0,0,0,0,0,0,0,0.216216216,30.48648649,0,0,0,0,1.081081081,0,0.216216216,0,0,0,0,0,0.216216216,0,1.081081081,0.864864865,0,61.51351351,0,0.216216216,0,0.432432432,0,0,0,0.648648649,0,0,0,0,0,0,0,0,0,0,0,0,0,100
437,22913,NA,0.120048019,0,0,0,0,0.480192077,0,0,0.480192077,0,0,0,0,0,0,0,0,0,0,0,0.240096038,0,0,0,0,0,0,0,0.240096038,26.65066026,0,0,0.240096038,0,0.240096038,0,0.240096038,0.240096038,0,0,0,0,0.480192077,0,1.920768307,0.720288115,0,66.02641056,0,0.240096038,0,0,0,0,0.240096038,0.960384154,0,0,0.240096038,0,0,0,0,0,0,0,0,0,0,100
445,23770,NA,0,0,0,0,0,0,0,0.200400802,0,0,0,0,0,0.200400802,0,0,0,0,0,0,0,0,0,0.200400802,0,0,0,0,0,38.27655311,0,0,0,0,0.400801603,0,0,0,0,0,0,0,0.200400802,0,2.50501002,0.801603206,0,55.81162325,0,0.400801603,0.200400802,0.200400802,0,0,0,0.200400802,0,0,0,0,0,0,0,0.200400802,0,0.200400802,0,0,0,100
453,24219,NA,0.376647834,0,0,0,0,0.251098556,0,0.125549278,0.125549278,0,0,0,0,0.125549278,0,0,0,0,0,0,0.251098556,0,0,0.125549278,0,0,0,0,0,58.38041431,0,0,0.251098556,0,0.62774639,0,0,0,0,0,0,0,0,0,1.067168864,1.255492781,0,36.40929065,0,0.251098556,0,0,0,0,0.125549278,0,0,0,0,0,0.125549278,0,0,0,0,0,0.125549278,0,0,100
461,24686,NA,0,0,0,0,0,0,0,0.079840319,0.159680639,0,0,0,0,0.079840319,0,0,0,0,0,0,0.159680639,0,0,0,0,0,0,0,0,74.17165669,0,0,0.239520958,0,0,0,0,0,0,0,0,0,0,0,0.439121756,0,0,24.35129741,0,0.079840319,0,0,0,0,0,0.159680639,0,0,0,0,0,0,0,0,0,0,0.079840319,0,0,100
469,25197,NA,0,0,0,0.314712825,0,0.629425649,0,0.629425649,0.629425649,0,0.157356412,0,0,0.157356412,0,0,0,0,0,0,0,0,0,0,0,0,0,0,0.314712825,47.04956727,0,0,0,0,4.720692368,0,0,0,0,0,0,0,0,0,3.225806452,0,0,39.81117231,0,0.472069237,0.157356412,0.314712825,0,0,0.314712825,0.472069237,0,0,0.157356412,0,0.472069237,0,0,0,0,0,0,0,0,100
477,25697,NA,0,0,0,0,0,0,0,0.185701021,0.742804085,0,0.185701021,0,0,0.185701021,0,0,0,0,0,0,0.185701021,0,0.185701021,0,0,0,0,0,0.557103064,32.31197772,0.185701021,0,0.185701021,0,1.299907149,0,0,0,0,0,0,0,0.185701021,0,0.928505107,0,0,60.81708449,0,0.557103064,0,0,0,0,0,1.114206128,0,0,0,0,0,0,0,0,0,0,0.185701021,0,0,100
486,26232,NA,0,0,0,0.208986416,0,0.417972832,0.208986416,1.044932079,0.626959248,0,0.208986416,0,0,0.417972832,0,0,0,0,0,0,0.208986416,0,0,0,0,0,0,0,0.208986416,25.28735632,0,0,0.417972832,0,1.671891327,0,0.208986416,0,0,0,0,0,0.417972832,0,1.462904911,0.208986416,0,63.42737722,0,0.208986416,0,0,0,0,0,2.925809822,0,0,0,0,0,0,0,0,0,0,0.208986416,0,0,100
497,26986,NA,0.24600246,0,0,0,0.24600246,0,0,0.24600246,0.49200492,0,0,0,0,0.98400984,0,0,0,0,0,0,1.2300123,0,0,0,0,0,0,0,0,15.9901599,0,0,0.24600246,0,0.98400984,0,0,0,0,0,0,0,0.24600246,0,3.19803198,1.47601476,0,70.23370234,0,0.98400984,0,0,0,0,0,3.19803198,0,0,0,0,0,0,0,0,0,0,0,0,0,100
505,27613,NA,0,0,0,0.404448938,0,0.606673407,0,0.606673407,0.404448938,0,0,0,0,0.404448938,0,0,0.202224469,0,0,0,0.202224469,0,0,0,0,0,0,0,0,27.09807887,0.202224469,0,0.606673407,0,1.415571284,0,0,0,0,0,0,0,0.202224469,0,1.516683519,0.606673407,0,62.08291203,0,0.404448938,0,0.202224469,0,0,0,2.42669363,0,0,0,0,0.202224469,0,0,0,0,0,0.202224469,0,0,100
514,28301,NA,0.399543379,0,0,0.114155251,0,0.228310502,0,0.114155251,0.456621005,0,0,0,0.114155251,0,0.114155251,0,0,0,0,0,0.228310502,0,0,0.114155251,0,0,0.114155251,0,0.114155251,62.44292237,0.228310502,0,0.342465753,0,0.684931507,0,0,0,0,0,0,0,0.114155251,0,1.084474886,0,0,31.73515982,0,0.114155251,0.114155251,0,0,0,0,1.02739726,0,0,0,0,0,0,0,0,0,0,0,0,0,100
522,28973,NA,0,0,0,0.235849057,0,0.235849057,0,0,0.471698113,0,0,0,0,0,0,0,0,0,0,0,0.471698113,0,0,0,0,0,0,0,0,20.75471698,0,0,0,0,1.650943396,0,0,0,0,0,0,0,0.235849057,0,1.886792453,0,0,69.33962264,0,1.179245283,0,0.471698113,0,0,0,2.830188679,0,0,0,0,0,0,0,0,0,0,0.235849057,0,0,100
530,29649,NA,0,0,0.223214286,0.223214286,0,0.446428571,0.223214286,0.669642857,0.223214286,0,0,0,0,0.223214286,0,0,0,0,0,0,0.669642857,0,0,0.223214286,0,0,0,0,0.223214286,26.11607143,0.223214286,0,0.446428571,0,1.116071429,0,0,0,0,0,0,0,0,0,1.227678571,0,0,62.16517857,0,0.669642857,0,0.892857143,0,0,0,3.125,0,0,0,0,0,0,0,0,0,0,0.669642857,0,0,100
539,30394,NA,0,0,0,1.075268817,0.537634409,1.344086022,0,1.612903226,1.344086022,0.268817204,0,0,0,0.806451613,0,0,0,0,0,0,2.150537634,0,0,0,0,0,0,0,0,3.76344086,0,0,0,0,6.720430108,0,0,0.268817204,0,0,0,0,0.537634409,0,0.537634409,0,0,70.69892473,0,1.344086022,0,0.537634409,0,0,0,6.182795699,0,0,0,0,0,0,0,0,0,0,0.268817204,0,0,100
