Depth,Age,spike.conc,Pinaceae,Abies.undiff.,Picea.undiff.,Picea.glauca,Picea.mariana,Pinus.undiff.,Pinus.strobus,Pinus.resinosa,Pinus.banksiana,Quercus.rubra,Quercus.undiff.,Fagaceae,Salix.undiff.,Ulmus.undiff.,Carya,Fraxinus.nigra,Fraxinus.pennsylvanica,Fraxinus.americana,Fraxinus,Ambrosia,Iva,Asteraceae,Corylus,Acer.undiff.,Acer.negundo,Acer.saccharum,Acer.rubrum,Acer.saccharinum,Poaceae,Rumex,Cornaceae,Juglans.cinerea,Alnus,Cyperus,Ostrya.Carpinus,Brassicaceae,Betulaceae,Betula,Juglans.undiff.,Rosaceae,Artemisia,Nyssa,Populus,Lamiaceae,Polygonaceae,Salicaceae,Galium,Cornus,Triglochin,Myriophyllum,Tilia,Brassica,Chenopodiaceae.sensu.stricto,Carex,Liquidambar,Morus,Nuphar,Stellaria,Myrica,Alismataceae,Plantaginaceae,Polygonum,Vitis,Sagittaria,Amorpha,Saxifragaceae,Oleaceae,Arceuthobium,Cyperaceae,Stachys,Sagittaria.1,Juniperus,Ranunculaceae,Typha,Celastraceae,Ephedra,Lamiaceae.1,Cannabaceae,Arctostaphylos,Platanus,Haloragaceae,Caryophyllaceae,Humulus,Cephalanthus,Castanea,Potentilla,Fagus,Salsola,Xanthium,Shepherdia,Larix,Myriophyllum.1,Tsuga,Dryas,Celtis,Triglochin.1,Alnus.cf..A..viridis.subsp..crispa,Sium,Agoseris,Alnus.incana,Shepherdia.undiff.,Juglans.nigra,Lamiaceae.2,Thuja,Nymphaea,Thalictrum,Sanguisorba,Elaeagnaceae,Eupatorium,Ranunculaceae.1,Potamogeton,Unknown,Indeterminable,X0,Sporormiella..DF.,Podospora..DF.,Sordaria..DF.,Apiosporaceae,Glomus,Diporotheca,Chaetomiaceae,Trichoglossum,Didorotheca,Gelasinospora,Melicla.ellisii,Geoglossum,Didymosphaeria.massarioides,Valsaria,Cercophora..DF.,X0.1,Osmunda,Lycopodium,Equisetum,Cystopteris,Dryopteris,Pteridium,Dennstaedtia,Adiantum,Sphagnum,Athyrium,Selaginella,Trees.and.Shrubs,Upland.Herbs,Aquatic.Vascular.Plants,Fungi..DF.,Pteridophytes,Aquatic.Bryophytes,Pollen.Sum,TreesandShrubs,Upland.Herbs.1,Aquatic.Vascular.Plants.1,Fungi,Pteridophytes.1,Aquatic.Bryophytes.1,Pollen.Sum.1,Fungi...Pollen.Sum,Aquatics...Pollen.Sum,Total.Picea,TotalPinus,TotalQuercus,TotalFraxinus,TotalAcer
903.5,8809,50000,0,0,0.867052023,0,0,0.867052023,0,0,0,2.312138728,49.42196532,0.578034682,5.49132948,11.2716763,8.092485549,0.867052023,0.578034682,0,0,1.445086705,0.867052023,1.734104046,0,0.578034682,1.156069364,0,0,0.578034682,0.867052023,2.601156069,0.289017341,0.289017341,0.578034682,0.289017341,1.156069364,1.156069364,0.867052023,0.578034682,0.578034682,0.867052023,0.289017341,0.578034682,0.289017341,0.289017341,0,0,0,0,0,0,0,0,0,0,0,0,0,0,0,0,0,0,0,0,0,0,0,0,0,0,0,0,0,0,0,0,0,0,0,0,0,0,0,0,0,0,0,0,0,0,0,0,0,0,0,0,0,0,0,0,0,0,0,0,0,0,0,0,0,0,0,0.289017341,1.734104046,0,0,0.289017341,0.289017341,0,0,0,0,0,0,0,0,0,0,0,0,0,0,0.289017341,0.578034682,0.867052023,0,0,0,0,0,0,0,87.86127168,10.40462428,0,0.578034682,1.734104046,0,100,87.86127168,10.40462428,0,0.578034682,1.734104046,0,100,100.5780347,100,0.867052023,0.867052023,51.73410405,1.445086705,2.312138728
911.5,8987,50000,0,0,1.173020528,0,0,1.46627566,0,0.293255132,0,0.293255132,52.78592375,0,5.571847507,6.158357771,9.677419355,1.173020528,1.173020528,0.293255132,0,2.052785924,1.173020528,1.46627566,0,1.759530792,0.293255132,0.293255132,0,0,0.586510264,2.346041056,0.293255132,0.879765396,0.293255132,0.293255132,0.586510264,1.759530792,0,0,0,0,0,0.879765396,0,0,0.586510264,0.293255132,0.586510264,0.586510264,0.293255132,0.293255132,0,0,0,0,0,0,0,0,0,0,0,0,0,0,0,0,0,0,0,0,0,0,0,0,0,0,0,0,0,0,0,0,0,0,0,0,0,0,0,0,0,0,0,0,0,0,0,0,0,0,0,0,0,0,0,0,0,0,0,0,0,0.293255132,2.346041056,0,0,0,0.586510264,0.293255132,0,0,0,0,0,0,0,0,0,0,0,0,0.293255132,0.879765396,1.46627566,0.293255132,0,0,0,0,0,0,0,86.2170088,10.85043988,0.586510264,0.586510264,2.93255132,0,100,86.2170088,10.85043988,0.586510264,0.586510264,2.93255132,0,100,100.5865103,100.5865103,1.46627566,1.759530792,53.07917889,2.639296188,2.346041056
919.5,9151,50000,0,0,1.400560224,0,0,1.960784314,0.280112045,0,0,1.400560224,51.54061625,0.280112045,3.081232493,7.00280112,10.92436975,0.840336134,1.680672269,0,0,2.801120448,0,2.240896359,2.521008403,1.680672269,0.840336134,0,0,1.120448179,0.56022409,1.120448179,0.280112045,0.840336134,0,0,0.280112045,1.680672269,0.56022409,0,0,0,0,0.280112045,0,0,0.280112045,0,0.280112045,0.280112045,0,0,0.280112045,0.280112045,0.280112045,0,0,0,0,0,0,0,0,0,0,0,0,0,0,0,0,0,0,0,0,0,0,0,0,0,0,0,0,0,0,0,0,0,0,0,0,0,0,0,0,0,0,0,0,0,0,0,0,0,0,0,0,0,0,0,0,0,0,0.280112045,0.840336134,0,0,0,0,0,0,0,0,0,0,0,0,0,0,0,0,0,0,0,0.56022409,0,0.280112045,0.280112045,0,0,0,0,0,89.3557423,9.523809524,0,0,1.120448179,0,100,89.3557423,9.523809524,0,0,1.120448179,0,100,100,100,1.960784314,2.240896359,52.94117647,2.521008403,3.641456583
927.5,9327,50000,0,0,1.97740113,0,0,2.259887006,0,0,0,4.237288136,49.43502825,0,0.282485876,6.214689266,5.93220339,1.694915254,0.564971751,0,0,1.97740113,0,2.542372881,1.97740113,1.97740113,0.282485876,0,0,0,1.412429379,1.694915254,0.564971751,0.564971751,0,0,0.282485876,1.97740113,0.847457627,0.847457627,0,0,0.282485876,0.282485876,0,0,0,0,0.282485876,0.847457627,0,0,1.412429379,0,0.282485876,0.282485876,0.282485876,0.282485876,0.564971751,0.282485876,0.282485876,0,0,0,0,0,0,0,0,0,0,0,0,0,0,0,0,0,0,0,0,0,0,0,0,0,0,0,0,0,0,0,0,0,0,0,0,0,0,0,0,0,0,0,0,0,0,0,0,0,0,0,0,0.847457627,0.847457627,0,0.282485876,0.282485876,0.564971751,0,0,0,0,0,0,0,0,0,0,0,0,0,0,0.564971751,3.95480226,0.847457627,0.282485876,0,0,0,0,0,0,83.33333333,11.01694915,0.564971751,1.129943503,5.649717514,0,100,83.33333333,11.01694915,0.564971751,1.129943503,5.649717514,0,100,101.1299435,100.5649718,2.259887006,2.259887006,53.67231638,2.259887006,2.259887006
935.5,9508,50000,0,0.274725275,0.824175824,0,0,3.296703297,0,0,0,2.747252747,51.0989011,0.549450549,5.494505495,8.241758242,8.791208791,1.648351648,1.373626374,0,0,3.296703297,0,1.373626374,0.274725275,1.373626374,0,0,0,0.274725275,0.824175824,1.098901099,0.274725275,0,0,0,0.549450549,0.549450549,1.648351648,0.274725275,0.274725275,0,0,0.274725275,0.274725275,0.274725275,0,0,0.274725275,0,0,0,0.549450549,0,0.274725275,0,0.274725275,0,0,0,0.274725275,0.274725275,0.274725275,0.549450549,0.274725275,0,0,0,0,0,0,0,0,0,0,0,0,0,0,0,0,0,0,0,0,0,0,0,0,0,0,0,0,0,0,0,0,0,0,0,0,0,0,0,0,0,0,0,0,0,0,0,0,0.549450549,2.197802198,0,0,0,0,0,0,0,0,0,0,0,0,0,0,0,0,0,0,0,0,0,0,0,0,0,0,0,0,91.20879121,8.791208791,0.274725275,0,0,0,100,91.20879121,8.791208791,0.274725275,0,0,0,100,100,100.2747253,3.296703297,3.296703297,53.84615385,3.021978022,1.648351648
943.5,9612,50000,0,0.579710145,1.739130435,0,0,2.608695652,0.579710145,0,0,3.768115942,50.72463768,0,1.449275362,6.956521739,5.217391304,1.15942029,0.289855072,0,0,3.188405797,0,0.869565217,2.31884058,1.15942029,0,0,0.289855072,0.289855072,0.869565217,0,1.739130435,0.289855072,0,0,1.449275362,0,2.31884058,0.579710145,0,0,0,0.579710145,0,0,1.449275362,0,0,0.579710145,0,0,0,0,0.289855072,0.289855072,0,0,0.289855072,0,0,0,0,0,0,0.289855072,0.289855072,0.289855072,1.449275362,0,0,0,0,0,0,0,0,0,0,0,0,0,0,0,0,0,0,0,0,0,0,0,0,0,0,0,0,0,0,0,0,0,0,0,0,0,0,0,0,0,0,0,0,0,2.31884058,0,0,0,0.289855072,0,0.869565217,0,0,0,0,0,0,0,0,0,0,0,0,0.289855072,3.188405797,0.869565217,0,0,0,0,0,0,0,88.11594203,7.536231884,0.579710145,0.289855072,4.347826087,0,100,88.11594203,7.536231884,0.579710145,0.289855072,4.347826087,0,100,100.2898551,100.5797101,2.608695652,3.188405797,54.49275362,1.449275362,1.739130435
951.5,9675,50000,0,0,3.076923077,0,0,2.307692308,0,0,0,1.282051282,43.33333333,0,3.333333333,5.128205128,5.384615385,0.769230769,0.512820513,0,0,3.846153846,0,1.794871795,2.307692308,1.282051282,8.461538462,0,0.256410256,0.256410256,0.769230769,0.256410256,1.794871795,1.282051282,0,0,0.512820513,0.769230769,1.282051282,0.256410256,0,0,0.256410256,0.256410256,0.256410256,0,0.769230769,0,0,0.512820513,0,0,0.769230769,0,0.769230769,0,0.256410256,0,0,0,0,0,0,0,0,0,0,0,0,0.256410256,1.025641026,0,0,0,0,0,0,0,0,0,0,0,0,0,0,0,0,0,0,0,0,0,0,0,0,0,0,0,0,0,0,0,0,0,0,0,0,0,0,0,0,0,0,0,1.282051282,0,0,1.282051282,1.538461538,0,1.025641026,0,0,0,0,0,0,0,0,0,0,0,0.256410256,1.538461538,0.769230769,1.794871795,0.256410256,0,0,0,0,0,0,85.12820513,10.25641026,0,2.820512821,4.615384615,0,100,85.12820513,10.25641026,0,2.820512821,4.615384615,0,100,102.8205128,100,2.307692308,2.307692308,44.61538462,1.282051282,10.25641026
959.5,9744,50000,0,0.564971751,0.282485876,0,0,5.367231638,0,0.564971751,0,1.129943503,58.1920904,0,2.824858757,5.649717514,6.214689266,3.107344633,0,0,0,3.107344633,0,0.847457627,0.847457627,0.847457627,0.564971751,0.282485876,0,0,2.259887006,0,1.412429379,0,0,0,1.129943503,0,0,0.282485876,0,0,0,0,0,0,0,0,0,0,0,0,0.564971751,0,0,0,0.564971751,0,0,0,0,0,0,0,0,0,0,0,0,0,0,0,0,0,0,0,0,0,0,0,0,0,0,0,0,0,0,0,0,0,0,0,0,0,0,0,0,0,0,0,0,0,0,0,0,0,0,0,0,0,0,0,0,0,1.412429379,0,0,0,0,0,0,0,0,0,0,0,0,0,0,0,0,0,1.129943503,1.129943503,0,0.564971751,0.564971751,0,0,0,0,0,0,90.39548023,6.214689266,0,0,3.389830508,0,100,90.39548023,6.214689266,0,0,3.389830508,0,100,100,100,5.367231638,5.93220339,59.3220339,3.107344633,1.694915254
967.5,9814,50000,0,1.126760563,1.971830986,0,0,2.816901408,0,0.281690141,0,1.690140845,50.14084507,0,3.098591549,6.478873239,5.352112676,1.408450704,0,0,0,4.507042254,0,0.845070423,3.098591549,2.253521127,0.281690141,0,0,0,1.971830986,0,1.690140845,0,0,0.281690141,1.408450704,0,0.281690141,0,0.845070423,0,0,0,0,0,0,0,0.281690141,1.126760563,0,0,0,0,0.281690141,0,0,0,0,0,0,0,0,0,0.281690141,0,0,0,0,0.281690141,0,0.563380282,0.281690141,0.563380282,0.281690141,0.281690141,0,0,0,0,0,0,0,0,0,0,0,0,0,0,0,0,0,0,0,0,0,0,0,0,0,0,0,0,0,0,0,0,0,0,0,0,0,0.281690141,0.845070423,0,0.845070423,1.126760563,3.098591549,0,0,0,0,0,0,0,0,0,0,0,0,0,0.281690141,0.845070423,1.126760563,1.408450704,0.281690141,0.563380282,0,0,0,0,0,86.47887324,9.014084507,0.563380282,5.070422535,4.507042254,0,100,86.47887324,9.014084507,0.563380282,5.070422535,4.507042254,0,100,105.0704225,100.5633803,2.816901408,3.098591549,51.83098592,1.408450704,2.535211268
975.5,9885,50000,0,0.584795322,4.093567251,0,0,0.877192982,0,0,0,2.923976608,45.90643275,0,1.169590643,7.894736842,3.216374269,4.970760234,0.292397661,0,0,5.555555556,0,2.339181287,0.877192982,3.801169591,0.584795322,0,0,0,0.292397661,0,0.584795322,0,0,0,1.754385965,0,0,1.754385965,0,0,0.584795322,0.292397661,1.461988304,0,0,0,0.292397661,1.169590643,0,0,0.877192982,0,1.169590643,0,0,0,0,0,0,0,0,0,0,0,0,0,0,0.292397661,1.169590643,0,0,0,0,0,0.292397661,0,0,0,0,0,0,0,0,0,0,0,0,0,0,0,0,0,0,0,0,0,0,0,0,0,0,0,0,0,0,0,0,0,0,0,0,0,1.461988304,0,0.292397661,0.877192982,0.292397661,0,0,0.292397661,0,0,0,0,0,0,0,0,0,0,0.292397661,0.292397661,1.169590643,1.169590643,0,0,0,0,0,0,0,85.67251462,11.40350877,0,1.461988304,2.923976608,0,100,85.67251462,11.40350877,0,1.461988304,2.923976608,0,100,101.4619883,100,0.877192982,0.877192982,48.83040936,5.263157895,4.385964912
982.5,9946,50000,0,0.606060606,4.545454545,0,0,3.636363636,0,0.909090909,0,2.424242424,54.84848485,0,1.818181818,8.787878788,2.424242424,1.818181818,0.606060606,0,0,2.727272727,2.121212121,1.818181818,0.303030303,3.03030303,0,0.606060606,0,0,2.121212121,0,0,0,0,0,0.909090909,0,0.606060606,0.606060606,0,0,0.606060606,0.303030303,0,0,0,0,0,0,0.303030303,0,0.303030303,0,0,0,0.303030303,0,0.303030303,0,0,0,0,0,0,0,0,0,0,0,0,0,0,0,0,0.303030303,0,0,0,0,0,0,0,0,0,0,0,0,0,0,0,0,0,0,0,0,0,0,0,0,0,0,0,0,0,0,0,0,0.303030303,0,0,0,0,0.606060606,3.939393939,0,0,0.303030303,0,0,0,0,0,0,0,0,0,0,0,0.303030303,0,0,0,0,0.303030303,0,0.303030303,0,0.303030303,0,0,0,0,89.39393939,9.696969697,0.909090909,0.303030303,0.909090909,0,100,89.39393939,9.696969697,0.909090909,0.303030303,0.909090909,0,100,100.3030303,100.9090909,3.636363636,4.545454545,57.27272727,2.424242424,3.636363636
991.5,10020,50000,0,0.268096515,6.970509383,0,0,0.268096515,0,0,0,5.63002681,43.16353887,0.268096515,1.876675603,5.361930295,8.310991957,5.09383378,0.268096515,0,0,1.340482574,0,1.340482574,1.876675603,2.412868633,0.536193029,0,0.536193029,0,1.608579088,0,1.072386059,0,0.268096515,0,2.412868633,0,1.876675603,0,0.804289544,0,0,0.268096515,0.804289544,0,0,0,0,0.536193029,0,0,1.072386059,0,0,0,0.268096515,0,0,0,0,0,0,0,0,0,0,0,0,0,0,0,0,0,0,0,0,0.536193029,1.072386059,0,0,0,0,0,0,0,0,0,0,0,0,0,0,0,0,0,0,0,0,0,0,0,0,0,0,0,0,0,0,0,0,0,0,0.804289544,2.144772118,0,0.268096515,1.340482574,0.804289544,0,0,0,0,0,0,0,0,0,0,0,0,0,0,0.268096515,0,1.072386059,0.268096515,0.268096515,0,0,0,0,0,92.7613941,5.361930295,0,2.412868633,1.876675603,0,100,92.7613941,5.361930295,0,2.412868633,1.876675603,0,100,102.4128686,100,0.268096515,0.268096515,48.79356568,5.361930295,3.485254692
999.5,10081,50000,0,0.273224044,3.278688525,0,0,3.551912568,0,0,0,2.18579235,56.28415301,0,3.005464481,5.737704918,4.918032787,1.639344262,0.819672131,0,0,0.546448087,0,0.546448087,1.092896175,2.459016393,0.819672131,0,0,0.273224044,0.819672131,0.273224044,0,0,0.273224044,0.546448087,1.366120219,0,1.366120219,0.273224044,0.273224044,0,0,0,1.366120219,0,0.273224044,0,0.273224044,0.273224044,0,0,0,0,0,0.273224044,0.546448087,0,0,0,0,0,0,0.273224044,0.273224044,0,0,0,0,0.273224044,0,0,0,0,0,0,0,0,0,0.273224044,0.273224044,0,0,0,0,0,0,0,0,0,0,0,0,0,0,0,0,0,0,0,0,0,0,0,0,0,0,0,0,0,0,0,0,0.546448087,1.092896175,0,0.546448087,1.092896175,0,0,0,0,0,0,0,0,0,0,0,0,0,0,0.546448087,0.273224044,1.366120219,0,0.819672131,0,0,0,0,0,0,93.16939891,3.825136612,0,1.639344262,3.005464481,0,100,93.16939891,3.825136612,0,1.639344262,3.005464481,0,100,101.6393443,100,3.551912568,3.551912568,58.46994536,2.459016393,3.551912568
1007.5,10144,50000,0,0,1.457725948,0,0,1.166180758,0,0,0,2.332361516,56.55976676,0,3.498542274,8.746355685,7.580174927,2.040816327,0.874635569,0.29154519,0,0.874635569,0,1.749271137,0.583090379,1.749271137,0.29154519,0.29154519,0,0.583090379,0.29154519,0,1.166180758,0,0.29154519,0,2.040816327,0,0,0,0.583090379,0,0.29154519,0.29154519,0.29154519,0,0,0,0,1.166180758,0,0,0,0,0,0.29154519,0,0,0,0,0,0,0,0,0,0,0,0,0,0.29154519,0.874635569,0.29154519,0,0,0,0,0,0,0,0,0,0,0,0,0,0,0,0,0,0,0,0,0,0,0,0,0,0,0,0,0,0,0,0,0,0,0,0,0,0,0,0,0,0,1.166180758,0,0.583090379,0.583090379,0.874635569,0,0,0,0,0,0,0,0,0,0,0,0,0,0,0,0,0,1.166180758,0,0,0,0,0,0,94.16909621,4.664723032,0,2.040816327,1.166180758,0,100,94.16909621,4.664723032,0,2.040816327,1.166180758,0,100,102.0408163,100,1.166180758,1.166180758,58.89212828,3.206997085,2.915451895
1015.5,10204,50000,0,0.837988827,3.631284916,0,0,2.234636872,0.279329609,0,0,2.793296089,49.16201117,0,3.351955307,7.262569832,8.100558659,4.189944134,0.837988827,0,0,3.351955307,0.279329609,0.837988827,2.234636872,0.558659218,0.558659218,0,0,0.558659218,1.955307263,0,0,0,0.558659218,0,2.793296089,0,0,0.279329609,0.558659218,0,0.558659218,0,0,0,0,0,0.279329609,0.558659218,0,0,0,0,0,0,0,0,0,0,0,0,0.558659218,0,0,0,0,0,0,0,0,0,0,0,0,0,0,0,0,0,0,0.558659218,0.558659218,0,0,0,0,0,0,0,0,0,0,0,0,0,0,0,0,0,0,0,0,0,0,0,0,0,0,0,0,0,0,0.279329609,1.117318436,0,0.837988827,0,0.279329609,0,0,0,0,0,0,0,0,0,0,0,0,0,0,0.279329609,0,0,0,0,0,0,0,0,0,91.89944134,7.82122905,0.558659218,1.117318436,0.279329609,0,100,91.89944134,7.82122905,0.558659218,1.117318436,0.279329609,0,100,101.1173184,100.5586592,2.234636872,2.51396648,51.95530726,5.027932961,1.675977654
1023.5,10264,50000,0,1.319261214,1.319261214,0,0,2.638522427,0,0,0,3.430079156,48.54881266,0,2.638522427,8.707124011,5.540897098,2.90237467,1.055408971,0,0,2.374670185,0,0,0.791556728,1.319261214,0.527704485,0.263852243,0,0,0.527704485,0,0,0,0.263852243,0,5.540897098,0,0,1.583113456,0,0,0,0.527704485,0,0,0,0,0,3.166226913,0,0,0.791556728,0,0,0,0.263852243,0,0,0,0,0,0,0.791556728,0.527704485,0,0,0,0,0,0,0.263852243,0,0,0,0.263852243,0,0,0,0,0,0,0.263852243,0,0,0,0,0,0,0,0,0,0,0,0,0,0,0,0,0,0,0,0,0,0,0,0,0,0,0,0,0,0,0.263852243,1.319261214,0,1.055408971,0,0,0,0,0,0.263852243,0,0,0,0,0,0,0,0,0,0,0.263852243,1.319261214,0,0.791556728,0,0,0,0,0,0,93.66754617,3.957783641,0.527704485,1.055408971,2.374670185,0,100,93.66754617,3.957783641,0.527704485,1.055408971,2.374670185,0,100,101.055409,100.5277045,2.638522427,2.638522427,51.97889182,3.957783641,2.110817942
1031.5,10324,50000,0,0.250626566,1.754385965,0,0,0.751879699,0,0,0,3.759398496,52.13032581,0,5.263157895,6.26566416,7.01754386,3.258145363,0.501253133,0,0,3.759398496,0,2.255639098,1.503759398,1.754385965,0.501253133,0,0,0.250626566,0,0,0,0,0.751879699,0,1.002506266,0,0.501253133,0.250626566,1.253132832,0,0.250626566,0.751879699,0,0,0,0,0,1.253132832,0,0,0.751879699,0,0.250626566,0,0.250626566,0,0,0,0,0,0.250626566,0,0.250626566,0,0,0,0,0,0,0,0,0,0,0,0,0,0,0,0,0,0,0,0.250626566,0.250626566,0,0,0,0,0,0,0,0,0,0,0,0,0,0,0,0,0,0,0,0,0,0,0,0,0,0,0,0.501253133,1.253132832,0,1.253132832,1.002506266,1.002506266,0,0,0,0,0,0,0,0,0,0,0,0,0,0,0.501253133,0,0,0,0.250626566,0,0,0,0,0,92.23057644,7.01754386,0,3.258145363,0.751879699,0,100,92.23057644,7.01754386,0,3.258145363,0.751879699,0,100,103.2581454,100,0.751879699,0.751879699,55.88972431,3.759398496,2.506265664
1039.5,10400,50000,0,0,2.610966057,0,0,1.044386423,0,0,0,1.305483029,51.43603133,0,6.266318538,8.355091384,6.005221932,1.566579634,0.261096606,0.261096606,0,3.916449086,0,0.522193211,2.872062663,1.82767624,1.044386423,0.522193211,0,0.261096606,1.82767624,0,0,0,0,0,2.610966057,0,0,0.261096606,0.261096606,0,0,0.783289817,0,0,0,0,0.522193211,0.522193211,0,0,0.783289817,0,0,0,0,0,0,0,0,0,0,0,0,0,0,0,0,0.261096606,0,0,0,0,0.261096606,0,0,0,0,0,0,0,0,0,0,0,0.261096606,0.261096606,0.261096606,0,0,0,0,0,0,0,0,0,0,0,0,0,0,0,0,0,0,0,0,0,0,0,0,0.261096606,0.783289817,0,0.783289817,0,0,0,0,0,0,0,0,0,0,0,0,0,0,0,0,0,1.044386423,0,0,0,0,0,0,0,0,91.64490862,7.310704961,0,0.783289817,1.044386423,0,100,91.64490862,7.310704961,0,0.783289817,1.044386423,0,100,100.7832898,100,1.044386423,1.044386423,52.74151436,2.088772846,3.65535248
1047.5,10475,50000,0,0,0.94637224,0,0,1.892744479,0,0,0.315457413,2.208201893,54.25867508,0,4.100946372,7.255520505,6.309148265,1.261829653,0.630914826,0,0,5.047318612,1.577287066,1.261829653,1.577287066,1.261829653,0.630914826,1.577287066,0,0,2.523659306,0,0,0,0,0,1.577287066,0,0,0.630914826,0.630914826,0,0.315457413,0.630914826,0.315457413,0,0,0,0,0.315457413,0,0,0,0,0,0,0,0,0.315457413,0,0,0,0,0,0,0,0,0,0,0,0,0,0,0,0,0,0,0,0,0,0,0,0,0,0,0.315457413,0,0,0,0,0,0,0,0,0,0,0,0,0,0,0,0,0,0,0,0,0,0,0,0,0,0,0,0.630914826,2.523659306,0,0,0.315457413,0.630914826,0,0,0,0,0,0,0,0,0,0,0,0,0,0,0,0,0,0.630914826,0,0,0,0,0,0,88.64353312,10.72555205,0.315457413,0.94637224,0.630914826,0,100,88.64353312,10.72555205,0.315457413,0.94637224,0.630914826,0,100,100.9463722,100.3154574,1.892744479,2.208201893,56.46687697,1.892744479,3.470031546
1055.5,10557,50000,0,1.282051282,1.282051282,0,0,4.102564103,0.256410256,0,0,2.564102564,48.97435897,0,9.743589744,8.461538462,4.615384615,2.564102564,1.538461538,0.256410256,0,2.051282051,0,0.769230769,1.794871795,0.769230769,1.025641026,0,0,0,0.769230769,0,0,0,0.512820513,0,0.512820513,0,0,0,0.256410256,0,0,0.512820513,0,0,0,0,0.512820513,1.282051282,0,0,0,0,0,0,0.256410256,0,0,0,0,0,0,0,0,0,0,0,0,0,0,0.256410256,0,0,0,0,0,0,0,0,0,0,0,0,0,0,0,0,0.256410256,0,0,0,0,0,0,0,0,0,0,0,0,0,0,0,0,0,0,0,0,0,0,0,0,0.256410256,0.769230769,0,0.512820513,1.282051282,0,0,0,0,0,0,0,0,0,0,0,0,0,0,0.256410256,0,2.564102564,0,0,0,0,0,0,0,0,92.82051282,4.358974359,0,1.794871795,2.820512821,0,100,92.82051282,4.358974359,0,1.794871795,2.820512821,0,100,101.7948718,100,4.102564103,4.358974359,51.53846154,4.358974359,1.794871795
1063.5,10638,50000,0,0.775193798,1.291989664,0,0,3.875968992,0,0,0,7.493540052,49.35400517,0,6.201550388,7.235142119,2.067183463,2.842377261,0.516795866,0.258397933,0,4.134366925,0,0.516795866,1.291989664,0.516795866,1.550387597,0,0,0,1.033591731,0,0,0,0,0.258397933,2.325581395,0,0,0.258397933,0,0,0,0.775193798,0,0,0,0,0,1.80878553,0,0,0,0,0,0,0,0,0,0,0,0,0,0,0,0,0,0,0,0,0,0.516795866,0,0,0,0,0,0,0,0,0,0,0,0,0,0,0,0,0,0.516795866,0,0,0,0,0,0,0,0,0,0,0,0,0,0,0,0,0,0,0,0,0,0,0,0.258397933,0.775193798,0,0,0.516795866,0,0,0,0,0,0,0,0,0,0,0,0,0,0,0.258397933,0.775193798,1.550387597,0,0,0,0,0,0,0,0,90.43927649,6.976744186,0,0.516795866,2.583979328,0,100,90.43927649,6.976744186,0,0.516795866,2.583979328,0,100,100.5167959,100,3.875968992,3.875968992,56.84754522,3.617571059,2.067183463
1071.5,10715,50000,0,0.867052023,3.757225434,0,0,3.757225434,0,0,0,10.40462428,33.52601156,0,6.358381503,6.358381503,3.468208092,1.156069364,0.578034682,0.867052023,0,2.601156069,0,1.734104046,1.445086705,2.601156069,1.445086705,0,0.289017341,0,3.757225434,0,0,0,0.578034682,0.578034682,3.468208092,0,0,0.578034682,0.289017341,0,0,1.156069364,0.578034682,0,0,0,0,2.89017341,0,0,0,0,0.578034682,0.289017341,0,0,0,0,0,0,0,0,0,0,0,0,0,0,0,0,0,0,0,0,0,0,0,0,0,0,0,0,0,0,0,0,0,0,0.289017341,0.289017341,0.867052023,0,0,0,0,0,0,0,0,0,0,0,0,0,0,0,0,0,0,0,0,0,0.289017341,0,0.578034682,0.867052023,0.867052023,0,0,0,0,0,0,0,0,0,0,0,0,0,0.289017341,1.156069364,1.156069364,0,0,0,0,0,0,0,0,87.57225434,9.826589595,0,2.312138728,2.601156069,0,100,87.57225434,9.826589595,0,2.312138728,2.601156069,0,100,102.3121387,100,3.757225434,3.757225434,43.93063584,2.601156069,4.335260116
1079.5,10795,50000,0,0.56980057,5.128205128,0,0,2.279202279,0,0,0.284900285,1.994301994,47.86324786,0,4.843304843,6.552706553,9.116809117,1.709401709,1.13960114,0,0,2.564102564,0.854700855,0,1.994301994,1.13960114,0.854700855,0.284900285,0,0,3.703703704,0,0,0,0,0,1.994301994,0,0.284900285,0.284900285,0.56980057,0,0.854700855,0.284900285,0,0,0,0,0,0,0,0,0,0,0,0.56980057,0,0,0,0.284900285,0,0,0,0,0,0,0,0,0,0,0,0,0,0,0,0,0,0,0,0,0,0,0,0,0,0,0,0,0.284900285,0,0,0,0.284900285,0,0,0,0,0,0,0,0,0,0,0,0,0,0,0,0,0,0,0,0,0.284900285,2.279202279,0,0,0,0.854700855,0,0,0,0,0,0,0,0,0,0,0,1.13960114,0,0,0.56980057,0,0,0.284900285,0,0.56980057,0,0,0,0,89.74358974,8.831908832,0,1.994301994,1.424501425,0,100,89.74358974,8.831908832,0,1.994301994,1.424501425,0,100,101.994302,100,2.279202279,2.564102564,49.85754986,2.849002849,2.279202279
1087.5,10873,50000,0,0.840336134,7.282913165,0,0,3.641456583,0,0,0,7.843137255,43.97759104,0,4.761904762,5.602240896,1.400560224,4.481792717,0.840336134,0,0,2.240896359,0,1.120448179,0.840336134,2.801120448,0.56022409,0.280112045,0,0,4.761904762,0,0,0,0,0,1.120448179,0,0,0.56022409,0.56022409,0,0,0.56022409,0,0,0,0,0.280112045,1.120448179,0,0,0,0,0,0,0,0,0,0,0,0,0,0,0,0,0,0,0,0,0,0.840336134,0,0,0,0,0,0,0,0,0,0,0,0,0,0,0,0,0.280112045,0,0,0,0,0,0,0,0,0,0,0,0,0,0,0,0,0,0,0,0,0,0,0,0,0.56022409,1.400560224,0,0,0.840336134,0.840336134,0,0,0,0,0,0,0,0,0,0,0,0,0,0,0,0.840336134,0,0.280112045,0,0.280112045,0,0,0,0,89.3557423,9.243697479,0,1.680672269,1.400560224,0,100,89.3557423,9.243697479,0,1.680672269,1.400560224,0,100,101.6806723,100,3.641456583,3.641456583,51.82072829,5.322128852,3.641456583
1095.5,10950,50000,0,0.261096606,3.133159269,0,0,0.783289817,0.261096606,0.261096606,0,6.527415144,49.34725849,0,5.744125326,6.266318538,0.261096606,2.349869452,0.261096606,0.261096606,0,1.82767624,0.261096606,1.305483029,1.82767624,2.610966057,1.305483029,0,0,0,4.699738903,0,0,0,0,0,3.133159269,0,0,0.261096606,0.261096606,0,0.261096606,1.044386423,0.261096606,0,0,0,0,1.566579634,0,0,0.261096606,0,0.261096606,0.261096606,0,0,0,0,0,0,0,0,0,0,0,0,0,0,0,0.783289817,0,0,0,0,0,0,0,0,0,0,0,0,0,0,0,0,0.783289817,0,0,0,0,0.261096606,0.522193211,0,0,0,0,0,0,0,0,0,0,0,0,0,0,0,0,0,0,1.044386423,1.82767624,0,0.522193211,1.044386423,0.522193211,0,0,0,0,0,0,0,0,0,0,0,0,0,0,0,0.783289817,0,0,0,0,0,0,0,0,89.55613577,9.660574413,0.261096606,2.088772846,0.783289817,0,100,89.55613577,9.660574413,0.261096606,2.088772846,0.783289817,0,100,102.0887728,100.2610966,0.783289817,1.305483029,55.87467363,2.872062663,3.916449086
1099.5,10987,50000,0,0.31152648,4.049844237,0,0,4.672897196,0,0.62305296,0,2.803738318,55.14018692,0,2.180685358,7.788161994,5.607476636,1.557632399,0.62305296,0,0,1.557632399,0,0.31152648,1.557632399,0.31152648,0,0,0,0,1.246105919,0,0,0,0,0,2.492211838,0,0.934579439,0.31152648,0,0,0.62305296,1.246105919,0,0,0,0,0,0.31152648,0,0,0.62305296,0,0.31152648,0,0,0,0,0,0,0,0,0,0,0,0,0,0,0,0,0,0,0,0,0.62305296,0,0,0,0,0,0,0,0,0,0,0,0,0,0,0,0,0,0,0,0,0.31152648,0,0,0.31152648,0,0,0,0,0,0,0,0,0,0,0,0,0.31152648,0,0,0,0,0.934579439,0.62305296,0,0,0,0.62305296,0,0,0,0,0,0,0,0.62305296,0,0,0.934579439,0,0.62305296,0.31152648,0.31152648,0,0,0,0,0,93.45794393,4.361370717,0.934579439,2.180685358,2.180685358,0,100,93.45794393,4.361370717,0.934579439,2.180685358,2.180685358,0,100,102.1806854,100.9345794,4.672897196,5.295950156,57.94392523,2.180685358,0.31152648
1103.5,11031,50000,0,0.615384615,3.384615385,0,0,4.923076923,0,0.307692308,0,4.615384615,52.30769231,0,1.230769231,5.846153846,8.307692308,1.230769231,0.307692308,0,0,0.615384615,0.923076923,0.923076923,0.615384615,1.230769231,0,1.230769231,0,0.307692308,2.153846154,0,0,0.615384615,0,0,2.461538462,0.615384615,1.230769231,0.307692308,0,0,0,0,0,0,0,0,0.307692308,0.615384615,0,0,0,0,0.307692308,0,0,0,0,0,0,0,0,0,0,0,0,0,0,0,0,0,0,0,0,0.307692308,0,0,0,0,0,0,0,0,0.307692308,0,0,0,0,0,0,0,0,0,0.615384615,0,0,0.307692308,0,0,0,0,0,0,0,0,0,0,0,0,0,0,0,0.307692308,2.461538462,0,0.307692308,0.307692308,0.615384615,0,0,0,0.307692308,0,0,0,0,0,0,0,0,0,0,0.615384615,0,0,0.923076923,0,0,0,0,0,0,92.30769231,6.153846154,0.615384615,1.230769231,1.538461538,0,100,92.30769231,6.153846154,0.615384615,1.230769231,1.538461538,0,100,101.2307692,100.6153846,4.923076923,5.230769231,56.92307692,1.538461538,2.769230769
1108.5,11099,50000,0,0.289017341,1.734104046,0,0,4.624277457,0,0.289017341,0,3.468208092,48.26589595,0,1.734104046,8.959537572,8.670520231,0.289017341,0.289017341,0,0,0.578034682,0.867052023,1.156069364,0.867052023,1.734104046,0.578034682,1.734104046,0,0.578034682,2.312138728,0,0,0.578034682,0,0,2.312138728,0.289017341,0.578034682,1.156069364,0,0,0,1.156069364,0.578034682,0,0,0,0.578034682,0.578034682,0,0,0.578034682,0,0.289017341,0,0,0,0,0,0,0,0,0,0,0,0,0,0.289017341,0,0,0,0,0,0,0,0,0,0,0,0,0,0,0,0,0,0,0,0,0,0,0,0,0,1.156069364,0,0,0,0,0,0,0,0,0.289017341,0,0,0,0,0,0,0,0,0,0.289017341,2.312138728,0,0,0,0.289017341,0,0,0,0.289017341,0,0,0,0,0,0,0,0,0,0,0,0,0,0.289017341,0,0,0,0,0.289017341,0,93.35260116,6.069364162,0,0.289017341,0.578034682,0,100,93.35260116,6.069364162,0,0.289017341,0.578034682,0,100,100.2890173,100,4.624277457,4.913294798,51.73410405,0.578034682,4.624277457
1124.5,11430,50000,0,0,2.025316456,0,0,39.74683544,0.253164557,5.316455696,0,1.265822785,17.21518987,0,1.518987342,9.113924051,2.53164557,3.544303797,0.506329114,0.253164557,0,0.253164557,0.253164557,0.253164557,1.012658228,0.759493671,0.506329114,0.759493671,0.253164557,0,0.253164557,0,0,1.518987342,0,0,4.303797468,0,2.278481013,0,0,0,0,0,0,0,0,0,0,0.253164557,0,0,0.253164557,0,0,0.253164557,0,0,0,0,0,0,0,0,0,0,0,0,0,0,0,0,0,0,0,0.253164557,0,0,0,0,0,0,0,0,0,0,0,0,0,0,0,0,0.253164557,0,1.012658228,0.253164557,0.253164557,0,0,0,0,0.506329114,0,0,0,0.253164557,0,0,0,0,0,0,0,0.253164557,2.278481013,0,0,0,0.253164557,0,0,0,0,0,0,0,0,0,0,0,0,0,0,0.506329114,0,0,0.506329114,0,0,0,0,0,0,97.46835443,1.518987342,0.253164557,0.253164557,1.012658228,0,100,97.46835443,1.518987342,0.253164557,0.253164557,1.012658228,0,100,100.2531646,100.2531646,39.74683544,45.3164557,18.48101266,4.303797468,2.278481013
1127.5,11519,50000,0,0.257069409,6.16966581,0,0,34.96143959,0,4.370179949,0.257069409,1.028277635,21.59383033,0,1.799485861,6.683804627,2.05655527,1.542416452,0,0,0,0.257069409,1.028277635,1.028277635,1.285347044,1.028277635,1.028277635,0.257069409,0,0,0.771208226,0,0,0.771208226,0,0,4.11311054,0,1.799485861,1.028277635,0,0,0,1.542416452,0.257069409,0,0,0,0,0.257069409,0,0,0,0,0,0.257069409,0.257069409,0,0,0,0,0,0,0,0,0,0,0,0,0,0,0,0,0,0,0,0,0,0,0,0,0,0,0,0,0,0,0,0,0,0,0,0,0,0.771208226,0.514138817,0,0,0,0,0,0.257069409,0,0,0,0,0,0,0,0,0,0,0,0,1.799485861,0,0,0.257069409,0.514138817,0,0,0,0,0,0,0,0,0,0,0,0.257069409,0,0,0.514138817,0,0,0.257069409,0,0,0,0,0,0,95.37275064,3.856041131,0,1.028277635,0.771208226,0,100,95.37275064,3.856041131,0,1.028277635,0.771208226,0,100,101.0282776,100,34.96143959,39.58868895,22.62210797,1.542416452,2.313624679
1131.5,11667,50000,0,0,2.285714286,0,0,52.28571429,0.285714286,12.85714286,0,0,12,0,2,5.714285714,1.714285714,0.285714286,0,0,0,0.285714286,0,0,1.428571429,0.285714286,0,0,0,0,0.285714286,0,0,0.285714286,0,0,4,0,0.285714286,0.571428571,0,0,0,0,0,0,0,0,0,0.285714286,0,0,0,0,0,0,0,0,0.285714286,0,0,0,0,0,0,0,0,0,0,0,0,0,0,0,0,0.285714286,0,0,0,0,0,0,0,0,0,0,0,0,0.285714286,0,0,0,0,0,1.428571429,0,0,0,0,0,0,0.571428571,0,0,0,0,0,0,0,0,0,0,0,0,1.714285714,0,0,0,0,0,0,0,0,0,0,0,0,0,0,0,0,0,0,0,0,0.285714286,0.285714286,0,0,0,0,0,0,98.85714286,0.571428571,0.571428571,0,0.571428571,0,100,98.85714286,0.571428571,0.571428571,0,0.571428571,0,100,100,100.5714286,52.28571429,65.42857143,12,0.285714286,0.285714286
1135.5,11814,50000,0,0,5.867346939,0,0,51.02040816,0,4.591836735,0.765306122,1.020408163,16.32653061,0,1.275510204,5.612244898,1.530612245,2.295918367,0.255102041,0,0,0,0,0,0,0,0,0.255102041,0,0,0.765306122,0,0,0.255102041,0,0,1.530612245,0,0,0.510204082,0,0,0,0.510204082,0,0,0,0,0,0.765306122,0,0,0,0,0,0.255102041,0,0,0,0,0,0,0,0,0,0,0,0,0,0,0,0,0.510204082,0,0,0,0,0,0,0,0,0,0,0,0.255102041,0,0,0,0,0,0,0,0,0,2.295918367,0,0,0,0,0,0,0.765306122,0,0,0,0,0.255102041,0,0,0,0,0,0,0,2.040816327,0,0,0,0.255102041,0,0,0,0,0,0,0,0,0,0,0,0.510204082,0,0,0.510204082,0,0,0.510204082,0,0,0,0,0.255102041,0,97.44897959,1.275510204,0.765306122,0.765306122,1.275510204,0,100,97.44897959,1.275510204,0.765306122,0.765306122,1.275510204,0,100,100.7653061,100.7653061,51.02040816,56.37755102,17.34693878,2.551020408,0.255102041
1139.5,11966,50000,0,0,6.990881459,0,0,48.93617021,0,7.902735562,0,0,11.24620061,0,1.519756839,4.863221884,1.519756839,2.73556231,0.303951368,0,0,0.303951368,0.303951368,0,0,0.607902736,0,0,0,0,0,0,0,0.303951368,0,0,3.951367781,0,0.303951368,3.039513678,0,0,0,0.303951368,0,0,0,0,0,0,0,0,0,0,0,0,0,0,0,0,0,0,0,0,0,0,0,0,0,0,0,0,0,0,0,0,0,0,0,0,0,0,0,0,0,0,0,0,0,0,0,0,0,0,1.823708207,0,0,0,0.303951368,0,0,0.303951368,0,0,0,0,0,0,0,0,0,0,0,0,0.303951368,0,0,0,0,0,0,0,0,0,0,0,0,0,0,0,0,0,0,1.519756839,0,0,0.911854103,0,0,0,0,0,0,96.96048632,0.607902736,0,0,2.431610942,0,100,96.96048632,0.607902736,0,0,2.431610942,0,100,100,100,48.93617021,56.83890578,11.24620061,3.039513678,0.607902736
1143.5,12106,50000,0,0.274725275,15.38461538,0,0,29.3956044,0,2.747252747,1.373626374,1.923076923,16.48351648,0,2.197802198,5.494505495,3.296703297,1.648351648,0.274725275,0,0,0,0,0.549450549,0.274725275,1.098901099,0.549450549,0.824175824,0,0,0,0,0,0.549450549,0,0,5.494505495,0,0.549450549,2.197802198,0,0.274725275,0,2.197802198,0,0,0,0,0,0,0,0,0,0,0,0,0,0,0.274725275,0,0,0,0,0,0,0,0,0,0,0,0,0,0,0,0,0,0,0,0,0,0,0,0,0,0,0,0,0,0,0,0,0,0,0,1.098901099,0,0,0,0.274725275,0,0,1.098901099,0,0,0,0,0,0,0,0,0,0,0,1.098901099,3.571428571,0,0,0.549450549,0,0,0,0,0,0,0,0,0,0,0,0,0.274725275,0,0,0.274725275,0.824175824,0,0.549450549,0.549450549,0.274725275,0,0,0,0,96.7032967,0.824175824,0.274725275,0.824175824,2.472527473,0,100,96.7032967,0.824175824,0.274725275,0.824175824,2.472527473,0,100,100.8241758,100.2747253,29.3956044,33.51648352,18.40659341,1.923076923,2.472527473
1147.5,12253,50000,0,0.595238095,5.952380952,0,0,57.73809524,0,4.761904762,0,0,9.821428571,0,1.19047619,4.761904762,0.595238095,1.19047619,0,0,0,1.19047619,0.297619048,0,0.892857143,0.297619048,0,0,0,0,0.297619048,0,0,0,0,0,2.380952381,0,0.892857143,1.785714286,0,0,0.297619048,0,0,0,0,0,0.297619048,0,0,0,0,0,0,0.595238095,0.297619048,0,0,0,0,0,0,0,0,0,0,0,0,0,0,0,0,0,0,0.595238095,0,0,0,0,0,0,0,0,0,0,0,0,0,0,0,0,1.488095238,0,1.488095238,0,0,0,0,0,0,0.297619048,0,0,0,0,0,0,0,0,0,0,0,0,0.892857143,0,0,0,0.595238095,0,0,0,0,0,0,0,0,0,0,0,0.297619048,0,0,0.297619048,0,0.297619048,0,0,0,0,0,0,0,96.42857143,2.976190476,0.595238095,0.892857143,0.595238095,0,100,96.42857143,2.976190476,0.595238095,0.892857143,0.595238095,0,100,100.8928571,100.5952381,57.73809524,62.5,9.821428571,1.19047619,0.297619048
1151.5,12390,50000,0,1.492537313,8.955223881,0,0.895522388,61.49253731,2.388059701,8.059701493,0.895522388,0,2.985074627,0,2.388059701,2.985074627,0,0.597014925,0,0,0,0.298507463,0,0,0.298507463,0.298507463,0,0,0,0,0,0,0,0,0.895522388,0,2.089552239,0,0,0,0,0,0.298507463,0,0,0,0,0,0,0.597014925,0,0,0,0,0,0,0,0,0,0,0,0,0,0,0,0,0,0,0,0,0,0,0,0,0,0,0,0,0,0,0,0,0,0,0,0,0,0,0,0,0,0,0.597014925,0,0.895522388,0,0,0,0,0,0,0,0,0,0,0,0,0,0,0,0,0,0,0,0.298507463,0,0.298507463,0.597014925,0.298507463,0,0,0,0,0,0,0,0,0,0,0,0,0,0,0.298507463,0,0,0,0,0,0.298507463,0,0,0,98.80597015,0.597014925,0,1.194029851,0.597014925,0,100,98.80597015,0.597014925,0,1.194029851,0.597014925,0,100,101.1940299,100,62.3880597,72.8358209,2.985074627,0.597014925,0.298507463
1155.5,12560,50000,0,0.869565217,14.49275362,0,0,61.15942029,0,4.637681159,0,0.579710145,5.217391304,0,0.869565217,2.31884058,0.289855072,0.579710145,0,0,0,0.289855072,0.289855072,0,0.579710145,0.289855072,0,0,0,0,0.289855072,0,0,0.289855072,0,0,1.739130435,0,1.15942029,0.579710145,0,0,0.289855072,0,0.289855072,0,0,0,0,0,0,0,0,0,0,0,0,0,0,0,0,0,0,0,0,0,0,0,0,0,0,0,0,0,0,0,0,0,0,0,0,0,0,0,0,0,0,0,0,0,0,0,1.449275362,0,0.869565217,0,0,0,0,0,0,0,0,0,0,0,0,0,0,0,0,0,0,0,0,0,0,0,0,0,0,0,0,0,0,0,0,0,0,0,0.289855072,0,0,0.579710145,0,0,0,0,0,0,0,0,0,98.26086957,1.15942029,0,0.289855072,0.579710145,0,100,98.26086957,1.15942029,0,0.289855072,0.579710145,0,100,100.2898551,100,61.15942029,65.79710145,5.797101449,0.579710145,0.289855072
1159.5,12711,50000,0,1.457725948,16.03498542,0,0.583090379,53.06122449,2.332361516,6.12244898,0,0,3.790087464,0,4.081632653,3.790087464,0,0.29154519,0.29154519,0,0,0.29154519,0,0,0.29154519,0,0,0,0,0,0.29154519,0,0,0,0.29154519,0,3.790087464,0,0.29154519,1.166180758,0,0,0,0,0,0,0,0,0,0,0,0,0,0,0,0,0,0,0,0,0,0,0,0,0,0,0,0,0,0,0,0,0,0,0,0.29154519,0,0,0,0,0,0,0,0,0,0,0,0,0,0,0,0,0.583090379,0,0.583090379,0.583090379,0,0,0,0,0,0,0,0,0,0,0,0,0,0,0,0,0,0.29154519,2.040816327,0,0,0.29154519,0,0,0,0,0,0,0,0,0,0,0,0,0,0,0,0,0,0,0,0,0,0,0,0,0,98.83381924,1.166180758,0.29154519,0.29154519,0,0,100,98.83381924,1.166180758,0.29154519,0.29154519,0,0,100,100.2915452,100.2915452,53.64431487,61.51603499,3.790087464,0.583090379,0
1163.5,12873,50000,0,0.600600601,11.71171171,0,0,64.26426426,0,6.006006006,0.3003003,0,6.006006006,0,0.3003003,2.102102102,0,0.900900901,0.3003003,0.3003003,0,0.600600601,0,0,0.900900901,0,0.3003003,0,0,0,0,0,0,0.3003003,0,0,0.900900901,0,0,0.600600601,0,0,0.900900901,0,0.3003003,0,0,0,0.3003003,0.3003003,0,0,0,0,0,0,0,0,0,0,0,0,0,0,0,0,0,0,0,0,0,0,0,0,0,0.3003003,0,0,0,0,0,0,0,0,0,0,0,0,0,0,0,0,0.900900901,0,0.900900901,0,0,0,0,0,0,0,0,0,0,0,0,0,0,0,0,0,0,0,0.600600601,0,0,0,0,0,0,0,0,0,0,0,0,0,0,0,0,0,0,0,0,0,0,0,0,0,0,0,0,98.1981982,1.801801802,0.3003003,0,0,0,100,98.1981982,1.801801802,0.3003003,0,0,0,100,100,100.3003003,64.26426426,70.57057057,6.006006006,1.501501502,0.3003003
1167.5,13030,50000,0,3.38028169,17.46478873,0,1.126760563,59.15492958,0,2.535211268,0,0.281690141,4.225352113,0,1.126760563,2.253521127,0,0.845070423,0.281690141,0.281690141,0,1.126760563,0,0,0.281690141,0.281690141,0,0,0,0,0,0,0,0,1.971830986,0,1.971830986,0,0,0.563380282,0,0,0,0,0,0,0,0,0,0.281690141,0,0,0,0,0,0,0,0,0,0,0,0,0,0,0,0,0,0,0,0,0,0,0,0,0,0.281690141,0,0,0,0,0,0,0,0,0,0,0,0,0,0,0,0,0,0,0.563380282,0,0,0,0,0,0,0,0,0,0,0,0,0,0,0,0,0,0,0.281690141,1.126760563,0,0,0,0.845070423,0,0,0,0,0.281690141,0,0,0,0,0,0,0,0,0,0,0,0,0,0,0,0,0,0,0,98.87323944,1.126760563,0.281690141,0.845070423,0,0,100,98.87323944,1.126760563,0.281690141,0.845070423,0,0,100,100.8450704,100.2816901,60.28169014,61.69014085,4.507042254,1.408450704,0.281690141
1171.5,13174,50000,0,0.625,18.125,0,0,44.0625,0,3.4375,0.3125,0,8.4375,0,0.3125,3.4375,0,2.8125,0,0,0,0.3125,0.625,0,1.25,0.9375,0,0.3125,0,0,0.625,0,0,0.3125,0,0,6.5625,0,0.625,0.3125,0,0,0.625,0.3125,0,0,0,0,0.3125,0,0,0,0,0,0,0,0,0,0,0,0,0,0,0,0,0,0,0,0,0,0,0,0,0,0,0.3125,0,0,0,0,0,0,0,0,0,0,0,0,0,0,0,0,0.9375,0,0.9375,0,0,0,0.3125,0,0,2.1875,0,0,0,0,0,0,0,0,0,0,0.625,0.625,1.25,0,0,0,0,0,0,0,0,0,0,0,0,0,0,0,0,0,0,0.9375,0,0,0,0,0,0,0,0,0,96.5625,2.5,0.9375,0,0.9375,0,100,96.5625,2.5,0.9375,0,0.9375,0,100,100,100.9375,44.0625,47.8125,8.4375,2.8125,1.25
1175.5,13327,50000,0,2.476780186,23.52941176,0,0,5.882352941,0,0.619195046,0,0.619195046,12.69349845,0,4.953560372,4.334365325,2.476780186,10.21671827,0,0.309597523,0,0.92879257,0.309597523,0.309597523,0,0.309597523,0,0.309597523,0,0,0.92879257,0,0,0.309597523,0,0.92879257,19.50464396,0.309597523,0.619195046,1.238390093,0,0,1.857585139,0.92879257,0,0,0.309597523,0,0.309597523,0,0.309597523,0,0,0,0,0.309597523,0,0,0,0,0,0,0,0,0,0,0,0,0,0,0,0,0,0,0,2.476780186,0,0,0,0,0,0,0,0,0,0,0,0,0,0,0,0,0,0,0,0,0,0,0,0,0,0,0,0,0,0,0,0.309597523,0.309597523,0.309597523,0,0,0,0.92879257,2.476780186,0,0,0,0,0,0,0,0,0,0,0,0,0,0,0,0,0,0,0.92879257,0.309597523,0,0,0,0,0,0,0,0,91.64086687,7.120743034,2.786377709,0,1.238390093,0,100,91.64086687,7.120743034,2.786377709,0,1.238390093,0,100,100,102.7863777,5.882352941,6.501547988,13.3126935,10.52631579,0.619195046
1179.5,13470,50000,0,1.97740113,20.62146893,0,0,7.627118644,0,0.282485876,0,1.97740113,15.81920904,0,6.497175141,4.519774011,2.824858757,10.4519774,0.564971751,0.564971751,0,0.847457627,0.847457627,0,1.129943503,0.282485876,0,0,0,0,1.97740113,0,0,0,0,0,12.99435028,0,0.847457627,0.282485876,0,0,0,0,1.129943503,0,0,0,0.564971751,0.282485876,0,0,0,0,0,0,0,0,0.564971751,0,0,0,0,0.282485876,0.282485876,0,0,0,0,0,0,0,0,0,0,0.564971751,0,0,0,0,0,0,0,0,0,0,0,0,0.282485876,0,0,0,0.564971751,0,0.564971751,0,0,0,0,0,0,0,0,0.282485876,0,0,0,0,0,0,0,0,0.282485876,0.282485876,2.542372881,0,0,0.564971751,0.282485876,0,0,0,0,0,0,0,0,0,0,0,0,0,0,2.542372881,0,0,0.282485876,0,0,0,0,0,0,92.65536723,4.519774011,1.412429379,0.847457627,2.824858757,0,100,92.65536723,4.519774011,1.412429379,0.847457627,2.824858757,0,100,100.8474576,101.4124294,7.627118644,7.90960452,17.79661017,11.5819209,0.282485876
1183.5,13594,50000,0,2.762430939,20.99447514,2.762430939,1.933701657,8.287292818,1.104972376,6.077348066,0,0.276243094,10.49723757,0,8.563535912,5.248618785,0,4.143646409,1.104972376,0,0,0.552486188,0.276243094,0,1.657458564,0.276243094,0,0,0,0,0.552486188,0,0,0,1.104972376,0,11.87845304,0,0,0.552486188,0,0,1.38121547,1.104972376,0,0,0.276243094,0,0,1.104972376,0,0,0.276243094,0,0.276243094,0,0,0,0,0,0,0,0,0,0,0,0,0,0,0,0,0,0,0,0,1.38121547,0,0,0,0,0,0,0,0,0,0,0,0,1.933701657,0,0,0,0,0,0.276243094,0.276243094,0,0.276243094,0,0,0,0,0,0,0,0,0,0,0,0,0,0,0,0.828729282,1.38121547,0,0.552486188,0.828729282,0.276243094,0,0,0,0,0,0.552486188,0,0,0,0,0,0,0,0,1.933701657,0,0,0.276243094,0,0,0.276243094,0,0,0,93.92265193,3.591160221,1.657458564,1.657458564,2.486187845,0,100,93.92265193,3.591160221,1.657458564,1.657458564,2.486187845,0,100,101.6574586,101.6574586,12.98342541,15.46961326,10.77348066,5.248618785,0.276243094
1187.5,13727,50000,0,0.317460317,25.3968254,0,0,1.904761905,0,0,0,0.634920635,18.0952381,0,5.079365079,4.444444444,1.904761905,9.523809524,0.634920635,0.634920635,0.317460317,0.634920635,0,0,0.317460317,0.634920635,0,0,0,0.317460317,3.174603175,0,0,0,0,0,21.58730159,0,0,0.317460317,0.317460317,0,1.26984127,0.634920635,0.317460317,0,0,0,0,0,0,0,0,0,0.317460317,0,0,0,0.317460317,0,0,0,0,0,0,0,0,0,0,0,0,0,0,0,0,0.317460317,0,0,0,0,0,0,0,0,0,0,0,0,0,0,0,0,0,0,0,0,0,0,0,0,0,0,0,0.317460317,0,0,0,0,0,0,0,0,0,0.634920635,2.222222222,0,0.634920635,0,1.26984127,0,0,0,0,0,0,0,0,0,0,0,0,0,0,0.952380952,0,0,0,0,0,0,0,0,0,93.65079365,5.396825397,0.634920635,1.904761905,0.952380952,0,100,93.65079365,5.396825397,0.634920635,1.904761905,0.952380952,0,100,101.9047619,100.6349206,1.904761905,1.904761905,18.73015873,11.11111111,0.952380952
1191.5,13857,50000,0,1.711491443,23.22738386,2.93398533,0.244498778,1.222493888,0,0,0,0,15.89242054,0,14.91442543,3.667481663,0.488997555,12.71393643,1.466992665,0,0,0.244498778,0,0.244498778,0.733496333,0,0,0,0,0,0.733496333,0,0,0,0,0,15.40342298,0,0,1.711491443,0,0,1.466992665,0.244498778,0,0,0,0,0,0,0,0,0.244498778,0,0,0,0,0,0,0,0,0,0,0,0,0,0,0,0,0,0,0,0,0,0,0,0,0,0,0,0,0,0,0,0,0,0,0,0,0,0,0,0,0,0.244498778,0,0,0.244498778,0,0,0,0,0,0,0,0,0,0,0,0,0,0,0,0.97799511,1.222493888,0,1.466992665,0.97799511,0,0,0,0,0.244498778,0.244498778,0,0.244498778,0,0.244498778,0.244498778,0,0,0,0,0,0.244498778,0,0,0,0,0,0,0,0,97.06601467,2.689486553,0.244498778,2.444987775,0.244498778,0,100,97.06601467,2.689486553,0.244498778,2.444987775,0.244498778,0,100,102.4449878,100.2444988,4.400977995,1.222493888,15.89242054,14.1809291,0
1194.5,13977,50000,0,0,25.07374631,0,0,0.884955752,0,0,0,0.294985251,20.64896755,0,4.424778761,2.949852507,4.12979351,11.79941003,0.294985251,0,0,1.769911504,0,0.589970501,1.179941003,1.179941003,0,0,0,0,2.064896755,0,0,0,0,0,13.56932153,0,0,1.179941003,0.294985251,0,0.294985251,0.294985251,1.179941003,0,0,0,0.294985251,0,0,0,0,0,0.294985251,0.294985251,0,0,0,0,0,0,0,0,0,0,0,0,0,0,0,0,0,0,0,0,0,0,0,0,0,0,0,0,0,0,0,0,0.294985251,0,0,0,0,0,0,0,0,0.589970501,0,0.294985251,0,0,0,0,0,0,0,0,0,0,0,0,0.294985251,0.294985251,1.474926254,0,0.589970501,0,0.589970501,0,0,0,0,0,0,0,0,0,0,0,0.294985251,0,0,4.424778761,0,0,0,0,0,0,0,0,0,89.67551622,5.899705015,0.884955752,1.474926254,4.424778761,0,100,89.67551622,5.899705015,0.884955752,1.474926254,4.424778761,0,100,101.4749263,100.8849558,0.884955752,0.884955752,20.9439528,12.09439528,1.179941003
1199.5,14161,50000,0,2.298850575,33.62068966,2.586206897,4.022988506,1.436781609,0.287356322,0,0,0,12.35632184,0,8.908045977,2.011494253,0,10.34482759,0,0.287356322,0,0.287356322,0,2.873563218,0.287356322,0,0,0,0,0,0.862068966,0,0,0,0.287356322,0,11.49425287,0,0,1.149425287,0,0,0.862068966,1.436781609,0,0,0,0,0,0,0,0,0,0,0,0,0,0,0,0,0,0,0,0,0,0,0,0,0,0,0.287356322,0,0,0,0,1.724137931,0,0,0,0,0,0,0,0,0,0,0,0,0,0,0,0,0.287356322,0,0,0.287356322,0,0,0,0.287356322,0,0,0,0,0,0,0,0,0,0,0,0,0,0,0.862068966,0,1.149425287,2.011494253,0,0,0,0,0.574712644,0,0,0,0,0,0,0.287356322,0,0,0,0,0.862068966,0,0.287356322,0,0,0,0,0,0,93.10344828,5.747126437,1.724137931,3.16091954,1.149425287,0,100,93.10344828,5.747126437,1.724137931,3.16091954,1.149425287,0,100,103.1609195,101.7241379,8.045977011,1.724137931,12.35632184,10.63218391,0
1203.5,14314,50000,0.533333333,1.066666667,29.6,0,0,0.533333333,0,0,0,0,18.4,0,5.866666667,2.933333333,1.333333333,11.73333333,1.333333333,0,0,0.533333333,0,0.533333333,0.266666667,0.533333333,0,0.266666667,0,0,1.6,0,0,0,0,0.266666667,14.93333333,0,0,0.533333333,0.533333333,0,0,0,0,0,0,0,0.533333333,0,0,0,0,0,0.533333333,0,0,0,0,0,0,0,0,0.266666667,0,0,0,0,0,0,0,0,0,0,0,1.6,0,0,0,0,0,0,0,0,0,0,0,0,0.266666667,0,0,0,0.533333333,0,0.266666667,0,0,0,0,0,0,0,0,0,0,0,0,0,0,0,0,0,0,0.533333333,1.866666667,0,0,0.266666667,0.533333333,0,0,0,0.266666667,0,0,0,0,0,0,0.266666667,0.266666667,0,0,4,0,0,0,0,0,0,0,0,0.266666667,91.46666667,4.266666667,1.6,1.066666667,4.266666667,0,100,91.46666667,4.266666667,1.6,1.066666667,4.266666667,0,100,101.0666667,101.6,0.533333333,0.533333333,18.4,13.06666667,0.8
1207.5,14474,50000,0,1.492537313,32.8358209,0,0,1.492537313,0,0,0,2.686567164,11.94029851,0,3.582089552,4.179104478,0,8.358208955,0,0,0,0.298507463,0.298507463,0.597014925,0,0.895522388,0,0.895522388,0,0,1.194029851,0,0,0,0,0,21.19402985,0,0.597014925,1.194029851,0,0,0.895522388,0.298507463,0.298507463,0,0.298507463,0,0,0.895522388,0,0,0.298507463,0,0.298507463,0,0,0,0,0,0,0,0,0,0,0,0,0,0,0,0,0,0,0,0,1.492537313,0,0,0,0,0,0,0,0,0,0,0,0,0,0,0,0,0.298507463,0,0,0,0,0,0,0.298507463,0,0.597014925,0,0,0,0,0,0,0,0.298507463,0,0,0,0.597014925,4.776119403,0,0,0,0.298507463,0,0,0,0,0,0,0,0,0,0,0,0,0,0,1.492537313,0,0,0,0,0,0,0,0,0,94.32835821,4.179104478,1.492537313,0.298507463,1.492537313,0,100,94.32835821,4.179104478,1.492537313,0.298507463,1.492537313,0,100,100.2985075,101.4925373,1.492537313,1.492537313,14.62686567,8.358208955,1.791044776
1211.5,14629,50000,0,0.581395349,27.90697674,0,0,0.581395349,0,0,0,0.581395349,19.18604651,0,4.069767442,2.034883721,1.162790698,12.79069767,0.581395349,0,0,0.872093023,0,0.290697674,0.581395349,0.290697674,0,0,0,0,2.325581395,0,0,0.290697674,0,0.290697674,19.47674419,0,0,0.290697674,0,0,0.872093023,0.290697674,0.290697674,0,0,0,0.290697674,0.290697674,0,0,0,0,0.290697674,0,0,0,0,0,0,0,0,0,0,0,0,0,0,0,0,0,0,0,0,1.453488372,0,0,0,0,0,0,0,0,0,0,0,0,0,0,0,0,0.290697674,0,0,0,0,0,0.290697674,0.290697674,0,0.581395349,0,0.290697674,0,0,0,0,0,0,0,0,0,0,2.61627907,0,0,0,0.290697674,0,0,0,0,0,0,0,0,0,0,0,0,0,0,1.744186047,0,0,0,0,0,0,0,0,0,92.73255814,5.523255814,1.453488372,0.290697674,1.744186047,0,100,92.73255814,5.523255814,1.453488372,0.290697674,1.744186047,0,100,100.2906977,101.4534884,0.581395349,0.581395349,19.76744186,13.37209302,0.290697674
1215.5,14782,50000,0,3.355704698,58.05369128,0,0,1.342281879,0,0,0,0.33557047,8.053691275,0,1.342281879,0.67114094,0,2.348993289,0,0,0,0.33557047,1.342281879,2.013422819,0,1.677852349,0.33557047,0,0,0,3.020134228,0,0,0,0,0,9.395973154,0,1.677852349,2.013422819,0,0,0,0.33557047,0.33557047,0,0,0,0,0,0,0,0,0,0,0,0,0,0,0,0,0,0,0.33557047,0,0,0,0,0,0,0,0,0,0,0,1.677852349,0,0,0,0,0,0,0,0,0.67114094,0,0,0,0,0,0,0.33557047,0.33557047,0,0,0,0,0,0,0,0,0,0,0,0,0,0,0,0,0,0.33557047,0,0,0.67114094,3.355704698,0,0,0,0,0,0,0,0,0,0,0,0,0,0,0,0,0,0,0,0,0,0,0,0,0,0,0,0,91.94630872,8.053691275,1.677852349,0,0,0,100,91.94630872,8.053691275,1.677852349,0,0,0,100,100,101.6778523,1.342281879,1.342281879,8.389261745,2.348993289,2.013422819
1219.5,14942,50000,0,0,46.25,0,0,1.875,0,0,0,0.625,11.875,0,5.625,1.5625,0.625,8.75,1.25,0,0,0.3125,0.625,0.625,0,0.9375,0,0,0,0,0.625,0,0,0,0,0,13.75,0,0.625,0.9375,0,0,0,0,0,0,0,0,0,0.3125,0,0,0.3125,0,0.625,0.3125,0,0,0,0,0,0,0,0,0,0,0,0,0,0,0,0,0,0,0,0.9375,0,0,0,0,0,0,0,0,0,0,0,0,0,0,0,0,0,0,0,0,0,0.3125,0,0,0,0.3125,0,0,0,0,0,0,0,0,0,0,0,0.3125,2.1875,0,0,0,0,0,0,0,0,0,0,0,0,0,0,0,0.3125,0,0,1.25,0,0,0,0,0,0,0,0,0,95.625,3.125,1.25,0.3125,1.25,0,100,95.625,3.125,1.25,0.3125,1.25,0,100,100.3125,101.25,1.875,1.875,12.5,10,0.9375
1223.5,15094,50000,0,0.906344411,41.9939577,4.531722054,3.32326284,1.208459215,0,0,0,0,5.135951662,0,14.50151057,1.812688822,0,9.063444109,0.604229607,0,0,0.302114804,0,0.604229607,0.302114804,0,0,0,0,0,0.604229607,0,0,0,1.812688822,0,9.063444109,0,0,0.906344411,0,0,0.906344411,0.302114804,0,0,0,0,0,0.604229607,0,0,0,0,0,0,0.302114804,0,0,0,0,0,0,0,0,0,0,0,0,0,0,0,0,0,0,0,0,0,0,0,0,0,0,0,0,0,0,0,0.604229607,0,0,0,0,0,0.302114804,0,0.302114804,0,0,0,0,0,0,0,0,0,0,0,0,0,0,0,0,0,0,0,0,0,0,0,0,0,0,0,0,0,0,0,0,0,0,0,0,0,0,0,0,0,0,0,0,0,0,97.58308157,2.416918429,0,0,0,0,100,97.58308157,2.416918429,0,0,0,0,100,100,100,9.063444109,1.208459215,5.135951662,9.667673716,0
1231.5,15378,50000,0,1.173020528,59.53079179,9.384164223,2.052785924,1.759530792,1.173020528,2.93255132,0.293255132,0,1.46627566,0,3.812316716,0.879765396,0,2.052785924,1.46627566,0,0,0.293255132,0,0.293255132,0.293255132,0.293255132,0,0,0,0,0.879765396,0,0,0,2.346041056,0,3.519061584,0,0,0.879765396,0,0,1.173020528,0.879765396,0,0,0,0,0,0.293255132,0,0,0,0,0,0,0,0,0,0,0,0,0,0,0,0,0,0,0,0,0.293255132,0,0,0,0,0,0,0,0,0,0,0,0,0,0,0,0,0,0.293255132,0,0,0,0.293255132,0,0,0,0,0,0,0,0,0,0,0,0,0,0,0,0,0,0,0,0,0,0,0,0.293255132,0.879765396,0.586510264,0,0,0,0,0,0,0,0,0,0,0,0,0,0,0,0,0,0,0,0,0,0,0,0,97.06744868,2.93255132,0,1.759530792,0,0,100,97.06744868,2.93255132,0,1.759530792,0,0,100,101.7595308,100,13.19648094,6.158357771,1.46627566,3.519061584,0.293255132
1234.5,15490,50000,0,0.895522388,77.6119403,0,0,3.582089552,0,0,0,0,4.776119403,0,2.388059701,0,0.597014925,0.298507463,0,0,0,0,0,0.298507463,0,0.895522388,0,0,0,0,0.895522388,0,0,0,0,0,2.089552239,0,0.298507463,1.791044776,0,0.298507463,0.895522388,0,0,0,0,0,0,0,0,0,0,0,0.298507463,0,0,0,0,0,0,0,0,0.298507463,0,0,0,0,0,0,0,0,0,0,0,0,0,0,0,0,0,0,0,0,0,0,0,0,0,0,0,0,0,0,0,0,0,0,0,0,0,1.492537313,0,0,0,0,0,0,0,0,0,0,0,0,3.28358209,0,0,0.298507463,0.298507463,0,0,0,0,0,0,0,0,0,0,0,0,0,0,0.298507463,0,0,0,0,0,0,0,0,0,96.71641791,2.985074627,0,0.597014925,0.298507463,0,100,96.71641791,2.985074627,0,0.597014925,0.298507463,0,100,100.5970149,100,3.582089552,3.582089552,4.776119403,0.298507463,0.895522388
1239.5,15646,50000,0,1.680672269,63.86554622,10.08403361,6.442577031,0.56022409,0,1.400560224,0.280112045,0,4.201680672,0,1.680672269,0.280112045,0,1.680672269,0.280112045,0,0,0,0,0.56022409,0,0,0,0,0,0,0.280112045,0,0,0,1.400560224,0,1.400560224,0,0,0.840336134,0,0,0.840336134,0.280112045,0,0,0,0,0,0.280112045,0,0,0,0,0,0,0,0,0,0,0,0,0,0,0,0,0,0,0,0,1.680672269,0,0,0,0,0,0,0,0,0,0,0,0,0,0,0,0,0,0,0,0,0,0,0,0,0,0,0,0,0,0,0,0,0,0,0,0,0,0,0,0,0,0,0.280112045,0,0,0,0,0,0,0,0,0,0,0,0,0,0,0,0,0,0,0,0,0,0,0,0,0,0,0,0,0,96.63865546,3.361344538,0,0,0,0,100,96.63865546,3.361344538,0,0,0,0,100,100,100,17.08683473,2.240896359,4.201680672,1.960784314,0
1242.5,15747,50000,0,2.43902439,85.97560976,0,0.304878049,2.43902439,0,0,0,0,0.914634146,0,0.304878049,0,0.304878049,0,0,0,0,0,0,1.829268293,0,0,0,0,0,0,0.304878049,0,0,0,0,0.304878049,0,0,0.304878049,0.914634146,0,0,1.829268293,0,0.304878049,0,0,0,0,0.304878049,0,0,0,0,0,0,0,0,0,0,0,0,0,0,0,0,0,0,0,0,0,0,0,0,0,0,0,0,0,0,0,0,0,0,0,0,0,0,0,0,0,0,0.304878049,0,0,0,0,0,0.609756098,0,0,0.304878049,0,0,0,0,0,0,0,0,0,0,0,0.304878049,1.219512195,0,0,0,0,0,0,0,0,0,0,0,0,0,0,0,0,0,0,0,0,0,0,0,0,0,0,0,0,95.73170732,4.268292683,0,0,0,0,100,95.73170732,4.268292683,0,0,0,0,100,100,100,2.743902439,2.43902439,0.914634146,0,0
1250.5,15990,50000,0,2.1875,88.75,0,0,1.5625,0,0,0,0,2.8125,0,0.9375,0,0,0,0,0,0,0,0,0.3125,0,0,0,0,0,0,0,0,0,0,0,0,0.3125,0,0,0,0,0,0.3125,0,0.9375,0,0,0,0,0,0,0,0,0,0,0,0,0,0,0,0,0,0,0,0,0,0,0,0,0,0,0,0,0,0,0,0,0,0,0,0,0,0,0,0,0,0,0,0,0,0,0.3125,0.3125,0,0,0,0,0,0,0,0,0.9375,0,0,0,0,0,0,0,0,0,0,0,0,0,0,0,0,0,0,0,0,0,0,0,0,0,0,0,0.3125,0,0,0,0,0,0,0.3125,0,0,0,0,0,0,99.0625,0.625,0,0,0.3125,0,100,99.0625,0.625,0,0,0.3125,0,100,100,100,1.5625,1.5625,2.8125,0,0
1258.5,16200,50000,0,2.686567164,87.76119403,0.597014925,0.597014925,2.089552239,0,0,0,0,0.597014925,0,0.895522388,0,0.298507463,0,0,0,0,0.298507463,0.298507463,0.298507463,0,0,0,0,0,0,0.597014925,0,0,0,0,0,0.298507463,0,0,0,0,0,0.298507463,0,0,0,0,0,0,0,0,0,0,0,0.298507463,0,0,0,0,0,0,0,0,0,0,0,0,0,0,0,0,0,0,0,0,0,0,0,0,0,0,0,0,0,0,0,0,0,0,0,0,0,1.492537313,0,0,0,0,0,0,0,0,0.298507463,0,0,0,0,0,0,0,0,0,0,0,0,1.194029851,0,0,0,0.597014925,0,0,0,0,0,0,0,0,0,0,0,0.597014925,0,0,0,0,0,0,0,0,0,0,0,0.298507463,97.6119403,2.089552239,0,1.194029851,0.298507463,0,100,97.6119403,2.089552239,0,1.194029851,0.298507463,0,100,101.1940299,100,3.28358209,2.089552239,0.597014925,0,0
1266.5,16391,50000,0,2.160493827,84.25925926,0,0,4.62962963,0.308641975,0,0,0.308641975,2.160493827,0,1.851851852,0,0.308641975,0.308641975,0,0,0,0,0.617283951,0.617283951,0,0.308641975,0.308641975,0,0,0,0,0,0,0,0.308641975,0,0,0,0,0.308641975,0,0,0,0,0,0,0,0,0,0,0,0,0,0,0.308641975,0,0,0,0,0,0,0,0,0,0,0,0,0,0,0,0,0,0,0,0,0,0,0,0,0,0,0,0,0,0,0,0,0,0,0,0,0,0.308641975,0,0,0,0,0,0,0,0.308641975,0,0,0,0,0,0,0,0,0,0,0,0,0,0,0,0.308641975,0,0.925925926,0,0,0,0,0,0,0,0,0,0,0,0.308641975,0,0,0.308641975,0,0,0,0,0,0,0,0,0,97.83950617,1.851851852,0,1.543209877,0.308641975,0,100,97.83950617,1.851851852,0,1.543209877,0.308641975,0,100,101.5432099,100,4.62962963,4.938271605,2.469135802,0.308641975,0.617283951
1274.5,16575,50000,0,3.745318352,68.16479401,0,0.74906367,6.741573034,0,0,0,0,1.498127341,0,1.123595506,0,0,0,0,0,0,0.74906367,1.123595506,1.498127341,0,0,0,0,0,0,1.123595506,0,0,0,0,0,0.74906367,0,1.123595506,1.123595506,0,0,2.996254682,0,0,0,0,0,0.74906367,0,0,0,0,0,0,0.374531835,0,0,0,0,0,0,0,0,0,0,0,0,0,0,0,0,0,0,0,0,0,0,0,0,0,0,0,0,0,0,0,0,0,0,0,0,1.123595506,0,0,0.74906367,0,0,0.374531835,0,0,0.374531835,0,0,0,0,0,0,0,0,0,0,0,0.374531835,0.374531835,0,0.374531835,0,1.498127341,0,0,0,0,0,0,0,0,0,0.374531835,0,0,0,0,1.872659176,0,0,0,1.872659176,0,0,0,0,0,86.89138577,9.36329588,0,1.872659176,3.745318352,0,100,86.89138577,9.36329588,0,1.872659176,3.745318352,0,100,101.8726592,100,7.490636704,6.741573034,1.498127341,0,0
1282.5,16773,50000,0,2.803738318,69.62616822,2.803738318,1.869158879,9.345794393,0,0,0,0,3.271028037,0,1.401869159,0,0,0,0,0,0,0.46728972,0.46728972,0.934579439,0,0.46728972,0,0,0,0,0,0,0,0.46728972,0,0,0,0,0.46728972,0,0,0,0.934579439,0.46728972,0.46728972,0,0,0,0,0,0,0,0,0,0,0,0,0,0,0,0,0,0,0.46728972,0,0,0,0,0,0,0,0,0,0,0,0,0,0,0,0,0,0,0,0,0,0,0,0,0,0,0,0,0.934579439,0,0,0,0,0,0,0,0,0,0,0,0,0,0,0,0,0,0,0.46728972,0,0.46728972,1.401869159,0,1.869158879,0.934579439,2.336448598,0,0,0,0,0,0,0,0,0,0,0,0,0,0,0,0,0,0,1.401869159,0,0,0,0,0.46728972,94.39252336,3.738317757,0,5.140186916,1.869158879,0,100,94.39252336,3.738317757,0,5.140186916,1.869158879,0,100,105.1401869,100,14.01869159,9.345794393,3.271028037,0,0.46728972
1290.5,16965,50000,0,2.366863905,71.89349112,0,2.071005917,9.763313609,0,0,0,0.295857988,2.071005917,0,3.25443787,0,0.591715976,0,0.295857988,0,0,0.295857988,0.295857988,1.183431953,0,0.295857988,0,0,0,0,0,0,0,0,1.183431953,0,1.183431953,0,0,0,0,0,0.295857988,0,0,0,0,0,0,0,0,0,0,0,0.295857988,0.295857988,0,0,0,0,0,0,0,0.295857988,0,0,0,0,0,0,0,0,0,0,0,0,0,0,0,0,0,0,0,0,0,0,0.295857988,0,0,0,0,0,0.295857988,0,0,0,0,0,0.295857988,0,0,0,0,0,0,0,0,0,0,0,0,0,0,0,1.479289941,0,1.183431953,0.295857988,3.846153846,0,0.295857988,0,0,0,0,0,0.591715976,0.295857988,0.591715976,0.295857988,0,0,0.295857988,0.295857988,0.295857988,0,0,0,0,0,0.295857988,0,0,96.15384615,2.958579882,0,5.325443787,0.887573964,0.295857988,100,96.15384615,2.958579882,0,5.325443787,0.887573964,0.295857988,100,105.3254438,100.295858,11.83431953,9.763313609,2.366863905,0.295857988,0.295857988
1298.5,17157,50000,0,13.88888889,59.87654321,0.925925926,4.320987654,7.407407407,0,0,0,0.308641975,1.543209877,0,1.543209877,0.308641975,0.308641975,0,0,0,0,0.308641975,0.308641975,0.925925926,0,0,0,0,0,0,0,0,0,0,1.851851852,0,0.617283951,0,0,0,0,0,1.543209877,0,0.617283951,0,0,0,0,0,0,0,0,0,0,0,0,0,0,0,0,0,0,0,0,0,0,0,0,0,0,0,0,0,0,0,0,0.308641975,0,0,0,0,0,0,0,0,0,0,0,0,0,0,0.925925926,0,0,0,0,0,0,0,0.925925926,0,0,0,0,0,0,0,0,0,0,0,0,0.308641975,1.234567901,0,4.62962963,2.469135802,10.18518519,0,0.308641975,0,0,0,0,0,0,0,0,0,0,0,0.617283951,0.617283951,0,0,0,0,0,0,0.617283951,0,0,94.75308642,4.012345679,0,17.28395062,1.234567901,0.617283951,100,94.75308642,4.012345679,0,17.28395062,1.234567901,0.617283951,100,117.2839506,100.617284,12.65432099,7.407407407,1.851851852,0,0
1306.5,17353,50000,0,1.834862385,81.65137615,3.058103976,0.611620795,5.504587156,1.529051988,0,0,0,0,0,0.917431193,0,0,0,0,0,0,0.305810398,0.305810398,0.917431193,0,0,0,0,0,0,0,0,0,0,0,0,0.305810398,0,0,0,0,0,0.917431193,0,0.305810398,0,0,0,0,0,0,0,0,0,0,0,0,0,0,0,0,0,0,0,0,0,0,0,0,0,0,0,0,0,0,0,0,0,0,0,0,0,0,0,0,0,0.305810398,0,0,0,0,0,0,0,0,0.917431193,0,0,0,0,0,0,0,0,0,0,0,0,0,0,0,0,0,0,1.529051988,0,5.810397554,0.917431193,2.44648318,0,0,0,0,0,0.305810398,0,0,0,0,0,0,0,0,0.305810398,0,0,0.305810398,0,0,0,0,0,0,96.02446483,3.363914373,0,9.174311927,0.611620795,0,100,96.02446483,3.363914373,0,9.174311927,0.611620795,0,100,109.1743119,100,9.174311927,7.033639144,0,0,0
1313.5,17424,50000,0,4.487179487,75,1.923076923,0.641025641,8.012820513,0.320512821,0,0,0,1.602564103,0,2.884615385,0,0,0,0,0,0,0.961538462,0,0,0,0,0,0,0,0,0,0,0,0,0.641025641,0.320512821,0.320512821,0,0,0,0,0,0.961538462,0,0.320512821,0,0,0,0,0,0,0,0,0,0,0,0,0,0,0,0,0,0,0,0,0,0,0,0,0,0,0,0,0,0,0,0,0,0,0,0,0,0,0,0,0,0,0,0,0,0,0,0,0,0,0,0,0,0,0,0,0,0,0,0,0,0,0,0,0,0,0,0,0,0.641025641,0,8.012820513,0,3.205128205,0,0,0,0,0,0.320512821,0,0,0,0,0,0,0,0.320512821,0.641025641,0,0,0.320512821,0.320512821,0,0,0,0,0,96.15384615,2.243589744,0,11.21794872,1.602564103,0,100,96.15384615,2.243589744,0,11.21794872,1.602564103,0,100,111.2179487,100,10.57692308,8.333333333,1.602564103,0,0
1321.5,17513,50000,0,4.207119741,73.46278317,0,0,14.88673139,0,0,0,0,0.323624595,0,0.970873786,0,0,0,0,0,0,0.323624595,0.970873786,0.647249191,0,0,0,0,0,0,0,0,0,0,0.647249191,0,0,0,0,0,0,0,0.323624595,0,0,0,0,0,0,0,0,0,0,0,0,0,0,0,0,0,0,0,0,0,0,0,0,0,0,0,0,0,0,0,0,0,0,0,0,0,0,0,0,0,0,0,0,0,0,0,0,0,0.323624595,0,0,0.323624595,0,0,0,0,0,0,0,0,0,0,0,0,0,0,0,0,0,0,1.294498382,0,13.91585761,2.588996764,5.825242718,0,0.970873786,0,0.323624595,0,0.323624595,0,0,0,0,0,0,0,0,1.618122977,0,0,0.647249191,0,0,0,0.970873786,0.323624595,0,94.82200647,2.588996764,0,22.33009709,2.588996764,0.970873786,100,94.82200647,2.588996764,0,22.33009709,2.588996764,0.970873786,100,122.3300971,100.9708738,14.88673139,14.88673139,0.323624595,0,0
1329.5,17607,50000,0,6.167400881,61.67400881,1.762114537,2.202643172,9.691629956,0.440528634,0.440528634,0,0,0.440528634,0,3.083700441,0,0,0,0,0,0,0,0.440528634,0,0,0,0,0,0,0,0.440528634,0,0,0,0,0,0.440528634,0,1.321585903,0.440528634,0,0,3.524229075,0,0.440528634,0,0,0,0,0,0,0,0,0,0,0,0,0.440528634,0,0,0,0,0,0,0,0,0,0,0,0,0.440528634,0,0,0,0,0,0,0,0,0,0,0,0,0,0,0,0,0,0,0,0,0,0.440528634,0,0,0.440528634,0,0,0,0,0.440528634,0.440528634,0,0,0,0,0,0,0,0,0,0,0,0.440528634,2.643171806,0,5.286343612,0.881057269,5.286343612,0,3.524229075,0,1.762114537,0,0,0,0.440528634,0,0,1.321585903,1.321585903,0,0,2.202643172,0,0,0.881057269,1.321585903,0,0,0,0,0,89.86784141,5.726872247,0,12.7753304,4.405286344,0,100,89.86784141,5.726872247,0,12.7753304,4.405286344,0,100,112.7753304,100,13.65638767,10.57268722,0.440528634,0,0
1337.5,17700,50000,0,5.140186916,64.01869159,2.336448598,1.869158879,14.95327103,0,0,0,0,0.46728972,0,0.46728972,0,0.46728972,0,0,0,0,0,0.934579439,0.934579439,0.46728972,0,0,0,0,0,0,0,0,0,0,0,0.46728972,0,0.46728972,0.46728972,0,0,2.803738318,0,0,0,0,0,0,0,0,0,0,0,0,0,0,0,0,0,0,0,0,0,0,0,0,0,0,0,0,0,0,0,0,0,0,0,0,0,0,0,0,0,0,0,0,0,0,0,0,0,0,0,0,0.46728972,0,0,0,0.934579439,0,0.46728972,0.46728972,0,0,0,0,0,0,0,0,0,0,0,2.336448598,0,4.205607477,4.205607477,0.934579439,0,0,0,0,0,1.401869159,0,0,0,0,0,3.271028037,0,0,0,0,0,0.46728972,0.934579439,0,0,0,0,0,92.52336449,6.074766355,0,12.61682243,1.401869159,0,100,92.52336449,6.074766355,0,12.61682243,1.401869159,0,100,112.6168224,100,19.1588785,14.95327103,0.46728972,0,0
1345.5,17796,50000,0,4.60251046,65.27196653,2.092050209,2.092050209,12.55230126,0,0.418410042,0,0,0.836820084,0,0.418410042,0,0,0,0,0,0,0,0.418410042,1.255230126,0,0,0,0,0,0,0,0,0,0,0,0,0.418410042,0,1.673640167,0,0,0,2.510460251,0,0,0,0,0,0,0,0,0,0,0,0,0,0,0,0,0,0,0,0,0,0,0,0,0,0,0,0,0,0,0,0,0,0,0,0,0,0,0,0,0,0,0,0,0,0,0,0,0,0.836820084,0,0,0.418410042,0,0,1.255230126,0,0,0.418410042,0,0,0,0,0,0,0,0,0,0,0,0.418410042,1.673640167,0,0.836820084,1.673640167,2.510460251,0,0.418410042,0,0,0,0,0,0,0,0,0.418410042,0.418410042,0,0,0,0,0,0,0.836820084,0,0,0,0,1.673640167,92.88702929,4.60251046,0,5.439330544,2.510460251,0,100,92.88702929,4.60251046,0,5.439330544,2.510460251,0,100,105.4393305,100,16.73640167,12.9707113,0.836820084,0,0
1352.5,17881,50000,0,5.333333333,65.33333333,1.777777778,0.888888889,9.777777778,0,0,0,0,1.333333333,0,1.333333333,0,0,0,0,0,0,0.444444444,1.333333333,0.444444444,0.444444444,0,0,0,0,0,0.444444444,0,0,0,0,0,0,0,0,0.444444444,0,0,6.666666667,0,0,0,0,0,0.444444444,0,0,0,0.444444444,0,0,0.444444444,0,0,0,0,0,0,0,0,0,0,0,0,0,0,0,0,0,0,0,0,0,0,0,0,0,0,0,0,0,0,0,0,0,0,0,0,0,0,0,0.888888889,0,0,0,0.444444444,0,0.444444444,0.444444444,0,0,0,0,0,0,0,0,0,0,0,0.888888889,0,3.555555556,0.444444444,4.444444444,0,0,0,1.333333333,0,0.444444444,0.444444444,0,0,0,0.444444444,3.555555556,0,0,0,0,0,0.444444444,0,0,0,0.444444444,0,0,88,11.55555556,0,12,0.444444444,0.444444444,100,88,11.55555556,0,12,0.444444444,0.444444444,100,112,100.4444444,12.44444444,9.777777778,1.333333333,0,0
1360.5,17977,50000,0,2.702702703,70.27027027,0,0,9.459459459,0,0,0,0,1.351351351,0,2.702702703,0,0,0.45045045,0,0,0,0,1.801801802,0.45045045,0,0,0.45045045,0,0,0,0,0,0,0,0,0,0.45045045,0,0,0.45045045,0,0.45045045,6.306306306,0,0.45045045,0,0,0,0,0,0,0,0,0,0,0.45045045,0,0,0,0,0,0,0,0,0,0,0,0,0,0,0,0,0,0,0,0,0,0,0,0,0,0,0,0,0,0,0,0,0,0,0,0,0,0,0,0.45045045,0,0,0,0,0,0,0,0,0.45045045,0,0,0,0,0,0,0,0,0.45045045,0.45045045,0,2.252252252,0,1.801801802,0,0.45045045,0,0.900900901,0,0,0,0,0,0,0.900900901,4.054054054,0,0,0,0,0,0,0.900900901,0,0,0,0,0,88.73873874,10.36036036,0,8.108108108,0.900900901,0,100,88.73873874,10.36036036,0,8.108108108,0.900900901,0,100,108.1081081,100,9.459459459,9.459459459,1.351351351,0.45045045,0.45045045
1368.5,18052,50000,0,5.405405405,67.56756757,0,0,8.558558559,0.900900901,0,0,0,1.351351351,0,3.603603604,0,0,1.351351351,0,0,0,0.45045045,1.351351351,0.900900901,0,0.45045045,0,0,0,0,1.801801802,0,0,0,0,0.45045045,0,0,0.45045045,0,0,0,3.153153153,0,0.45045045,0,0,0,0.45045045,0,0,0,0,0,0,0,0,0,0,0,0,0,0,0,0,0,0,0,0,0,0,0,0,0,0,0,0,0,0,0,0,0,0,0,0,0,0,0,0,0,0,0,0.45045045,0,0,0,0,0,0,0,0,0,0,0,0,0,0,0,0,0,0,0,0,0,1.351351351,0,1.351351351,0.45045045,1.351351351,0,0,0,0,0,0.45045045,0,0,0,0,0,0.45045045,0,0,0,0,0,0,0,0,0,0,0,0.900900901,90.54054054,8.558558559,0,3.603603604,0.900900901,0,100,90.54054054,8.558558559,0,3.603603604,0.900900901,0,100,103.6036036,100,8.558558559,9.459459459,1.351351351,1.351351351,0.45045045
1376.5,18109,50000,0,8.056872038,75.82938389,0,0,12.79620853,0,0,0,0,0,0,0.473933649,0,0,0,0,0,0,0,0,0,0,0,0,0,0,0,0.947867299,0,0,0,0,0.473933649,0,0,0,0,0,0,0,0,0,0,0,0,0,0,0,0,0,0,0,0,0,0,0,0,0,0,0,0,0,0,0,0,0,0,0,0,0,0,0,0,0,0,0,0,0,0,0,0,0,0,0,0,0,0,0,0,0.473933649,0,0,0,0,0,0,0,0,0,0,0,0,0,0,0,0,0,0,0,0,0.473933649,1.895734597,0,21.32701422,3.317535545,4.265402844,0,1.895734597,0,0.947867299,0,1.895734597,0,0,0,0,0.947867299,1.421800948,0,0,0.947867299,0,0,0,0,0,0,0,0,0,97.63033175,1.421800948,0,30.33175355,0.947867299,0,100,97.63033175,1.421800948,0,30.33175355,0.947867299,0,100,130.3317536,100,12.79620853,12.79620853,0,0,0