"Silver_id","Silver_age","Abies balsamea","Acer negundo","Acer pensylvanicum","Acer rubrum","Acer saccharinum","Acer saccharum","Acer undiff.","Alnus incana","Alnus viridis subsp. crispa","Amaranthaceae undiff.","Ambrosia","Artemisia","Asteraceae undiff.","Balsaminaceae","Betula","Brassicaceae","Campanulaceae","Cannabaceae","Carya","Castanea","Celtis","Cephalanthus","Cornus","Corylus","Cupressaceae/Taxaceae undiff.","Cyperaceae","Eupatorium","Fabaceae","Fagus grandifolia","Fraxinus americana","Fraxinus pennsylvanica","Fraxinus quadrangulata/F. nigra-type","Galium","Ilex","Indeterminable","Iva","Juglans cinerea","Juglans nigra","Larix","Liquidambar","Mentha","Morus","Myrica","Myriophyllum","Nuphar","Nyssa","Ostrya/Carpinus","Oxalis","Picea undiff.","Pinus banksiana/P. resinosa","Pinus strobus","Pinus undiff.","Plantago","Platanus","Poaceae","Polygonaceae undiff.","Populus","Potamogeton","Potentilla","Quercus","Ranunculaceae undiff.","Rhamnus","Rosaceae undiff.","Rumex","Salix","Salsola","Sambucus","Sarcobatus","Saxifragaceae","Shepherdia","Sparganium","Stachys","Thalictrum","Tilia","Triglochin","Tsuga","Typha","Ulmus","Urtica","Vaccinium","Viburnum","Violaceae","Vitis","Zanthoxylum americanum"
164655,8330,0.259067357512953,0.518134715025907,0.77720207253886,0.259067357512953,0.259067357512953,0.77720207253886,0,0,0,0.518134715025907,3.8860103626943,0,0.77720207253886,0,0.518134715025907,0,0,0.518134715025907,12.4352331606218,0,0,0.518134715025907,0.518134715025907,0.77720207253886,1.29533678756477,0.518134715025907,0,1.81347150259067,0,0,0,1.81347150259067,1.29533678756477,0,0.77720207253886,0,0.259067357512953,0.518134715025907,0,0,0,0,0,0.518134715025907,0,0.259067357512953,1.03626943005181,0,0.259067357512953,2.07253886010363,0.259067357512953,0.77720207253886,0.518134715025907,0,4.66321243523316,0,0.518134715025907,0,0,42.4870466321244,1.29533678756477,0,0,1.03626943005181,0,0,0,1.03626943005181,0.259067357512953,0,0,0,0,1.03626943005181,0.518134715025907,0.259067357512953,0.518134715025907,8.03108808290155,1.03626943005181,0,0,0,0,0
164656,8475,0,0.27972027972028,0,0.27972027972028,0.559440559440559,0.27972027972028,0,0,0,0.559440559440559,3.07692307692308,0,0.559440559440559,0,0.27972027972028,0,0,0,11.7482517482517,0,0,0.839160839160839,0,0.27972027972028,0.559440559440559,1.11888111888112,0,1.11888111888112,0.27972027972028,0,2.23776223776224,0.559440559440559,0.839160839160839,0,0.839160839160839,0.27972027972028,0.27972027972028,1.3986013986014,0,0,0,0,0,0.27972027972028,0,0.559440559440559,1.11888111888112,0,0,0,0,2.65734265734266,0.27972027972028,0,1.3986013986014,0,0.839160839160839,0,0,50.9090909090909,3.07692307692308,0,0,0.559440559440559,0,0,0,0,0,0,0,0,0,0.559440559440559,0,0,0,8.95104895104895,0.559440559440559,0,0,0,0,0
164657,8618,0,0,0.256739409499358,0.770218228498075,0.256739409499358,2.05391527599487,0,0,0.256739409499358,1.28369704749679,5.13478818998716,0.770218228498075,0,0,0.256739409499358,0,0,0,11.8100128369705,0,0,0.256739409499358,0.256739409499358,2.05391527599487,0,1.02695763799743,0,1.02695763799743,0,0.256739409499358,0.513478818998716,1.79717586649551,0.513478818998716,0,1.54043645699615,0.513478818998716,0.256739409499358,0.513478818998716,0,0,0.770218228498075,0,0,0,0,0.770218228498075,1.54043645699615,0,0,0.641848523748395,0.256739409499358,1.54043645699615,1.02695763799743,0,2.56739409499358,0,0,0,0,44.1591784338896,2.05391527599487,0,0,2.82413350449294,0.256739409499358,0,0.256739409499358,0.770218228498075,0,0,0,0,0.256739409499358,0,0,0,0.256739409499358,6.41848523748395,0,0,0,0,0.256739409499358,0
164658,8767,0.666666666666667,0,0.266666666666667,0.533333333333333,0.266666666666667,2.13333333333333,0,0,0,0,4.26666666666667,0,0,0,0.533333333333333,0,0,0,10.1333333333333,0,0,1.06666666666667,0,1.86666666666667,0.533333333333333,1.6,0.266666666666667,0.533333333333333,0,0.533333333333333,0.533333333333333,2.4,0.8,0,0,0.266666666666667,0.266666666666667,0.266666666666667,0,0,0,0,0,0.533333333333333,0,1.33333333333333,1.06666666666667,0,0,0,0,0.933333333333333,1.33333333333333,0,3.46666666666667,0,0.8,0,0,50.6666666666667,2.13333333333333,0,0,3.46666666666667,0,0,0,0.266666666666667,0,0,0,0,0,0.533333333333333,0,0,0,3.73333333333333,0,0,0,0,0,0
164659,8922,0.261437908496732,0,0.261437908496732,0,1.04575163398693,2.09150326797386,0,0,0,0.261437908496732,6.5359477124183,0,0,0,0.522875816993464,0,0,0,9.67320261437909,0,0,0.784313725490196,0,0.784313725490196,1.04575163398693,0.261437908496732,0.261437908496732,1.83006535947712,0,0,1.04575163398693,1.30718954248366,0,0,1.56862745098039,0.261437908496732,1.04575163398693,0.522875816993464,0.261437908496732,0,0,0,0,0,0,0.261437908496732,0.784313725490196,0,0,0.522875816993464,0.261437908496732,2.48366013071895,1.83006535947712,0,3.66013071895425,0,0.261437908496732,0,0,47.843137254902,0.784313725490196,0,0,1.83006535947712,0,0,0,0.261437908496732,0,0,0,0,0.261437908496732,0,0,0.261437908496732,0.784313725490196,6.27450980392157,0,0,0,0,0,0
164660,9073,0,0.294985250737463,0.294985250737463,0.884955752212389,0,3.83480825958702,0,0,0,0,2.06489675516224,0,0,0,0.294985250737463,0,0,0.294985250737463,9.73451327433628,0,0,0,0,0.884955752212389,0.589970501474926,0.294985250737463,0,0.294985250737463,0,0,1.17994100294985,2.3598820058997,0.294985250737463,0,0.589970501474926,0,0,0.589970501474926,0,0.294985250737463,0,0,0,0,0,0,0.884955752212389,0,0,0.294985250737463,0,1.17994100294985,1.17994100294985,0,2.94985250737463,0,0.294985250737463,0,0,60.1769911504425,0.589970501474926,0,0,1.47492625368732,0,0,0,0.294985250737463,0,0,0,0,0.294985250737463,0.589970501474926,0.294985250737463,0.294985250737463,0.589970501474926,3.53982300884956,0,0,0,0,0,0
164661,9220,0,0,0,0.570613409415121,0.855920114122682,2.56776034236805,0,0,0,0,1.14122681883024,0.285306704707561,0,0,1.14122681883024,0,0,0.285306704707561,8.55920114122682,0,0,0.855920114122682,0.285306704707561,1.14122681883024,0.855920114122682,0,0,0.570613409415121,0,0.285306704707561,0.285306704707561,1.14122681883024,0,0,0,0.285306704707561,0,0,0,0.285306704707561,0,0,0,0,0,0.570613409415121,3.13837375178317,0,0.285306704707561,0.285306704707561,0,0.713266761768902,2.28245363766049,0,2.56776034236805,0,0.855920114122682,0,0,54.2082738944365,0.855920114122682,0,0,1.99714693295292,0,0,0,1.14122681883024,0,0,0,0,0,0.570613409415121,0.285306704707561,0,0.855920114122682,7.70328102710414,0.285306704707561,0,0,0,0,0
164662,9293,0,0.305810397553517,0,0.917431192660551,0.611620795107034,3.05810397553517,0,0,0,0.305810397553517,0.611620795107034,0.305810397553517,0,0,0.305810397553517,0,0,0.611620795107034,7.03363914373089,0,0,0.305810397553517,0.305810397553517,1.8348623853211,0.305810397553517,0.305810397553517,0,0,0,0,1.22324159021407,0.305810397553517,0.611620795107034,0,1.22324159021407,0,0.305810397553517,0,0,0,0,0,0,0,0,0.611620795107034,1.22324159021407,0,0,0.764525993883792,0,0.458715596330275,0.611620795107034,0,0.917431192660551,0,0.305810397553517,0,0,59.6330275229358,0,0,0,0.917431192660551,0,0,0,0.305810397553517,0,0,0,0,0,1.52905198776758,0,0,0.917431192660551,11.0091743119266,0,0,0,0,0,0
164663,9364,0,0,0.593471810089021,1.48367952522255,0,2.37388724035608,0,0,0,0.29673590504451,1.78041543026706,0,0,0,0.593471810089021,0,0,0.29673590504451,10.6824925816024,0,0,0,0.29673590504451,1.78041543026706,0,0.29673590504451,0,0.29673590504451,0,0,1.18694362017804,1.78041543026706,0,0,2.67062314540059,0,0,0.593471810089021,0.29673590504451,0,0,0,0,0,0,0.29673590504451,3.85756676557863,0,0.741839762611276,0.593471810089021,0,1.3353115727003,0.890207715133531,0,2.67062314540059,0,0.890207715133531,0,0,51.0385756676558,0,0,0,0.593471810089021,0,0,0,0.29673590504451,0,0,0.29673590504451,0,0,0.593471810089021,0,0.29673590504451,0,8.01186943620178,0.29673590504451,0,0,0,0,0
164664,9436,0.435413642960813,0,0.58055152394775,3.19303338171263,0.290275761973875,3.77358490566038,0,0,0,0,2.90275761973875,0.290275761973875,0.58055152394775,0,1.1611030478955,0,0,0.290275761973875,8.41799709724238,0,0,0.290275761973875,0.58055152394775,2.322206095791,0.58055152394775,0.290275761973875,0,0,0.290275761973875,0.290275761973875,0.58055152394775,2.61248185776488,0.870827285921626,0,0.870827285921626,0.290275761973875,0,0.290275761973875,0,0,0,0,0,0,0,0.58055152394775,3.19303338171263,0,1.45137880986938,0.290275761973875,0.58055152394775,0.290275761973875,1.45137880986938,0,0.870827285921626,0,0.58055152394775,0,0,46.7343976777939,0.870827285921626,0,0,1.45137880986938,0,0,0,0.290275761973875,0,0,0,0,0,0.290275761973875,0.290275761973875,0,0.58055152394775,8.12772133526851,0,0,0,0,0,0
164665,9512,0,0.583090379008746,0.583090379008746,1.16618075801749,0.583090379008746,3.49854227405248,0,0,0,0.291545189504373,2.62390670553936,0,0.291545189504373,0,0.291545189504373,0,0,0,7.5801749271137,0,0,0,0,1.16618075801749,1.74927113702624,1.16618075801749,0,0,0.583090379008746,0,0.291545189504373,3.79008746355685,1.74927113702624,0,0.583090379008746,0,0.291545189504373,0,0,0,0,0,0,0,0,0.583090379008746,2.91545189504373,0,3.06122448979592,0.87463556851312,0,0.43731778425656,1.74927113702624,0,0,0,1.45772594752187,0,0,48.6880466472303,1.45772594752187,0.291545189504373,0,0.87463556851312,0.291545189504373,0,0,0.583090379008746,0,0,0,0,0,0.291545189504373,0,0,1.16618075801749,6.41399416909621,0,0,0,0,0,0
164666,9588,0,0,0.868306801736614,1.44717800289436,0.868306801736614,3.18379160636758,0,0,0,0,1.73661360347323,0.289435600578871,0,0,0.868306801736614,0,0.289435600578871,0,7.81476121562952,0.289435600578871,0,0.289435600578871,0.578871201157742,1.44717800289436,0.289435600578871,0.289435600578871,0.289435600578871,0,0.289435600578871,0.289435600578871,0.289435600578871,6.36758321273517,1.15774240231548,0,0.289435600578871,0.289435600578871,0,0,0,0,0,0,0,0,0,0.578871201157742,6.36758321273517,0,1.30246020260492,0.868306801736614,0,0.868306801736614,1.73661360347323,0,2.89435600578871,0,0.289435600578871,0,0,43.4153400868307,0.868306801736614,0.578871201157742,0,0.289435600578871,0.289435600578871,0,0,0,0,0,0,0,0,0,0,0,0.289435600578871,8.10419681620839,0.289435600578871,1.15774240231548,0,0,0,0
164667,9664,0.274348422496571,0,0.548696844993141,0.823045267489712,0.548696844993141,2.74348422496571,0,0,0,0.274348422496571,1.92043895747599,0.274348422496571,0,0,0.548696844993141,0,0,0.548696844993141,7.95610425240055,0,0,0,1.09739368998628,0.548696844993141,1.09739368998628,0,0,0.274348422496571,0,0.274348422496571,1.64609053497942,6.03566529492455,1.09739368998628,0,1.64609053497942,0,0,0,0,0,0.274348422496571,0,0,0,0,0.274348422496571,6.5843621399177,0,0.685871056241427,0.685871056241427,0,0.960219478737997,2.74348422496571,0,3.29218106995885,0,0.548696844993141,0,0,37.5857338820302,0.548696844993141,0,0,1.37174211248285,0,0.274348422496571,0,0.274348422496571,0,0,0,0,0,0.274348422496571,0.274348422496571,0,0.823045267489712,10.9739368998628,0,1.37174211248285,0,0,0,0
164668,9738,0,0,0.306748466257669,0.920245398773006,0.306748466257669,2.45398773006135,0,0,0,0,0.613496932515337,0,0,0,0.306748466257669,0,0,0.306748466257669,15.9509202453988,0,0,0,0.613496932515337,0.306748466257669,0.920245398773006,0.306748466257669,0,0.613496932515337,0.613496932515337,0.306748466257669,0.920245398773006,2.14723926380368,0.306748466257669,0,0.920245398773006,0,0.306748466257669,0,0,0,0,0,0,0,0,1.22699386503067,6.13496932515337,0,0.460122699386503,1.38036809815951,0,0,0.920245398773006,0,1.22699386503067,0,1.22699386503067,0,0,43.8650306748466,0.306748466257669,0,0,1.53374233128834,0,0,0,0.306748466257669,0,0,0,0,0,1.53374233128834,0,0,0,10.4294478527607,0,0,0,0,0,0
164669,9812,0.302114803625378,0,0.302114803625378,1.20845921450151,0,1.81268882175227,0,0,0,0.302114803625378,0.604229607250755,0,0,0,0,0,0,0,6.34441087613293,0,0,0,0.906344410876133,1.20845921450151,1.81268882175227,0.302114803625378,0,0.302114803625378,0,0.604229607250755,2.7190332326284,3.62537764350453,0.302114803625378,0,1.20845921450151,0,0,0,0,0,0,0,0,0,0.302114803625378,0,11.7824773413897,0,0.906344410876133,1.20845921450151,0,0.906344410876133,1.81268882175227,0,1.81268882175227,0,0.302114803625378,0,0,35.6495468277946,0.302114803625378,0,0,0,0.302114803625378,0,0,0,0,0,0,0,0,0.906344410876133,0.604229607250755,0,0.906344410876133,18.1268882175227,0.302114803625378,0,0,0,0,0
164670,9884,0.464396284829721,0,0.928792569659443,1.54798761609907,0.619195046439629,3.09597523219814,0,0,0,0.309597523219814,0.928792569659443,0,0,0,0,0,0,0,11.7647058823529,0,0,0,0.619195046439629,0.309597523219814,0.928792569659443,0,0,0,0,0.619195046439629,0.928792569659443,4.02476780185759,0.619195046439629,0,0.619195046439629,0.309597523219814,0,0,0,0,0,0,0,0,0.309597523219814,0.928792569659443,4.3343653250774,0,0,1.23839009287926,0,0.464396284829721,0.928792569659443,0,0.928792569659443,0,0,0,0,43.6532507739938,0.309597523219814,0.309597523219814,0,0,0,0,0,0.309597523219814,0,0,0,0,0,0.619195046439629,0,0,0.928792569659443,16.0990712074303,0,0,0,0,0,0
164671,9956,0,0.611620795107034,0.305810397553517,1.22324159021407,1.52905198776758,2.14067278287462,0,0.305810397553517,0,0.305810397553517,0,0,0,0,0,0,0,0,15.5963302752294,0.305810397553517,0,0,0,2.44648318042813,1.22324159021407,0.917431192660551,0,0.305810397553517,0.611620795107034,0,0.305810397553517,0.917431192660551,0.305810397553517,0,0.305810397553517,0,0.305810397553517,0,0,0,0,0,0,0,0,1.22324159021407,2.75229357798165,0,0,0.917431192660551,0.764525993883792,0.458715596330275,1.8348623853211,0,1.22324159021407,0,0.611620795107034,0,0,48.3180428134557,0,0,0,0.611620795107034,0.305810397553517,0,0,0.305810397553517,0,0,0,0,0,0.917431192660551,0,0,0.305810397553517,9.1743119266055,0,0,0.305810397553517,0,0,0
164672,10103,0,0.599700149925038,0.299850074962519,0.299850074962519,0.299850074962519,3.89805097451274,0,0,0,0,0.599700149925038,0.299850074962519,0,0,0,0,0,0,5.39730134932534,0,0,0,0,1.79910044977511,0.599700149925038,0.299850074962519,0,0,0.299850074962519,0.299850074962519,0.299850074962519,0.299850074962519,0.899550224887556,0,0,0,0.899550224887556,0.299850074962519,0,0,0,0,0,0,0,0,5.39730134932534,0,0,1.94902548725637,0,0.599700149925038,0.899550224887556,0.899550224887556,2.99850074962519,0,0.899550224887556,0,0,52.4737631184408,0.299850074962519,0,0,0.599700149925038,0,0,0,0.599700149925038,0,0,0,0,0,0.599700149925038,0,0,0.299850074962519,13.7931034482759,0,0,0,0,0,0
164673,10246,0,0,0.307219662058372,2.45775729646697,0.921658986175115,2.76497695852535,0,0,0.614439324116744,0.307219662058372,0.307219662058372,0,0,0,0.614439324116744,0,0,0,10.752688172043,0,0.307219662058372,0,0.307219662058372,3.37941628264209,0.307219662058372,0.921658986175115,0,0,1.22887864823349,1.22887864823349,0.921658986175115,1.53609831029186,0,0,0,0,0.307219662058372,0,0,0,0,0,0,0.307219662058372,0,1.53609831029186,2.76497695852535,0,0,1.84331797235023,0.921658986175115,0.460829493087558,1.53609831029186,0,0.921658986175115,0,0.307219662058372,0,0,41.4746543778802,0.921658986175115,0,0,1.53609831029186,0,0,0,0.307219662058372,0,0,0,0,0,0.307219662058372,0,0,0.614439324116744,14.7465437788018,0,0,0,0,0,0
164674,10388,0.282087447108604,3.94922425952045,0.846262341325811,1.41043723554302,1.97461212976023,5.07757404795487,0,0,0,0,1.41043723554302,0,0.282087447108604,0,0.564174894217207,1.12834978843441,0,0.846262341325811,7.05218617771509,0.282087447108604,0.282087447108604,0,0,1.69252468265162,2.25669957686883,0.282087447108604,0,0.564174894217207,0,0.282087447108604,0.846262341325811,1.12834978843441,1.12834978843441,0,1.69252468265162,0,0.564174894217207,0.282087447108604,0,0,0.282087447108604,0,0,0,0,0,6.77009873060649,0,2.53878702397743,1.41043723554302,0.564174894217207,0.141043723554302,1.97461212976023,0,1.97461212976023,0.564174894217207,0.846262341325811,0,0,25.9520451339915,0.282087447108604,0,0,0.846262341325811,0,0,0,0.564174894217207,0,0,0,0,0,0.282087447108604,0.282087447108604,0.282087447108604,0.282087447108604,17.2073342736248,0,0.846262341325811,0,0,0,0
164675,10529,0.291970802919708,0.291970802919708,0.291970802919708,0.583941605839416,0.583941605839416,2.91970802919708,0,0.291970802919708,0,0.583941605839416,0.583941605839416,0,0.291970802919708,0,0.875912408759124,0.291970802919708,0,0.291970802919708,13.7226277372263,0,0,0,0,1.16788321167883,0.291970802919708,0.583941605839416,0,0,0,0.291970802919708,0.583941605839416,1.16788321167883,0.583941605839416,0,1.16788321167883,0,1.16788321167883,0.583941605839416,0,0,0,0,0,0,0,0.583941605839416,6.42335766423358,0,0.583941605839416,2.33576642335766,0.72992700729927,0.875912408759124,1.45985401459854,0,2.91970802919708,0,0.583941605839416,0,0,39.4160583941606,1.16788321167883,0,0,0.291970802919708,0,0,0,1.16788321167883,0,0,0,0,0,0.875912408759124,0,0,0.583941605839416,10.2189781021898,0,0,0.291970802919708,0,0,0
164676,10675,0,0.583941605839416,0.291970802919708,1.45985401459854,1.45985401459854,4.08759124087591,0,0,0.583941605839416,0.583941605839416,0,0,0,0,0.583941605839416,0,0,0.291970802919708,12.8467153284672,0.291970802919708,0,0.291970802919708,0,1.45985401459854,0.583941605839416,0.291970802919708,0,0,0.875912408759124,0.291970802919708,0.583941605839416,1.16788321167883,0.583941605839416,0,1.45985401459854,0,0.291970802919708,0.583941605839416,0,0,0,0,1.16788321167883,0.291970802919708,0,0.875912408759124,3.21167883211679,0,0,1.60583941605839,2.04379562043796,0,2.62773722627737,0,1.75182481751825,0,1.16788321167883,0,0,28.3211678832117,0.583941605839416,0,0,1.45985401459854,0.291970802919708,0,0,0.291970802919708,0,0,0,0,0,2.62773722627737,0,0.291970802919708,0.583941605839416,18.1021897810219,0,0,0,1.16788321167883,0,0
164677,10821,0.439238653001464,1.75695461200586,0,1.75695461200586,3.22108345534407,5.85651537335286,0,0,0.292825768667643,0.292825768667643,0.585651537335286,0,0.585651537335286,0,0.878477306002928,0.878477306002928,0,0.292825768667643,4.68521229868228,0.292825768667643,0.292825768667643,0.292825768667643,0,2.34260614934114,1.46412884333821,0,0,0.292825768667643,0,0.292825768667643,0.585651537335286,2.34260614934114,1.17130307467057,0,1.75695461200586,0,0.585651537335286,0,0,0,0,0,1.17130307467057,0,0,0.878477306002928,10.2489019033675,0,0.732064421669107,3.22108345534407,2.78184480234261,0,0.585651537335286,0,2.92825768667643,0,0.878477306002928,0,0,20.497803806735,0,0,0,1.46412884333821,0,0,0,0.585651537335286,0,0,0,0,0,2.63543191800879,0,0.878477306002928,0.292825768667643,16.6910688140556,0,0,0,0,0,0.292825768667643
164678,10975,1.79640718562874,0.598802395209581,0,0.898203592814371,1.49700598802395,7.48502994011976,0,0,0.898203592814371,0,0.898203592814371,0,0.29940119760479,0,1.49700598802395,0.598802395209581,0,0,3.59281437125748,0,0,0.29940119760479,0.29940119760479,0.898203592814371,0.598802395209581,0,0,0,0.29940119760479,0,0.898203592814371,2.69461077844311,0.898203592814371,0,0.898203592814371,0,0.898203592814371,0,1.19760479041916,0,0,0,0.598802395209581,0,0,0,8.38323353293413,0,7.33532934131737,21.7065868263473,4.19161676646707,0,1.79640718562874,0,0.598802395209581,0,1.19760479041916,0,0,6.2874251497006,0.29940119760479,0,0,1.49700598802395,0.29940119760479,0,0,0.598802395209581,0,0,0,0,0,2.39520958083832,0.29940119760479,0.898203592814371,0.598802395209581,11.0778443113772,0,0,0,0,0,0
164679,11144,0,2.85714285714286,0,0.857142857142857,1.42857142857143,6.57142857142857,0,0,0.285714285714286,0,0,0,0,0,0.857142857142857,0.857142857142857,0,0,1.42857142857143,0.285714285714286,0,0,0,2,2.28571428571429,0,0,0.285714285714286,0.285714285714286,0,0.285714285714286,3.42857142857143,0.571428571428571,0,0.857142857142857,0,0.571428571428571,0,0.285714285714286,0,0,0,0.571428571428571,0,0,0,8.57142857142857,0,27.4285714285714,5.14285714285714,4.85714285714286,0,3.71428571428571,0,1.42857142857143,0,0.857142857142857,0,0,2.85714285714286,1.42857142857143,0,0,0.857142857142857,0,0,0,0.571428571428571,0,0,0,0,0.285714285714286,0.285714285714286,0,0.571428571428571,2,10.8571428571429,0,1.14285714285714,0.285714285714286,0,0,0
164680,11308,6.09756097560976,1.21951219512195,0,1.82926829268293,0.304878048780488,6.40243902439024,0,0,0,0,0,0.609756097560976,0.609756097560976,0,3.04878048780488,1.82926829268293,0,0,0.914634146341463,0,0.304878048780488,0,0,1.21951219512195,0.609756097560976,0.609756097560976,0,0,0.609756097560976,0,1.21951219512195,6.40243902439024,0,0,0,0,0,0.914634146341463,0,0,0,0,0,0,0,0,6.09756097560976,0,16.4634146341463,16.7682926829268,2.4390243902439,0,0.304878048780488,0,1.82926829268293,0,0,0,0,6.09756097560976,1.52439024390244,0,0,0,0,0,0,0.914634146341463,0,0,0,0,0,0,0,0.609756097560976,0.304878048780488,11.890243902439,0,0,0,0,0,0
164681,11498,6.50887573964497,1.4792899408284,0.29585798816568,0.887573964497041,0.29585798816568,5.02958579881657,0,0.887573964497041,0.29585798816568,0,0.29585798816568,1.18343195266272,0,0,5.02958579881657,1.77514792899408,0,0,0.591715976331361,0,0,0,0,2.9585798816568,1.77514792899408,0.591715976331361,0,0,0,0.29585798816568,0.29585798816568,2.9585798816568,0.29585798816568,0,1.4792899408284,0,0,0,0.29585798816568,0,0,0,0.29585798816568,0,0,0,2.9585798816568,0,11.2426035502959,19.3786982248521,2.9585798816568,0.14792899408284,1.77514792899408,0,0.29585798816568,0,0.29585798816568,0,0,2.9585798816568,0,0,0,0.887573964497041,0.591715976331361,0,0,0,0,0,0.29585798816568,0,0.29585798816568,0,0.29585798816568,1.4792899408284,0.591715976331361,16.5680473372781,0,1.18343195266272,0,0,0,0
164682,11694,4.67571644042232,1.50829562594268,0.301659125188537,0.603318250377074,0.904977375565611,5.7315233785822,0,0.904977375565611,0.603318250377074,0,0,0,0,0,1.20663650075415,0.904977375565611,0,0,0.603318250377074,0,0,0,0,1.50829562594268,1.20663650075415,1.80995475113122,0,0,0,0,0.301659125188537,2.11161387631976,0.301659125188537,0,0,0,0.603318250377074,0,1.20663650075415,0,0,0,0,0,0.301659125188537,0,1.50829562594268,0,23.8310708898944,24.132730015083,5.7315233785822,1.50829562594268,1.20663650075415,0,1.50829562594268,0,0.904977375565611,0,0,0.904977375565611,0.301659125188537,0,0,0,0,0,0,0,0,0,0,0,0.603318250377074,0,0.301659125188537,1.20663650075415,0.301659125188537,7.54147812971342,0,1.20663650075415,0,0,0,0
164683,11953,14.8936170212766,0.911854103343465,0,0.60790273556231,0.60790273556231,3.95136778115502,0,0.911854103343465,1.51975683890578,0.303951367781155,0,0.60790273556231,0.303951367781155,0,1.21580547112462,0.911854103343465,0,0,0.303951367781155,0,0,0,0,3.03951367781155,0,1.21580547112462,0,0.303951367781155,0,0,1.21580547112462,1.51975683890578,0.60790273556231,0,0.911854103343465,0,0,0,1.51975683890578,0,0,0,0,0,0,0,3.3434650455927,0,32.2188449848024,9.72644376899696,3.95136778115502,1.51975683890578,1.51975683890578,0,0.911854103343465,0,0,0,0,1.51975683890578,0,0,0,0.911854103343465,0.911854103343465,0,0,0,0,0,0,0,0,0.303951367781155,0,1.21580547112462,0,4.25531914893617,0,0,0.303951367781155,0,0,0
164684,12264,6.426735218509,3.34190231362468,0,0.51413881748072,0,4.62724935732648,0,1.02827763496144,0.77120822622108,0.25706940874036,1.79948586118252,1.54241645244216,0.25706940874036,0.51413881748072,1.2853470437018,1.54241645244216,0,0,0.77120822622108,0,0,0,0,5.39845758354756,0.77120822622108,2.82776349614396,0,1.2853470437018,0,0,0.25706940874036,2.31362467866324,1.02827763496144,0,0.77120822622108,0,0,0,1.79948586118252,0,0,0,0,0.25706940874036,0,0,8.48329048843188,0,23.5218508997429,2.82776349614396,1.2853470437018,0.38560411311054,1.79948586118252,0,3.59897172236504,0,1.2853470437018,0,0,5.65552699228792,0.25706940874036,0,0,0,1.2853470437018,0.25706940874036,0,0.25706940874036,0,0,0,0.25706940874036,0.25706940874036,0.25706940874036,0,1.54241645244216,1.2853470437018,3.08483290488432,0,1.02827763496144,0,0,0,0
164685,12570,4.12087912087912,4.12087912087912,0,2.47252747252747,0.824175824175824,8.79120879120879,0,0.274725274725275,0,0,1.0989010989011,0.274725274725275,0.274725274725275,0,1.64835164835165,1.64835164835165,0,0,8.51648351648352,0,0,0,0.274725274725275,1.64835164835165,1.64835164835165,1.37362637362637,0,0.274725274725275,0.274725274725275,0,0.549450549450549,1.37362637362637,1.92307692307692,0,0.824175824175824,0,0.824175824175824,0,1.0989010989011,0,0,0.274725274725275,0,0.274725274725275,0,0,6.04395604395604,0,9.47802197802198,3.43406593406593,0,0,1.92307692307692,0,3.2967032967033,0,0.824175824175824,0,0,13.4615384615385,1.0989010989011,0,0,1.64835164835165,0,0.274725274725275,0,0.274725274725275,0,0,0,0,0,0,0.274725274725275,0.549450549450549,0.824175824175824,9.89010989010989,0,0,0,0,0,0
164686,12853,6.06060606060606,2.02020202020202,0,0.757575757575758,2.27272727272727,4.29292929292929,0,0.505050505050505,0,0.252525252525253,1.01010101010101,1.51515151515152,0.252525252525253,0,0.252525252525253,2.02020202020202,0,0.505050505050505,4.7979797979798,0,0.252525252525253,0,0,3.03030303030303,0,3.53535353535354,0,0,0.757575757575758,0,1.51515151515152,6.81818181818182,1.01010101010101,0,1.51515151515152,0,0.252525252525253,0.757575757575758,0.252525252525253,0,0,0,0,0,0,0,9.84848484848485,0,13.1313131313131,0,0.505050505050505,0.505050505050505,1.01010101010101,0,5.05050505050505,0,3.28282828282828,0,0,5.80808080808081,0.505050505050505,0.252525252525253,0,0.252525252525253,2.02020202020202,0,0,1.01010101010101,0,0,0,0,1.26262626262626,0.252525252525253,0.252525252525253,0.505050505050505,2.52525252525253,5.80808080808081,0,0,0,0,0,0
164687,13208,5.10471204188482,1.04712041884817,0.523560209424084,1.57068062827225,0.261780104712042,4.18848167539267,0,0.261780104712042,0.523560209424084,0.261780104712042,2.09424083769634,0.261780104712042,0,0,0.523560209424084,0,0,1.04712041884817,0.523560209424084,0,0.261780104712042,0,0.261780104712042,3.40314136125654,0.785340314136126,1.57068062827225,0.261780104712042,0,0.261780104712042,0.523560209424084,1.83246073298429,16.4921465968586,0,0,1.04712041884817,0,0.261780104712042,0.261780104712042,0,0,0,0,0,0,0,0.523560209424084,10.2094240837696,0,17.5392670157068,0.261780104712042,0,0.130890052356021,0.261780104712042,0,7.06806282722513,0,1.83246073298429,0,0,6.80628272251309,0.523560209424084,0,0,0.261780104712042,0.523560209424084,0,0,0.261780104712042,0,0,0,0,0.261780104712042,0,0.261780104712042,0,3.66492146596859,3.1413612565445,0,1.04712041884817,0,0,0,0
164688,13350,0.531914893617021,4.78723404255319,0,1.32978723404255,0.265957446808511,6.64893617021277,0,0,0.797872340425532,0.265957446808511,1.86170212765957,0.797872340425532,1.32978723404255,0,0.531914893617021,0.265957446808511,0,0,0.531914893617021,0,0.265957446808511,0,0,2.3936170212766,2.92553191489362,1.32978723404255,0,0.265957446808511,0,0.531914893617021,0.531914893617021,10.1063829787234,0.265957446808511,0,0.797872340425532,0,0.265957446808511,0.265957446808511,0,0,0,0,0,0,0,0.531914893617021,19.6808510638298,0,17.5531914893617,0.531914893617021,0,0,0.265957446808511,0,3.98936170212766,0,3.45744680851064,0,0,1.32978723404255,1.59574468085106,0,0,1.06382978723404,2.12765957446809,0,0,0.531914893617021,0,0,0,0,0.797872340425532,0,0,0.265957446808511,3.45744680851064,1.86170212765957,0,1.06382978723404,0,0,0,0
164689,13458,2.12201591511936,2.12201591511936,0,0,2.12201591511936,8.48806366047745,0,0.26525198938992,0,0.530503978779841,0.530503978779841,0.26525198938992,0.26525198938992,0,0.26525198938992,0,0,0.795755968169761,1.3262599469496,0.26525198938992,0,0,0.530503978779841,3.71352785145889,1.06100795755968,2.38726790450928,0,0,0,0.26525198938992,0.530503978779841,12.4668435013263,1.3262599469496,0,2.12201591511936,0,0,0.26525198938992,0,0,0,0,0,0,0,0.530503978779841,14.5888594164456,0,14.3236074270557,0,0,0,0.26525198938992,0,7.95755968169761,0,2.38726790450928,0,0,3.97877984084881,0.530503978779841,0,0,0,3.71352785145889,0,0,0.26525198938992,0,0,0,0,0,0,0,0.26525198938992,0.795755968169761,4.24403183023873,0,2.12201591511936,0,0,0,0
164690,13566,0.553250345781466,1.6597510373444,0,0,0.553250345781466,4.9792531120332,0,0,0,0,0.553250345781466,1.10650069156293,0.276625172890733,0,1.10650069156293,0,0,0,0.553250345781466,0,0.276625172890733,0,0,1.10650069156293,2.76625172890733,1.10650069156293,0,0.829875518672199,0,0.276625172890733,1.10650069156293,12.1715076071923,0,0.553250345781466,1.6597510373444,0,0.276625172890733,0,0,0,0,0,0.276625172890733,0,0,0,14.6611341632089,0,31.6735822959889,1.38312586445367,0,0,0,0,3.3195020746888,0,1.6597510373444,0,0,1.93637621023513,0.276625172890733,0,0,0,0.829875518672199,0,0,0,0,0,0,0,0,0,0,0,3.59612724757953,4.70262793914246,0,2.21300138312586,0,0,0,0
164691,13621,1.19363395225464,0,0,0,0.795755968169761,3.18302387267904,0,0.795755968169761,0,0.26525198938992,1.06100795755968,1.06100795755968,0.26525198938992,0,0.26525198938992,0,0,0,0.530503978779841,0.26525198938992,0,0,0.26525198938992,1.85676392572944,1.06100795755968,4.24403183023873,0,0,0,0.795755968169761,1.3262599469496,11.4058355437666,1.59151193633952,0,0.795755968169761,0.26525198938992,0,0,0.26525198938992,0,1.3262599469496,0,0,0,0,0,9.01856763925729,0,31.4323607427056,0,0.26525198938992,0,0,0,3.71352785145889,0,1.3262599469496,0,0,8.75331564986737,1.59151193633952,0,0,0,2.12201591511936,0,0,0,0,0,0,0,0,0,0,0.26525198938992,2.38726790450928,2.6525198938992,0,0,0.26525198938992,1.3262599469496,0,0
164692,13677,1.65394402035623,0.254452926208651,0.508905852417303,0.763358778625954,1.27226463104326,5.59796437659033,0,0,0.763358778625954,0.254452926208651,0.508905852417303,0.254452926208651,1.27226463104326,0,0.763358778625954,0,0,1.27226463104326,1.78117048346056,0.254452926208651,0,0,0,1.52671755725191,1.27226463104326,3.05343511450382,0.508905852417303,0.254452926208651,0.254452926208651,0.763358778625954,2.54452926208651,10.4325699745547,0.508905852417303,0.254452926208651,0.508905852417303,0.508905852417303,0,0.508905852417303,0,0,0,0,0.254452926208651,0,0,0.763358778625954,8.3969465648855,0,29.3893129770992,0.254452926208651,0,0,2.03562340966921,0.254452926208651,6.61577608142494,0,1.27226463104326,0,0,3.30788804071247,1.27226463104326,0,0,0.254452926208651,1.52671755725191,0,0,0,0,0,0,0,0,0,0,0,1.78117048346056,0.254452926208651,0.254452926208651,2.03562340966921,0,0,0,0
164693,13734,4.57142857142857,0.285714285714286,0.285714285714286,0.857142857142857,0.857142857142857,2.85714285714286,0,0,0.571428571428571,0,0.571428571428571,0.285714285714286,0.285714285714286,0,0.571428571428571,0,0,0,0.571428571428571,0,0,0.285714285714286,0,1.14285714285714,1.14285714285714,1.71428571428571,0,0.285714285714286,0,0,2.57142857142857,8,1.14285714285714,0,0.571428571428571,0,0,0,0,0,0.285714285714286,0,0,0,0,0,12.8571428571429,0,37.7142857142857,0,0,0,1.14285714285714,0,3.71428571428571,0,1.14285714285714,0,0,6.28571428571429,0.285714285714286,0,0,0,0.857142857142857,0,0,0,0,0,0,0,0.857142857142857,0,0,0,0.571428571428571,2.57142857142857,0,2.28571428571429,0,0,0,0
164694,13790,7.40740740740741,2.29885057471264,0.255427841634738,0,1.53256704980843,6.89655172413793,0,0,0,0.255427841634738,2.04342273307791,0.510855683269476,0,0,1.02171136653895,0,0,0.255427841634738,1.02171136653895,0,0,0,0,1.02171136653895,0.510855683269476,1.53256704980843,0,0.510855683269476,0,0.255427841634738,2.04342273307791,9.19540229885057,1.02171136653895,0,1.02171136653895,0,0,0,0.766283524904214,0,0,0,0,0,0.255427841634738,0,6.89655172413793,0.255427841634738,31.5453384418902,0,0,0,0.255427841634738,0,4.08684546615581,0,1.02171136653895,0,0,1.53256704980843,1.53256704980843,0,0,0,0.510855683269476,0,0,0.255427841634738,0,0,0,0,0,0,0,0.255427841634738,4.85312899106003,1.27713920817369,0,3.83141762452107,0.255427841634738,0,0,0
164695,13845,1.08843537414966,0,0.272108843537415,0.816326530612245,0.272108843537415,4.35374149659864,0,0.272108843537415,0,0.272108843537415,0,0.272108843537415,0,0,1.36054421768707,0,0,0,1.63265306122449,0,0,0,0,0,0.272108843537415,2.44897959183673,0.816326530612245,0,0,0.272108843537415,1.63265306122449,11.9727891156463,0.816326530612245,0,1.08843537414966,1.08843537414966,0.272108843537415,0,0,0,1.9047619047619,0,0,0,0.272108843537415,0,11.156462585034,0,34.421768707483,0,0,0,1.08843537414966,0,3.26530612244898,0,2.44897959183673,0,0,4.62585034013605,0.54421768707483,0,0,0,2.44897959183673,0,0,0,0,0,0,0,0.272108843537415,0,0,0,1.9047619047619,1.9047619047619,0,2.17687074829932,0.272108843537415,0,0,0
164696,13900,1.0230179028133,1.0230179028133,0.255754475703325,0.767263427109974,0.767263427109974,6.64961636828645,0,0,0.255754475703325,0.255754475703325,0.255754475703325,0.51150895140665,0,0,1.53452685421995,0,0,0.255754475703325,0.255754475703325,0,0.255754475703325,0,0.255754475703325,1.79028132992327,0.767263427109974,1.53452685421995,0.255754475703325,0,0,0,1.79028132992327,14.3222506393862,0.255754475703325,0,0.255754475703325,0.255754475703325,0,0,0.51150895140665,0,0,0,0,0,0,0.255754475703325,8.18414322250639,0,25.3196930946292,0.255754475703325,0,0,0.767263427109974,0,8.69565217391304,0,2.30179028132992,0,0,5.88235294117647,0.51150895140665,0,0,0,1.0230179028133,0,0,0.255754475703325,0,0,0,0.255754475703325,0.51150895140665,0,0,0,4.0920716112532,1.0230179028133,0.255754475703325,4.0920716112532,0.255754475703325,0,0,0
164697,13954,2.29226361031519,0.286532951289398,0,0.573065902578797,0.286532951289398,2.29226361031519,0,0,1.14613180515759,0,0,0.573065902578797,0,0,1.14613180515759,0,0,0,0.859598853868195,0,0,0.286532951289398,0.286532951289398,0,0.573065902578797,1.14613180515759,0.286532951289398,0,0,0.286532951289398,0.573065902578797,3.43839541547278,0,0,0.286532951289398,0,0.573065902578797,0,0.859598853868195,0,0,0,0,0.286532951289398,0,0,5.44412607449857,0,56.1604584527221,0.286532951289398,0.286532951289398,0,0.859598853868195,0,3.15186246418338,0,4.01146131805158,0,0,3.43839541547278,2.00573065902579,0,0,0,1.71919770773639,0,0,0,0,0,0,0,0.286532951289398,0,0,0,0.859598853868195,0.859598853868195,0,2.29226361031519,0,0,0,0
164698,14008,1.7725258493353,0.590841949778434,0,0,0.590841949778434,5.31757754800591,0,0,1.47710487444609,0.590841949778434,0.295420974889217,1.18168389955687,0.590841949778434,0,0.295420974889217,0,0,0,1.47710487444609,0,0,0,0,0,0,0.886262924667651,0,0,0,0.295420974889217,0.295420974889217,0,0,0,0,0,0,0,0,0,0,0,0,0,0,0,2.36336779911374,0,69.8670605612999,0.886262924667651,0,0,0,0,5.61299852289513,0,1.47710487444609,0,0,0.590841949778434,0,0,0,0.590841949778434,1.18168389955687,0,0,0,0,0,0,0,0,0,0,0,1.47710487444609,0.295420974889217,0,0,0,0,0,0
164699,14063,0,0,0,0,0,2.14723926380368,0,0.306748466257669,1.22699386503067,0,0,0.613496932515337,0,0,0.920245398773006,0,0,0,0.613496932515337,0,0,0,0,0,0,0.613496932515337,0,0,0,0,0,0.920245398773006,0,0,0,0,0,0,0.306748466257669,0,0,0,0,0.613496932515337,0,0.306748466257669,0.613496932515337,0,83.7423312883436,0,0,0,0.920245398773006,0,2.76073619631902,0,0.306748466257669,0,0,0.613496932515337,0.920245398773006,0,0,0.306748466257669,0.306748466257669,0,0,0,0,0,0,0,0.306748466257669,0,0,0,0.306748466257669,0.306748466257669,0,0,0,0,0,0
164700,14138,0.842696629213483,0,0,0,0.561797752808989,2.24719101123596,0,0.280898876404494,1.40449438202247,0,0.842696629213483,1.12359550561798,1.12359550561798,0,1.12359550561798,0,0,0,0,0,0,0,0,0.280898876404494,0.280898876404494,0.280898876404494,0.280898876404494,0,0,0,0.280898876404494,0.561797752808989,0.280898876404494,0,0.842696629213483,0,0,0,0.561797752808989,0,0,0,0,0,0,0,0.842696629213483,0,70.5056179775281,1.40449438202247,0,0,0,0,8.42696629213483,0,1.12359550561798,0,0,1.12359550561798,0.561797752808989,0,0,0,1.12359550561798,0,0,0,0,0,0,0,0,0,0,0,1.12359550561798,0.280898876404494,0,0,0.280898876404494,0,0,0
164701,14225,0,0.291970802919708,0,0,0.291970802919708,1.45985401459854,0,0.291970802919708,0.291970802919708,0,0,0.291970802919708,0,0,2.04379562043796,0,0,0,0.583941605839416,0,0,0.291970802919708,0,0.583941605839416,1.16788321167883,0.583941605839416,0,0,0,0,0,0.291970802919708,1.16788321167883,0,0,0.291970802919708,0,0,0,0,0,0,0,0,0,0,1.75182481751825,0,72.5547445255474,0,0,0,0.583941605839416,0,6.13138686131387,0,2.33576642335766,0,0,1.75182481751825,0.583941605839416,0,0,0.291970802919708,1.45985401459854,0,0,0,0,0,0,0,0,0,0,0,1.75182481751825,0.291970802919708,0,0,0.583941605839416,0,0,0
164702,14313,2.08333333333333,1.19047619047619,0,0,2.38095238095238,4.46428571428571,0,0,0.297619047619048,0,0,1.78571428571429,0.892857142857143,0,2.38095238095238,0.595238095238095,0,0.297619047619048,0,0,0,0,0,0.297619047619048,0.892857142857143,1.19047619047619,0,0.297619047619048,0,0,0,0.892857142857143,0.297619047619048,0,0,0,0,0.297619047619048,0.297619047619048,0,0,0,0,0,0,0,2.67857142857143,0,68.1547619047619,0.595238095238095,0,0,0.297619047619048,0,2.08333333333333,0,1.78571428571429,0,0,0,0.595238095238095,0,0,0,0.297619047619048,0,0,0,0,0.297619047619048,0,0,0,0,0.595238095238095,0,1.19047619047619,0.297619047619048,0,0.297619047619048,0,0,0,0
164703,14487,0.563380281690141,0.28169014084507,0.28169014084507,0.28169014084507,1.12676056338028,3.09859154929577,0,0,1.12676056338028,0.28169014084507,0,1.40845070422535,0.28169014084507,0,2.8169014084507,0,0,0,0.563380281690141,0,0,0,0,0,0.563380281690141,2.53521126760563,0,0,0,0,0,0.28169014084507,0.563380281690141,0,0.845070422535211,0,0,0,0.563380281690141,0,0,0,0,0.28169014084507,0,0,0.563380281690141,0,68.169014084507,0.28169014084507,0,0,0.28169014084507,0,3.94366197183099,0,0.563380281690141,0,0,1.97183098591549,0.563380281690141,0,0,0.28169014084507,1.97183098591549,0,0,0,0,0,0,0,0.563380281690141,0,0,0,2.25352112676056,0.28169014084507,0,0.563380281690141,0,0,0,0
164704,14634,0.291970802919708,0,0,0.291970802919708,0.583941605839416,1.16788321167883,0,0.291970802919708,0.583941605839416,0,0,1.16788321167883,0,0,1.75182481751825,0,0,0,1.75182481751825,0,0,0.291970802919708,0,0.583941605839416,0.875912408759124,0.583941605839416,0.291970802919708,0,0,0,0,0,0,0,0.583941605839416,0.875912408759124,0,0,0.875912408759124,0,0,0,0,0,0,0,0.875912408759124,0,70.3649635036496,0.583941605839416,0,0.72992700729927,0.875912408759124,0,4.96350364963504,0,1.45985401459854,0,0,3.21167883211679,0.583941605839416,0,0,0,0.583941605839416,0,0,0,0,0,0,0,1.16788321167883,0,0.583941605839416,0.291970802919708,0.291970802919708,0.291970802919708,0,0,0.291970802919708,0,0,0
164705,14820,2.47813411078717,2.04081632653061,0,0,0.87463556851312,1.74927113702624,0,0.583090379008746,0.583090379008746,0,0.583090379008746,0.583090379008746,0.291545189504373,0,0.87463556851312,0.291545189504373,0,0,0.291545189504373,0,0,0,0,0.583090379008746,0.291545189504373,1.16618075801749,1.16618075801749,0.583090379008746,0,0,0.583090379008746,1.16618075801749,0,0,0.583090379008746,0,0,0,1.16618075801749,0,0,0,0,0,0,0,1.74927113702624,0,68.0758017492711,2.04081632653061,0,0,0,0,4.08163265306122,0,0.87463556851312,0,0,0,0.291545189504373,0,0,1.16618075801749,0.583090379008746,0,0,0,0,0,0,0,0.291545189504373,0,0,0,1.16618075801749,0.87463556851312,0,0,0,0.291545189504373,0,0
164706,15193,0.302114803625378,0.604229607250755,0,0,1.81268882175227,0.604229607250755,0,0.302114803625378,0.604229607250755,0,0.604229607250755,0.604229607250755,0.302114803625378,0,1.20845921450151,0,0,0,0,0,0,0,0,0.302114803625378,1.20845921450151,0.302114803625378,0,0,0,0,0,0,0.302114803625378,0,0.302114803625378,0,0,0.302114803625378,0.302114803625378,0,0,0,0,0.604229607250755,0,0.302114803625378,0,0,80.9667673716012,0,0,0,0.302114803625378,0,3.92749244712991,0,1.81268882175227,0,0,0.302114803625378,0.604229607250755,0,0,0.302114803625378,0,0,0,0,0,0,0,0,0,0,0,0,0.302114803625378,0.302114803625378,0,0.302114803625378,0,0,0,0
164707,15499,2.25563909774436,0.300751879699248,0,0,0,2.10526315789474,0,0,0.300751879699248,0,0,0.300751879699248,1.20300751879699,0,0.601503759398496,0,0,0,0.300751879699248,0,0,0,0,0.300751879699248,0,0.601503759398496,1.20300751879699,0,0,0,0,0,0.300751879699248,0,0.300751879699248,0,0,0,0,0,0,0,0,0,0,0,0.601503759398496,0,83.0075187969925,0.601503759398496,0,0,0,0,3.60902255639098,0,0.601503759398496,0,0,0,0.300751879699248,0,0,0.601503759398496,0,0,0,0,0,0,0,0,0,0,0,0,0,0.300751879699248,0,0.300751879699248,0,0,0,0
164708,15667,0.56980056980057,0,0,0.284900284900285,0.854700854700855,0.56980056980057,0.284900284900285,0.284900284900285,1.42450142450142,0.284900284900285,1.13960113960114,1.13960113960114,0,0,1.70940170940171,0,0,0,0,0,0,0,0,0,0.284900284900285,1.42450142450142,0,0,0,0,0,0.284900284900285,0,0,0,0,0,0,1.13960113960114,0,0,0,0,0,0,0,0,0,75.2136752136752,0.284900284900285,0,0,0,0,7.97720797720798,0,0.854700854700855,0,0,0,0.284900284900285,0,0,0.56980056980057,1.42450142450142,0,0,0,0,0,0,0,0,0,0,0,1.42450142450142,0.284900284900285,0,0,0,0,0,0
164709,15832,2.20913107511046,0.589101620029455,0,0,0,2.35640648011782,0,1.17820324005891,0.883652430044183,0.294550810014728,0.883652430044183,2.65095729013255,0.294550810014728,0,0,0,0,0,0,0.294550810014728,0,0,0,1.47275405007364,0.589101620029455,1.47275405007364,0,0.883652430044183,0,0.294550810014728,0,0,0.589101620029455,0,0,0,0,0,0.883652430044183,0,0,0,0,0,0,0,0,0,74.6686303387334,1.17820324005891,0,0.147275405007364,0,0,2.35640648011782,0,0.589101620029455,0,0,0,0.883652430044183,0,0,0,1.17820324005891,0,0,0,0,0,0,0,0.589101620029455,0,0,0,0.294550810014728,0,0,0.294550810014728,0,0,0,0
164710,15932,0.852272727272727,0.568181818181818,0,0,0,2.55681818181818,0,0,1.42045454545455,0.852272727272727,0.568181818181818,4.26136363636364,0.568181818181818,0,1.13636363636364,0,0,0,0.284090909090909,0.284090909090909,0,0,0,0,0.568181818181818,2.55681818181818,0,0,0,0,0,0,0,0,0.284090909090909,0,0,0,1.42045454545455,0,0,0,0,0.284090909090909,0,0,0.568181818181818,0,71.0227272727273,2.13068181818182,0,0.142045454545455,0,0,3.125,0,1.98863636363636,0,0,0,0.568181818181818,0.284090909090909,0.284090909090909,0,0,0,0,0,0,0,0,0.284090909090909,0,0,0.568181818181818,0,0.568181818181818,0,0,0,0,0,0,0
164711,16016,1.09739368998628,0,0,0,0.274348422496571,1.37174211248285,0.274348422496571,0,0.274348422496571,0.548696844993141,0.823045267489712,2.74348422496571,0,0,0.548696844993141,0,0,0,0,0.548696844993141,0,0,0,0,0.548696844993141,2.19478737997256,0.548696844993141,0.274348422496571,0,0,0,0,0,0,0.823045267489712,0,0,0,2.74348422496571,0,0,0,0,0,0,0,0,0,70.2331961591221,1.64609053497942,0,0.411522633744856,0,0,7.13305898491084,0,1.09739368998628,0,1.09739368998628,0,0.274348422496571,0,0,0,1.09739368998628,0,0.274348422496571,0,0,0,0,0,0,0,0,0,0.548696844993141,0,0,0.548696844993141,0,0,0,0
164712,16096,0.278551532033426,0.557103064066852,0,0,0,1.94986072423398,0,0.835654596100279,0,0.557103064066852,1.67130919220056,3.62116991643454,0.557103064066852,0,0.557103064066852,0,0,0,0,0,0,0,0.557103064066852,0,0,1.39275766016713,0,0.557103064066852,0,0,0,0,0.278551532033426,0,0.278551532033426,0,0,0,1.1142061281337,0,0,0,0,0,0,0,0.278551532033426,0,71.5877437325905,2.78551532033426,0,0.835654596100279,0,0,5.57103064066852,0,1.39275766016713,0,0,0.278551532033426,0.557103064066852,0,0,0.278551532033426,0.835654596100279,0,0,0,0,0,0,0,0,0,0,0,0.835654596100279,0,0,0,0,0,0,0
164713,16177,0,0,0,0.583090379008746,0.87463556851312,2.91545189504373,0,0,0.291545189504373,0.291545189504373,1.16618075801749,1.45772594752187,0,0,0.583090379008746,0,0,0,2.04081632653061,2.62390670553936,0,0,0,0.583090379008746,0,1.45772594752187,0.291545189504373,0,0,0,0,0,0.583090379008746,0,0.291545189504373,0,0,0,2.33236151603499,0,0,0,0,0,0,0.291545189504373,0,0,66.7638483965015,2.33236151603499,0,1.74927113702624,0.291545189504373,0,6.12244897959184,0,2.04081632653061,0,0,0.291545189504373,0,0.291545189504373,0,0.583090379008746,0.291545189504373,0,0.583090379008746,0,0,0,0,0,0,0,0,0,0,0,0,0,0,0,0,0
164714,16258,0.308166409861325,0,0,0,0,1.84899845916795,0,0.308166409861325,0,0,1.84899845916795,1.2326656394453,0.308166409861325,0,0.308166409861325,0,0,0,0.61633281972265,0,0,0,0,0.308166409861325,0.61633281972265,0.61633281972265,0.61633281972265,0,0,0,0,0,0,0,0,0,0,0,0.61633281972265,0,0,0,0,0,0,0,0,0,86.286594761171,0.462249614791988,0,0,0,0,2.4653312788906,0,0.308166409861325,0,0,0.308166409861325,0,0,0,0,0.308166409861325,0,0,0,0,0,0,0,0.308166409861325,0,0,0,0,0,0,0,0,0,0,0
164715,16339,2.36686390532544,0.29585798816568,0,0,0.591715976331361,3.25443786982249,0,0,0,0.29585798816568,0.887573964497041,0.591715976331361,0,0,0.591715976331361,0,0,0,0.591715976331361,0,0,0.29585798816568,0,0.591715976331361,0.29585798816568,0.591715976331361,0,0,0,0,0,0,0,0,0.591715976331361,0,0,0,3.84615384615385,0,0,0,0,0.29585798816568,0,0,0.29585798816568,0,71.4497041420118,0.887573964497041,0,0.14792899408284,0,0,5.02958579881657,0,2.36686390532544,0,0,0.29585798816568,0,0,0,1.77514792899408,0,0,0,0,0,0,0,0,0,0,0.591715976331361,0,0.29585798816568,0.887573964497041,0,0,0,0,0,0
164716,16419,1.34770889487871,0.539083557951483,0,0.269541778975741,0,0.808625336927224,0,1.61725067385445,0.269541778975741,0.269541778975741,0,2.15633423180593,0.808625336927224,0,0.269541778975741,0.539083557951483,0,0.269541778975741,0.269541778975741,0,0,0,0,0,0,2.96495956873315,0,0.269541778975741,0,0,0,0,0.539083557951483,0,0.808625336927224,0,0,0,2.15633423180593,0,0,0,0,0.269541778975741,0,0,0.269541778975741,0,66.9811320754717,4.04312668463612,0,0.134770889487871,0.269541778975741,0,6.73854447439353,0,1.07816711590297,0,0,0,0.269541778975741,0,0,1.07816711590297,0.808625336927224,0,0,0,0,0,0,0,0,0,0,0,1.07816711590297,0,0,0.808625336927224,0,0,0,0
164717,16584,0.551724137931034,0,0,0,0.275862068965517,0,0,1.37931034482759,0,0,0.275862068965517,0,0,0,1.6551724137931,0,0,0,0.275862068965517,0,0,0,0,0,0,0.551724137931034,0,0.551724137931034,0,0,0,0,0,0,2.20689655172414,0.275862068965517,0,0,4.68965517241379,0,0,0,0,2.75862068965517,0,0,0,0,70.7586206896552,0.551724137931034,0,0.275862068965517,0,0,8.82758620689655,0,3.03448275862069,0,0,0,0,0,0,1.10344827586207,0,0,0,0,0,0,0,0,0,0,0,0,0,0,0,0,0,0,0,0
164718,16746,0,0,0,0,0,0.303030303030303,0,0,0,0,0.909090909090909,2.12121212121212,0,0,0,0,0,0,0,0,0,0,0,0,0,0.606060606060606,0,0.303030303030303,0,0,0,0,0,0,0,0,0,0,3.03030303030303,0,0,0,0,0,0.303030303030303,0,0,0,84.8484848484848,0.606060606060606,0,0,0,0,3.63636363636364,0,1.81818181818182,0,0,0,0,0.303030303030303,0,0.303030303030303,0.303030303030303,0,0,0,0.303030303030303,0,0,0,0,0,0,0.303030303030303,0,0,0,0,0,0,0,0
164719,16824,1.4903129657228,0,0,0,0.29806259314456,0.596125186289121,0,0.29806259314456,0.894187779433681,1.19225037257824,0.596125186289121,2.38450074515648,0,0,0.29806259314456,0,0,0,0,0,0,0,0,0.29806259314456,0,0,0.29806259314456,0,0,0,0,0,0,0,0,0,0,0,1.4903129657228,0,0,0,0,0,0,0,0,0,79.7317436661699,1.4903129657228,0,0,0,0,5.06706408345753,0,2.38450074515648,0,0,0,0.29806259314456,0,0,0.29806259314456,0.29806259314456,0,0,0,0,0,0,0,0,0,0,0,0,0,0.29806259314456,0,0,0,0,0
164720,16902,0.304878048780488,0,0,0,0,1.21951219512195,0,0,0,0.609756097560976,0,0.914634146341463,0,0,0.914634146341463,0,0,0,0,0,0,0.304878048780488,0,0,0,0.609756097560976,0.304878048780488,0,0,0,0,0,0,0,0,0,0,0,2.4390243902439,0,0,0,0,0.304878048780488,0,0,0,0,83.9939024390244,1.06707317073171,0,0,0,0,3.35365853658537,0,1.21951219512195,0,0,0,0,0,0,0.609756097560976,0,0,0,0,0,0.914634146341463,0,0,0.304878048780488,0,0,0,0,0.609756097560976,0,0,0,0,0,0
164721,17067,1.59744408945687,0,0,0,0,0.638977635782748,0,0.638977635782748,0,0,0.958466453674121,1.2779552715655,0,0,0,0,0,0,0.638977635782748,0,0,0,0,0,0.319488817891374,0.638977635782748,0.319488817891374,0,0,0,0,0,0,0,0,0,0,0,2.23642172523962,0,0,0,0,0,0,0,0,0,88.1789137380192,0,0,0,0.638977635782748,0,0,0,1.59744408945687,0,0,0,0,0,0,0,0.319488817891374,0,0,0,0,0,0,0,0,0,0,0,0,0,0,0,0,0,0,0
164722,17231,0.603318250377074,0.301659125188537,0,0,0,1.50829562594268,0,0.904977375565611,1.50829562594268,0.301659125188537,0.301659125188537,1.20663650075415,0,0,0.301659125188537,0.603318250377074,0,0,0,0.301659125188537,0,0,0,0.301659125188537,0,0.603318250377074,0,1.20663650075415,0,0,0,0.301659125188537,0,0,0.603318250377074,0,0,0,1.50829562594268,0,0,0,0,0,0,0,0,0,81.5987933634992,1.20663650075415,0.301659125188537,0,0,0,2.4132730015083,0,0.301659125188537,0,0,0,0,0,0,0,0.603318250377074,0,0,0,0,0,0,0,0.904977375565611,0,0,0,0.301659125188537,0,0,0,0,0,0,0
164723,17318,1.14942528735632,1.4367816091954,0.28735632183908,0,0,3.16091954022989,0,0.28735632183908,0.28735632183908,0.574712643678161,1.4367816091954,3.16091954022989,0.28735632183908,0,0,0.574712643678161,0,0,0,0,0,0,0,0.574712643678161,0,2.01149425287356,0,0.862068965517241,0,0,0,0.28735632183908,0.28735632183908,0,0.28735632183908,0,0,0,0.28735632183908,0,0,0,0,0,0,0,0.574712643678161,0,75.7183908045977,1.58045977011494,0,0,0,0,3.16091954022989,0,0.28735632183908,0,0,0,0.28735632183908,0,0,0.574712643678161,0.574712643678161,0,0,0,0,0,0,0,0,0,0,0,0,0,0,0,0,0,0,0
164724,17412,0.887573964497041,0.29585798816568,0,0,0.591715976331361,2.07100591715976,0,0.887573964497041,1.77514792899408,0.29585798816568,0.887573964497041,2.9585798816568,1.18343195266272,0,0.29585798816568,1.18343195266272,0,0,0,0,0,0,0,0.591715976331361,0,2.36686390532544,0,0.29585798816568,0,0,0,0.29585798816568,0.29585798816568,0,0,0,0,0,0,0,0.29585798816568,0,0,0,0,0,0.29585798816568,0,79.2899408284024,0.887573964497041,0,0,0,0,0.29585798816568,0,0.29585798816568,0,0,0,0.591715976331361,0,0,0.29585798816568,0.29585798816568,0,0,0,0,0,0,0,0,0,0,0,0.29585798816568,0,0,0,0,0,0,0
164725,17496,0.597907324364723,0.597907324364723,0,0,0,1.79372197309417,0,0.896860986547085,0.298953662182362,0.298953662182362,0.597907324364723,1.49476831091181,0.597907324364723,0,0.896860986547085,0.597907324364723,0,0,0,0,0,0,0.298953662182362,0.597907324364723,0.298953662182362,0.896860986547085,0,0.298953662182362,0,0,0,0.597907324364723,0,0,0.597907324364723,0,0,0,1.79372197309417,0,0.298953662182362,0,0,0,0,0,0,0,78.7742899850523,1.19581464872945,0.298953662182362,0,0,0,4.18535127055306,0,0.298953662182362,0,0,0,0,0,0,0,0.298953662182362,0,0,0,0,0,0,0,0,0,0,0,0.298953662182362,0.298953662182362,0,0,0,0,0,0
164726,17624,0.837988826815642,0.279329608938547,0,0,0.279329608938547,1.39664804469274,0,0,0.558659217877095,1.11731843575419,0.279329608938547,0.837988826815642,1.11731843575419,0,0.279329608938547,0.837988826815642,0,0,0.279329608938547,0.279329608938547,0,0,0,0,0,2.23463687150838,0,0.558659217877095,0,0.279329608938547,0,1.39664804469274,0.279329608938547,0,1.39664804469274,0,0,0,1.39664804469274,0,0,0,0,0,0,0,0.558659217877095,0,71.2290502793296,0.977653631284916,0.139664804469274,0,0,0,7.26256983240224,0,1.67597765363128,0,0,0.558659217877095,0,0,0,0,1.39664804469274,0,0,0,0,0,0,0,0,0,0,0,0,0.279329608938547,0,0,0,0,0,0
164727,17746,0,0,0,0,0,0.597014925373134,0,0,2.08955223880597,0,0.298507462686567,1.19402985074627,0.298507462686567,0,0.895522388059702,0.298507462686567,0,0,0.895522388059702,0,0,0,0,0.895522388059702,0,1.49253731343284,0,0,0,0,0,0,0,0,0.597014925373134,0,0,0,0.597014925373134,0,0,0,0,0,0,0,0.597014925373134,0,84.1791044776119,2.98507462686567,0,0,0,0,1.19402985074627,0,0,0,0,0.597014925373134,0,0,0,0,0.298507462686567,0,0,0,0,0,0,0,0,0,0,0,0,0,0,0,0,0,0,0
164728,17853,0.894187779433681,0,0,0,0,0.894187779433681,0,0,1.78837555886736,0,1.19225037257824,1.19225037257824,0,0,0,0.29806259314456,0,0,0.29806259314456,0.29806259314456,0,0,0,0.596125186289121,0,1.19225037257824,0.29806259314456,0.29806259314456,0,0,0,0.29806259314456,0.29806259314456,0,0.29806259314456,0,0,0,0.894187779433681,0,0.29806259314456,0,0,0,0,0,0.596125186289121,0,76.7511177347243,4.17287630402385,0,0,0,0,3.27868852459016,0,1.19225037257824,0,0,0.29806259314456,0.29806259314456,0,0,0,0.894187779433681,0,0.29806259314456,0,0.596125186289121,0,0,0,0,0,0,0,0,0,0,0,0.29806259314456,0,0,0
164729,17929,0.593471810089021,2.67062314540059,0.29673590504451,0,0.29673590504451,2.07715133531157,0,0,0.29673590504451,0,1.18694362017804,1.18694362017804,0.890207715133531,0,0.29673590504451,0.593471810089021,0,0,0.890207715133531,0,0,0,0,0.29673590504451,0.29673590504451,0.890207715133531,0,0,0,0,0,1.78041543026706,0.29673590504451,0,1.18694362017804,0,0,0,0.593471810089021,0,0,0,0,0,0,0,0.29673590504451,0,74.7774480712166,0.890207715133531,0,0,0.593471810089021,0,2.37388724035608,0,0.29673590504451,0,0,0.593471810089021,0,0,0,0.890207715133531,0.593471810089021,0,0,0,0,0,0,0,0.29673590504451,0,0,0,0.29673590504451,1.18694362017804,0,0,0.29673590504451,0,0,0
164730,18007,1.44508670520231,0.578034682080925,0,0.578034682080925,0.867052023121387,1.73410404624277,0,0,2.60115606936416,0.867052023121387,0.289017341040462,1.44508670520231,0,0,1.15606936416185,0,0,0,0.578034682080925,1.15606936416185,0.578034682080925,0,0,0.578034682080925,0.289017341040462,1.73410404624277,0.289017341040462,0.578034682080925,0,0.578034682080925,0,0,0,0,0,0,0,0,1.15606936416185,0,0,0,0,0,0,0,0.578034682080925,0,66.9075144508671,3.03468208092486,0,0,0,0,6.35838150289017,0.289017341040462,0.289017341040462,0,0.289017341040462,0.289017341040462,0,0,0,0,0.578034682080925,0,1.44508670520231,0,0,0,0,0,0,0,0,0,0.578034682080925,0,0,0,0,0.289017341040462,0,0
164731,18055,4.49275362318841,0,0,0,0.289855072463768,1.44927536231884,0,0,1.15942028985507,0.869565217391304,0.289855072463768,0.579710144927536,0,0,0.579710144927536,0,0,0,0.579710144927536,1.15942028985507,0,0,0,0.579710144927536,0.289855072463768,3.76811594202899,0,0,0,0,0,0,0,0,0,0,0,0,2.60869565217391,0,0,0,0,0,0,0,0.869565217391304,0,64.6376811594203,4.78260869565217,0,0,0,0,6.08695652173913,0,0.869565217391304,0,0,0.289855072463768,0.289855072463768,0,0,0,1.44927536231884,0,0.579710144927536,0,0,0,0,0,0.289855072463768,0.289855072463768,0,0,0.579710144927536,0,0,0,0.289855072463768,0,0,0
164732,18097,4.42073170731707,0,0,0,0.304878048780488,1.21951219512195,0,0,0.304878048780488,0,0.304878048780488,1.21951219512195,0.609756097560976,0,0.609756097560976,0,0,0,0,0,0,0,0.304878048780488,0.304878048780488,0,0.914634146341463,0,0,0,0,0,0,0.609756097560976,0,0.609756097560976,0,0,0,3.04878048780488,0,0,0,0,0,0,0,0,0,76.219512195122,1.67682926829268,0,0,0,0,3.96341463414634,0,1.82926829268293,0,0,0,0,0,0,0,0.609756097560976,0,0.914634146341463,0,0,0,0,0,0,0,0,0,0,0,0,0,0,0,0,0
164733,18138,4.42225392296719,0,0,0,0,2.85306704707561,0,0,1.14122681883024,0.570613409415121,2.28245363766049,1.4265335235378,0,0,0.570613409415121,0,0,0,0,0.285306704707561,0,0,0,0,0,1.4265335235378,0,0,0,0,0,0.285306704707561,0.285306704707561,0.285306704707561,0,0,0,0,0.855920114122682,0,0,0,0,0,0,0,1.14122681883024,0,70.6134094151213,0,0,0.14265335235378,0,0,6.56205420827389,0,0.855920114122682,0,0,0,0,0,0,0,0.855920114122682,0,1.4265335235378,0,0,0,0,0,0.570613409415121,0,0,0,0.855920114122682,0,0.285306704707561,0,0,0,0,0
164734,18179,3.3921302578019,0,0,0,0.271370420624152,2.44233378561737,0,0,2.98507462686567,0.542740841248304,1.08548168249661,2.71370420624152,0.814111261872456,0,0.542740841248304,0,0,0,0,0,0,0,0,0,0,1.62822252374491,0,0,0,0,0,0.271370420624152,0,0,0.271370420624152,0,0,0,0.814111261872456,0,0,0,0,0.271370420624152,0,0,0,0,67.842605156038,0.814111261872456,0,0,0,0,9.49796472184532,0,1.35685210312076,0,0,0,0.271370420624152,0,0.271370420624152,0.271370420624152,0,0,1.08548168249661,0,0,0,0,0,0,0,0,0,0.542740841248304,0,0,0,0,0,0,0
164735,18218,10.0699300699301,0,0,0,0.27972027972028,1.95804195804196,0,0,2.51748251748252,0.559440559440559,1.67832167832168,2.23776223776224,0.27972027972028,0,0,0,0,0,0,0,0,0,0,0.27972027972028,0,1.3986013986014,0,0,0,0,0,0,0.27972027972028,0,0.27972027972028,0.27972027972028,0,0,0.559440559440559,0,0,0,0,0,0,0,0,0,65.1748251748252,1.11888111888112,0,0.13986013986014,0.559440559440559,0,6.43356643356643,0,0.839160839160839,0.27972027972028,0,0,0,0,0,0,0.839160839160839,0,0.27972027972028,0.27972027972028,0,0,0,0,0,0,0,0,0.839160839160839,0,0.559440559440559,0,0,0,0,0
164736,18282,4.87483530961792,0,0,0,0,0.790513833992095,0,0,0.790513833992095,0.263504611330698,0.790513833992095,3.16205533596838,0.790513833992095,0,0.263504611330698,0,0,0,0,0,0,0,0,0,0,4.21607378129117,0,0,0,0,0,0,0.263504611330698,0,1.84453227931489,0,0,0,1.05401844532279,0,0,0,0,0.263504611330698,0,0,0,0,67.7206851119895,1.58102766798419,0,0.263504611330698,0.263504611330698,0,5.27009222661397,0,0.790513833992095,1.05401844532279,0,0,0,0,0,0.263504611330698,0.527009222661397,0,0.790513833992095,0,1.31752305665349,0,0,0,0,0,0,0,0.263504611330698,0,0.527009222661397,0,0,0,0,0
164737,18352,4.86725663716814,0,0,0,0,1.76991150442478,0,0,2.94985250737463,0,0.294985250737463,0.884955752212389,0.294985250737463,0,0.294985250737463,0,0,0,0.294985250737463,0,0,0,0,0,0.294985250737463,2.06489675516224,0,0,0,0,0,0,0,0,0.589970501474926,0,0,0,2.94985250737463,0,0,0,0,0,0,0,0,0,67.9941002949852,3.24483775811209,0,0.294985250737463,0.294985250737463,0,6.48967551622419,0,2.65486725663717,0,0,0,0,0,0,0,0.589970501474926,0,0,0,0,0,0,0,0,0,0,0,0.589970501474926,0.294985250737463,0,0,0,0,0,0
