Depth,Age,Half.Pinus,Pinus.subg..Strobus,Pinus.subg..Pinus,Pinus.undiff.,Total.Pinus,Picea,Half.Picea,Total.Picea,Abies,Half.Abies,Total.Abies,Juniperus.type,Taxodium,Tsuga,Betula,Alnus,Quercus,Carya,Ostrya.Carpinus,Ulmus,Fraxinus.pennsylvanica.type,Fagus,Acer.saccharum.type,Acer.rubrum.type,Acer.undiff,Total.Acer,Salix,Corylus,Juglans.nigra,Platanus,Castanea,Ilex,Vitis,Liquidambar,Nyssa,cf..Serenoa,Magnolia.cf..virginiana,Celtis,Myrica,Ericaceae,Cephalanthus,Clethra,Rosaceae.undiff.,Sambucus,Cornus,Tilia,Poaceae,Cyperaceae,Artemisia,Ambrosia.type,Iva.type,Other.Tubuliflorae,Liguliflorae,Amaranthaceae,Thalictrum,Other.Ranunculaceae,Apiaceae,Brassicaceae,Caryophyllaceae,Polygonella.polygama.type,Polygonella.fimbriata.type,Rumex,Polygonella.ciliata,Eriogonum,Selaginella..arenicola.,Dryopteris.type,Pteridium.type,Osmunda.cinnamomea,Polypodium,Botrychium.type,Indeterminate,Unknown,Terrestrial.Sum,Equisetum,Isoetes,Brasenia,Nuphar,Nymphoides,Nymphaea,Sagittaria,Bidens,Cambomba,Rhexia,Hydrocotyle,Polygonum.amphibium.type,Ludwigia,Potamogeton,Utricularia,Lemnoceae,Myriophyllum,Sphagnum,Eriocaulon,Sparganium,Typha,Upland.Herbs,TreesandShrubs
510.5,10860,31.18741059,0,0,22.31759657,37.91130186,0,0,0,0,0,0,0.286123033,0,0,0.286123033,0,42.6323319,0.572246066,0.572246066,0.572246066,0.572246066,0,0,0,0,0,0,0,0,0,0,0,0.572246066,0,0,0,0,0,0.286123033,0,0,0,0,0,0,0,5.436337625,0.286123033,0.572246066,2.00286123,0.858369099,3.433476395,0,2.00286123,0,0,0,0,0.286123033,0,0,0,0,0,0,0,0,0,0,0,0.572246066,0.286123033,100,0,0,0,0,0,0,0,0,0,0,0,0,0,0,0,0,0.568990043,0,0,0,0,15.73676681,84.26323319
514.5,10917,32.69513991,0,0,19.44035346,35.78792342,0,0,0,0,0,0,0.29455081,0,0,0.88365243,0,45.06627393,1.17820324,0,0,0.58910162,0,0,0,0,0,0.58910162,0.29455081,0,0,0,0,0.58910162,0,0,0,0,0,0,0,0,0,0,0,0,0,5.30191458,1.17820324,0.29455081,2.65095729,0,3.82916053,0,1.17820324,0,0,0,0,0,0,0,0,0.29455081,0,0,0,0,0,0,0,0,0,100,0,0,0,0,0,0,0,0,0,0,0,0,0,0,0,0,0,0,0,0,0,14.7275405,85.2724595
556.5,11504,52.22929936,0,0,31.52866242,57.6433121,0,0,0,0,0,0,0.318471338,0,0,0,0,31.84713376,1.592356688,0.318471338,0.318471338,0.318471338,0,0,0,0,0,0.318471338,0,0,0,0,0,0.318471338,0,0,0,0,0,0.318471338,0,0,0,0.318471338,0,0,0,3.184713376,0.636942675,0.318471338,0.955414013,0,0,0,0.636942675,0,0,0,0,0,0,0,0,0,0,0,0,0,0,0,0,0.636942675,0,100,0,0,0.317460317,0,0,0,0,0,0,0,0,0,0,0,0,0,0,0,0,0,0,6.369426752,93.63057325
560.5,11561,59.68586387,0,0,30.36649215,60.20942408,0,0,0,0,0,0,0.261780105,0,0,0,0.261780105,28.0104712,2.617801047,0.523560209,0.261780105,0,0,0,0,0,0,0,0,0,0.523560209,0,0,0,0,0,0,0,0,0,0,0,0,0,0,0.261780105,0,1.308900524,0.261780105,0.261780105,1.308900524,0,1.570680628,0,0,0,0,0,0,0,0,0,0,0.261780105,0,0,0,0,0,0,0,2.094240838,0,100,0,0,0,0,0,0,0,0,0,0,0,0,0,0,0,0,0,0,0,0,0,7.068062827,92.93193717
562.5,11590,50.69984448,0,0,28.61586314,53.96578538,0,0,0,0,0,0,0.933125972,0,0,0.622083981,0.311041991,30.17107309,2.177293935,0.622083981,0.311041991,0,0,0,0,0,0,0,0,0,0,0,0,0,0.622083981,0,0,0,0,0,0,0,0,0.311041991,0,0,0,1.555209953,1.555209953,0.311041991,2.177293935,0,0.622083981,0,1.866251944,0,0,0,0,0,0,0,0,0,0,0,0,0,0,0,0,1.866251944,0,100,0,0,0,0,0,0,0,0,0,0,0,0,0,0,0,0,0,0,0,0,0,9.953343701,90.0466563
568.5,11671,63.14152411,0,0,31.10419907,62.67496112,0,0,0,0,0,0,1.244167963,0,0,0.311041991,0,26.43856921,1.555209953,0.311041991,0,0.311041991,0,0,0,0,0,0,0,0,0,0,0,0.311041991,0.622083981,0,0,0,0,0,0,0,0,0,0,0,0,1.555209953,0.622083981,0.311041991,0.311041991,0,1.244167963,0.311041991,1.244167963,0,0,0,0,0,0,0,0,0,0,0,0,0,0,0,0.311041991,0,0.311041991,100,0,0,0,0,0,0,0,0,0,0,0,0,0,0,0,0,0,0,0,0,0,6.220839813,93.77916019
572.5,11725,52.19638243,0,0,29.45736434,55.55555556,0,0,0,0,0,0,0.775193798,0,0,0.516795866,0.258397933,31.78294574,1.80878553,0.775193798,0.258397933,0.775193798,0,0,0,0,0,0,0,0,0,0,0,0,0.258397933,0,0,0,0,0,0,0,0,0,0,0,0,1.550387597,0.258397933,0.775193798,1.550387597,0,1.033591731,0,0.516795866,0,0,0,0,0,0,0,0,0,0,0,0,0,0,0,0,1.291989664,0.258397933,100,0,0,0,0,0,0,0,0,0,0,0,0,0,0,0,0,0,0,0,0,0,7.235142119,92.76485788
576.5,11799,53.29815303,0,0,37.20316623,63.85224274,0,0,0,0,0,0,0,0,0,0.263852243,0.527704485,22.69129288,3.693931398,0.263852243,1.583113456,0.263852243,0,0,0,0,0,0.263852243,0,0,0,0,0,0,0,0,0,0,0,0.263852243,0,0,0,0,0,0,0,0.791556728,1.319261214,0.263852243,0.791556728,0,0.263852243,0,1.055408971,0,0,0,0,0,0,0,0,0,0,0,0,0,0,0,0,1.846965699,0,100,0,0,0,0,0,0,0,0,0,0,0,0,0,0,0,0,0,0,0,0,0,6.332453826,93.66754617
580.5,11913,47.70642202,0,0,28.13455657,51.98776758,0,0,0,0,0,0,0.917431193,0,0,0.305810398,0.611620795,33.33333333,1.22324159,0,1.22324159,0,0,0.611620795,0,0,0.611620795,0,0,0,0,0,0,0,0,0,0,0,0,0,0,0,0,0,0,0,0,1.834862385,0.917431193,0,0.305810398,0,1.529051988,0,2.44648318,0,0,0,0,0,0,0,0,0,0,0,0.305810398,0,0,0,0.305810398,0.917431193,0.611620795,100,0,0,0,0,0,0,0,0,0,0,0,0,0,0,0,0,0,0,0,0,0,9.785932722,90.21406728
584.5,12044,50.0723589,0,0,19.68162084,44.71780029,0,0,0,0,0,0,0.289435601,0,0,0.289435601,0,37.04775687,4.052098408,1.447178003,0.289435601,0.578871201,0.289435601,0,0,0,0,0,0,0.289435601,0.289435601,0,0.289435601,0.578871201,0.578871201,0,0,0,0,0,0,0,0,0,0,0,0,2.894356006,0.289435601,0,1.157742402,0,0.578871201,0,2.315484805,0,0,0,0,0,0,0,0,0,0,0,0,0,0,0,0,1.736613603,0,100,0,0,0,0,0,0,0,0,0,0,0,0,0,0,0,0,0,0,0,0,0,8.972503618,91.02749638
588.5,12169,54.96402878,0,0,29.35251799,56.83453237,0,0,0,0,0,0,0.575539568,0,0,0,0.287769784,32.8057554,2.014388489,0,0.287769784,0,0,0,0,0,0,0,0,0.575539568,0,0,0,0,0.575539568,0,0,0,0,0,0,0,0,0,0,0,0,1.726618705,0.863309353,0.575539568,0.287769784,0,0.575539568,0,0.575539568,0,0,0,0,0,0,0,0,0,0,0,0,0,0,0,0.287769784,1.151079137,0,100,0,0,0,0,0,0,0,0,0,0,0,0,0,0,0,0,0.286944046,0,0,0,0,6.043165468,93.95683453
592.5,12295,47.02549575,0,0,25.21246459,48.72521246,0,0,0,0,0,0,0.849858357,0,0,1.699716714,0,30.31161473,3.682719547,1.133144476,0.566572238,0,0,0,0,0,0,0,0,0,0,0,0,0,0.566572238,0,0,0,0,0.566572238,0,0,0,0,0,0,0,3.116147309,1.416430595,1.416430595,1.983002833,0,1.133144476,0,1.699716714,0,0,0,0,0,0,0,0,0,0,0,0.283286119,0,0,0,0,0.849858357,0,100,0,0,0,0,0,0,0,0,0,0,0,0,0,0,0,0,0,0,0,0,0,11.898017,88.101983
596.5,12422,34.90304709,0,0,41.55124654,59.00277008,0,0,0,0,0,0,0.27700831,0,0,0,0.55401662,25.20775623,4.432132964,0.831024931,0.27700831,0.27700831,0,0,0,0,0,0,0,0,0,0,0,0,0,0.27700831,0,0,0,0,0,0,0,0,0,0,0,2.216066482,0.27700831,0.55401662,1.108033241,0,0.831024931,0,3.601108033,0,0,0,0,0,0,0,0,0,0,0,0,0,0,0,0,0.27700831,0,100,0,0,0,0,0,0,0,0,0,0,0,0,0,0,0,0,0,0,0,0,0,8.864265928,91.13573407
600.5,12551,34.42136499,0,0,39.46587537,56.67655786,0,0,0,0,0,0,1.78041543,0,0,0.296735905,0,23.14540059,2.670623145,1.78041543,2.077151335,0.296735905,0.296735905,0,0,0,0,0.296735905,0,0,0,0,0,0.296735905,0,0,0,0,0,0,0,0,0,0,0,0,0,1.18694362,0.890207715,0.890207715,1.483679525,0,1.78041543,0,2.37388724,0,0,0,0,0,0,0,0,0.296735905,0,0,0,0,0,0,0,1.483679525,0,100,0,0,0,0,0,0,0,0,0,0,0,0,0,0,0,0,0,0,0,0,0,10.38575668,89.61424332
604.5,12665,31.57894737,0,0,24.76780186,40.55727554,0,0,0,0,0,0,1.238390093,0,0,0.619195046,0.619195046,32.50773994,2.786377709,0.309597523,2.167182663,0.619195046,1.238390093,0,0,0,0,0,0,0,0,0,0,0.309597523,0.309597523,0.309597523,0,0,0,0,0,0,0,0,0,0,0,5.572755418,0.619195046,1.547987616,1.857585139,0,2.786377709,0,1.547987616,0,0,0,0,0,0,0,0,1.238390093,0,0,0,0,0,0,0,0.92879257,0.309597523,100,0,0,0,0,0,0,0,0,0,0,0,0,0,0,0,0,0,0,0,0,0,16.40866873,83.59133127
608.5,12762,21.26436782,0,0,17.24137931,27.87356322,0,0,0,0,0,0,0.574712644,0,0,0.287356322,0.574712644,30.17241379,2.586206897,1.149425287,2.011494253,0.287356322,1.149425287,0,0,0,0,0,0,0,0,0,0,0.862068966,1.149425287,0,0,0,0,0.287356322,0,0,0,0,0,0,0,3.735632184,0.574712644,1.436781609,4.885057471,0,8.333333333,0,6.609195402,0,0,0,0,0,0,0.862068966,0,0.862068966,0,0,0,0,0,0,0,3.16091954,0.574712644,100,0,0,0.286532951,0,0,0,0,0,0,0,0,0,0,0,0,0,0,0,0,0,0,31.03448276,68.96551724
612.5,12841,29.26829268,0,0,19.81707317,34.45121951,0,0,0,0,0,0,1.829268293,0,0,0,0,21.64634146,1.829268293,1.524390244,1.219512195,0.304878049,0.304878049,0.304878049,0,0,0.304878049,0.304878049,0,0,0,0,0,0.304878049,0.304878049,0.304878049,0,0,0.304878049,0.609756098,0,0,0,0,0,0,0,2.43902439,0.914634146,1.829268293,6.097560976,0,13.41463415,0,5.792682927,0,0,0,0,0,0,0.914634146,0,0,0,0,0,0,0,0,0,1.219512195,1.524390244,100,0,0,0,0,0,0,0,0,0,0,0,0.303951368,0,0,0,0,0,0,0,0,0,34.45121951,65.54878049
616.5,12875,30.32159265,0,0,23.88973966,39.05053599,0,0,0,0,0,0,1.837672282,0,0,0.306278714,0,19.90811639,3.981623277,0.612557427,1.837672282,0.306278714,0.918836141,0,0,0,0,0,0,0,0,0,0,0.306278714,0.306278714,0,0,0,0,0.306278714,0,0,0,0,0,0,0,3.675344564,0.918836141,0.306278714,7.044410413,0,9.800918836,0,6.431852986,0,0,0,0,0,0,0.306278714,0,0.918836141,0,0,0,0,0,0,0,0.918836141,0,100,0,0,0,0,0,0,0,0,0,0,0,0,0,0,0,0,0.305343511,0,0,0,0,30.32159265,69.67840735
620.5,12910,31.48148148,0,0,26.54320988,42.28395062,0,0,0,0,0,0,3.395061728,0,0,0,0,26.2345679,4.012345679,2.469135802,2.160493827,0.308641975,1.851851852,0.308641975,0,0,0.308641975,0,0.617283951,0,0,0,0,0,0.308641975,0,0,0,0,0,0.308641975,0,0,0.308641975,0,0,0,2.469135802,0.308641975,0.308641975,3.395061728,0,5.24691358,0,1.851851852,0,0,0,0,0.308641975,0,0,0,0,0,0,0,0,0,0,0,0.925925926,0.308641975,100,0,0,0,0,0,0,0,0,0,0,0,0,0,0,0,0,0,0,0,0,0,15.43209877,84.56790123
624.5,12949,33.02180685,0,0,29.2834891,45.79439252,0,0,0,0,0,0,1.557632399,0,0,0,0,17.75700935,1.557632399,1.557632399,3.115264798,0,0.62305296,1.246105919,0,0,1.246105919,0.31152648,0,0,0,0,0,0,0.31152648,0,0,0,0,0,0,0,0,0,0,0,0,3.738317757,0.31152648,0,5.607476636,0,8.722741433,0,4.361370717,0,0,0,0,0,0,0.31152648,0,0,0.31152648,0,0,0,0,0,0,1.246105919,0.31152648,100,0,0,0,0,0,0,0,0,0,0,0,0,0,0,0,0,0,0,0,0,0,26.1682243,73.8317757
632.5,13021,36.28447025,0,0,21.19013062,39.33236575,0,0,0,0,0,0,6.095791001,0,0,0.580551524,0,20.6095791,3.483309144,1.741654572,0.870827286,0.290275762,1.45137881,0.870827286,0.290275762,0,1.161103048,0,0,0,0.290275762,0,0,0.580551524,0.290275762,0,0,0,0,0.870827286,0,0,0,0,0,0,0,3.483309144,1.161103048,0.870827286,3.773584906,0.580551524,4.063860668,0,5.805515239,0,0,0,0,0,0,0.290275762,0,0.580551524,0,0,0,0,0,0,0,0.290275762,0.290275762,100,0,0,0,0,0,0,0,0,0,0,0,0,0,0,0,0,0,0,0,0,0,22.35123367,77.64876633
636.5,13057,34.39878234,0,0,19.48249619,36.68188737,0,0,0,0,0,0,7.914764079,0,0,0.304414003,0,20.70015221,1.217656012,2.130898021,1.217656012,0,0.608828006,0.304414003,0,0,0.304414003,0,0,0,0.304414003,0,0.304414003,0.304414003,0,0,0,0,0,0,0,0,0,0,0,0,0,6.697108067,0.608828006,1.217656012,4.261796043,0,6.697108067,0,6.392694064,0,0,0,0,0.304414003,0,0,0,1.217656012,0,0,0,0,0,0,0,0.304414003,0,100,0,0,0,0,0,0,0,0,0,0,0,0,0,0,0,0,0,0,0,0,0.303490137,28.00608828,71.99391172
652.5,13208,32.20338983,0,0,27.96610169,44.06779661,0,0,0,0,0,0,3.95480226,0,0,0.282485876,0,21.46892655,2.542372881,1.97740113,1.97740113,0.282485876,0.564971751,0,0,0,0,0,0.282485876,0,0.282485876,0,0,0.282485876,0.282485876,0,0,0,0,0,0,0,0,0,0,0,0,2.259887006,1.412429379,1.129943503,5.367231638,0.282485876,2.542372881,0,4.802259887,0,0,0.564971751,0,0,0,0,0,0.282485876,0,0,0,0,0,0,0,2.259887006,0.847457627,100,0,0,0.280898876,0,0,0,0,0,0,0,0,0,0,0,0.280898876,0,0,0,0,0,0,21.75141243,78.24858757
656.5,13246,26.70623145,0,0,16.02373887,29.3768546,0,0,0,0,0,0,7.418397626,0,0,0.296735905,0,22.55192878,2.37388724,1.483679525,1.18694362,1.18694362,0.59347181,0.890207715,0,0,0.890207715,0,0.296735905,0,0,0,0,1.483679525,0.59347181,0,0,0,0.296735905,0.296735905,0,0,0,0.296735905,0,0,0,3.560830861,0.890207715,2.077151335,7.715133531,0.59347181,5.341246291,0,5.341246291,0,0,0,0,0,0,1.483679525,0,0.890207715,0,0,0,0,0,0,0,0.59347181,0,100,0,0,0,0,0,0,0,0,0,0,0,0,0,0,0,0,0,0,0,0,0,29.3768546,70.6231454
660.5,13292,32.62411348,0,0,23.54609929,39.85815603,0,0,0,0,0,0,5.106382979,0,0,0.567375887,0.283687943,18.72340426,2.553191489,0.85106383,1.985815603,0.283687943,0.85106383,0,0,0,0,0.283687943,0,0,0,0,0,0,0,0,0,0,0,0,0,0,0,0,0,0.283687943,0,3.971631206,0.85106383,0.567375887,2.836879433,0.567375887,7.943262411,0,8.226950355,0,0,0,0,0,0,0,0,0.283687943,0,0,0,0,0,0,0,1.418439716,1.70212766,100,0,0,0,0,0,0,0,0,0,0,0,0,0,0,0,0,0,0,0,0,0,28.36879433,71.63120567
664.5,13365,24.18879056,0,0,17.99410029,30.08849558,0,0,0,0,0,0,5.899705015,0,0,0.589970501,0,26.54867257,1.179941003,1.179941003,1.769911504,0.884955752,0.294985251,0,0,0,0,0.589970501,0,0,0.589970501,0,0,0.884955752,0.884955752,0,0,0,0.294985251,0.589970501,0,0,0,0,0,0,0,5.309734513,2.064896755,0.294985251,3.83480826,0,5.309734513,0,8.259587021,0,0,0.294985251,0,0,0,0.294985251,0,0,0,0,0,0,0,0,0,0.589970501,1.474926254,100,0,0,0,0,0,0,0,0,0,0,0,0,0,0,0,0,0,0,0,0,0,27.72861357,72.27138643
668.5,13454,30.22900763,0,0,28.09160305,43.20610687,0,0,0,0,0,0,5.496183206,0,0,0.610687023,0.305343511,17.40458015,3.664122137,1.832061069,3.969465649,0.916030534,0.916030534,0,0,0,0,0,0,0,0,0,0,0.305343511,0.610687023,0,0,0,1.221374046,0.305343511,0.305343511,0,0,0,0,0,0,3.664122137,0,0,5.496183206,0.916030534,1.832061069,0,5.190839695,0,0,0,0,0,0,0.305343511,0,0.305343511,0,0,0,0,0,0,0,0.916030534,0.305343511,100,0,0,0,0,0,0,0,0,0,0,0,0,0,0,0,0,0,0,0,0,0,18.93129771,81.06870229
672.5,13543,27.62430939,0,0,24.58563536,38.39779006,0,0,0,0,0,0,15.46961326,0,0,0.552486188,0,16.85082873,2.486187845,0.552486188,1.38121547,0.276243094,0.552486188,0,0,0,0,0,0,0,0.276243094,0,0,0.552486188,0,0,0,0,0,0,0,0,0,0,0,0,0,4.696132597,1.38121547,1.38121547,4.972375691,0.276243094,2.762430939,0,5.248618785,0,0,0,0,0,0,0,0,0.276243094,0,0,0,0,0,0,0,0.552486188,1.104972376,100,0,0,0,0,0,0,0,0,0,0,0,0,0,0,0,0,0,0,0,0,0,22.6519337,77.3480663
676.5,13635,33.71943372,0,0,24.71042471,41.57014157,0,0,0,0,0,0,8.751608752,0.257400257,0,0.257400257,0,16.21621622,5.662805663,2.316602317,1.544401544,0,0.257400257,0,0,0,0,0,0,0.257400257,0,0,0,0.772200772,0.257400257,0,0,0,0.257400257,0,0.257400257,0,0,0,0,0.257400257,0,3.603603604,0.514800515,0.772200772,4.118404118,0.257400257,5.148005148,0,5.405405405,0,0,0,0,0,0,0,0,0,0,0,0,0,0,0,0,1.02960103,0.257400257,100,0,0,0,0,0,0,0,0,0,0,0,0,0,0,0,0,0,0,0,0,0,21.10682111,78.89317889
680.5,13727,22.6519337,0,0,30.93922652,42.26519337,0,0,0,0,0,0,8.563535912,0,0,0.276243094,0,19.33701657,3.591160221,3.591160221,1.38121547,0.828729282,1.38121547,0,0.276243094,0,0.276243094,0.276243094,0,0,0.276243094,0,0,0.276243094,0.828729282,0,0,0,0.552486188,0,0,0,0,0.552486188,0,0,0.276243094,2.762430939,0.276243094,1.104972376,4.143646409,0,1.657458564,0,5.248618785,0,0,0,0,0,0,0,0,0,0,0,0,0,0,0,0,0,0,100,0,0,0,0,0,0,0,0,0,0,0,0,0,0,0,0,0,0,0,0,0,15.46961326,84.53038674
684.5,13810,23.10984308,0,0,20.54208274,32.09700428,0,0,0,0,0,0,7.988587732,0,0,0.570613409,0,21.68330956,12.83880171,3.423680456,3.708987161,0.855920114,0.570613409,0,0,0,0,0,0,0,0.855920114,0,0.285306705,0.285306705,0.855920114,0,0,0,1.141226819,0,0,0,0,0,0,0,0,2.567760342,1.711840228,0,3.708987161,0,2.853067047,0,0.855920114,0,0,0,0,0,0,0,0,0,0.285306705,0,0,0,0,0,0,0.570613409,0.285306705,100,0,0,0,0,0,0,0,0,0,0,0,0,0,0,0,0,0,0,0,0,0,12.83880171,87.16119829
688.5,13899,23.01369863,0,0,15.34246575,26.84931507,0,0,0,0,0,0,13.69863014,0,0,0.273972603,0,18.63013699,3.561643836,1.643835616,3.01369863,0.821917808,0.273972603,0,0,0,0,0.273972603,0,0,0.547945205,0,0.273972603,0.273972603,0.547945205,0,0,0,0.821917808,0,0,0,0,0.273972603,0,0,0,4.931506849,1.095890411,0,9.04109589,0.273972603,4.931506849,0,6.02739726,0,0,0,0,0.273972603,0,0.273972603,0,0,0,0,0,0,0,0,0,0.273972603,1.095890411,100,0,0,0.272479564,0,0,0,0,0,0,0,0,0,0,0,0.272479564,0,0,0,0,0,0,28.21917808,71.78082192
692.5,13993,15.80547112,0,0,13.98176292,21.88449848,0,0,0,0,0,0,5.775075988,0,0,0.607902736,0,25.53191489,9.726443769,2.73556231,4.559270517,0.911854103,0.303951368,0,0.607902736,0,0.607902736,0.303951368,0.303951368,0,0,0,0,1.215805471,0,0,0,0,1.519756839,0.303951368,0,0,0,0,0,0,0,3.343465046,0.607902736,0.303951368,10.3343465,0,3.039513678,0,2.73556231,0,0,0.607902736,0,0,0,0,0,0,0,0,0,0,0,0,0,1.215805471,0.911854103,100,0,0,0,0,0,0,0,0,0,0,0,0,0,0,0,0,0,0,0,0,0,23.70820669,76.29179331
696.5,14085,10.89837997,0,0,3.53460972,8.983799705,0,0,0,0,0,0,40.94256259,0,0,0,0,13.25478645,4.12371134,2.9455081,2.06185567,1.17820324,0,0,0,0,0,0,0,0,0,0,0,1.47275405,0.29455081,0,0,0,1.76730486,0,0,0,0,0.29455081,0,0,0.29455081,1.47275405,2.06185567,0,8.24742268,0,4.41826215,0.29455081,2.06185567,0,0,0,0,0.88365243,0,0.29455081,0,0,0,0,0,0,0,0,0,0.88365243,1.76730486,100,0,0,0,0,0,0,0,0,0,0,0,0,0,0,0,0,0,0,0,0,0,22.38586156,77.61413844
700.5,14174,14.32835821,0,0,8.955223881,16.11940299,0,0,0,0,0,0,28.05970149,0,0,0.298507463,0,18.80597015,6.268656716,1.791044776,1.791044776,0.298507463,0.298507463,0,0.298507463,0,0.298507463,0,0,0,0.597014925,0,0,0.298507463,0.298507463,0,0,0,2.985074627,0.597014925,0,0,0,0,0,0.597014925,0,0.298507463,1.791044776,0,8.059701493,0,2.089552239,0,3.880597015,0,0,0,0,0.298507463,0,0,0,0,0,0,0,0,0,0,0,2.686567164,1.194029851,100,0,0,0,0,0,0,0,0,0,0,0,0,0,0,0,0,0.297619048,0,0,0,0,20.59701493,79.40298507
704.5,14254,6.232294618,0,0,3.966005666,7.082152975,0,0,0,0,0,0,43.62606232,0,0,0.283286119,0,7.932011331,1.699716714,0.566572238,1.133144476,0,0,0.283286119,0,0,0.283286119,0,0,0,0.849858357,0,0,0.849858357,0.283286119,0,0,0,1.416430595,0,0,0,0,0,0,0,0,0.566572238,1.133144476,0,16.14730878,0,9.915014164,0,3.116147309,0,0,0,0,0.566572238,0,0,0,0.283286119,0,0,0,0,0,0,0,0.283286119,1.699716714,100,0,0,0,0,0,0,0,0,0,0,0,0,0,0,0,0,0,0,0,0,0,33.99433428,66.00566572
708.5,14330,9.439528024,0,0,5.604719764,10.32448378,0,0,0,0,0,0,27.72861357,0,0,0,0,28.02359882,5.309734513,0.589970501,4.424778761,0,0,0,0,0,0,0,0.294985251,0,0.884955752,0,0,0.589970501,0.294985251,0,0,0,2.359882006,0,0,0,0,0,0,0,0.294985251,2.064896755,1.179941003,0,9.144542773,0,1.179941003,0,3.83480826,0,0,0,0,0,0,0,0,0,0,0,0,0,0,0,0,0.884955752,0.589970501,100,0,0,0,0,0,0,0,0,0,0,0,0,0,0,0,0,0,0,0,0,0,18.87905605,81.12094395
712.5,14407,8.250355619,0,0,2.275960171,6.40113798,0,0,0,0,0,0,19.06116643,0,0,0,0,27.31152205,6.258890469,2.275960171,3.698435277,0.284495021,0,0,0,0,0,0,0,0,0.284495021,0.284495021,0,0.853485064,0.284495021,0,0,0,2.275960171,0,0,0,0,0.284495021,0,0,0,0.853485064,1.422475107,0,10.24182077,0,8.819345661,0,4.836415363,0,0,0.284495021,0,1.706970128,0,0,0,0.284495021,0,0,0.284495021,0,0,0,0,0.568990043,1.137980085,100,0,0,0.282087447,0,0,0,0,0,0,0,0,0,0,0,0.282087447,0,0.282087447,0,0,0,0,30.44096728,69.55903272
716.5,14483,6.259314456,0,0,5.365126677,8.494783905,0,0,0,0,0,0,6.557377049,0,0,0.298062593,0,21.16244411,7.749627422,1.788375559,2.682563338,1.490312966,0.298062593,0,0,0,0,0,0,0,0.298062593,0,0.298062593,0.596125186,0.596125186,0.298062593,0,0,2.682563338,0,0,0,0,0,0,0,0,2.086438152,0.894187779,0.298062593,20.56631893,0.298062593,8.047690015,0,9.239940387,0,0,0,0,0,0,0,0,0.298062593,0,0,0,0,0,0,0,1.788375559,1.192250373,100,0,0,0,0,0,0,0,0,0,0,0,0,0,0,0,0,1.17820324,0,0,0,0,44.70938897,55.29061103
720.5,14553,10.98265896,0,0,8.092485549,13.58381503,0,0,0,0,0,0,14.16184971,0,0,0.289017341,0,32.94797688,7.225433526,2.023121387,2.89017341,0,0.289017341,0.289017341,0,0,0.289017341,0,0.289017341,0,0,0,0,1.156069364,0.867052023,0.289017341,0,0,0.867052023,0.289017341,0,0,0,0,0,0,0,2.601156069,2.312138728,0,5.49132948,0.578034682,4.335260116,0,3.757225434,0,0,0,0,0.289017341,0,0,0,0.289017341,0,0,0,0,0,0,0,1.445086705,1.156069364,100,0,0,0,0,0,0,0,0,0,0,0,0,0,0,0,0,0,0,0,0,0,22.5433526,77.4566474
724.5,14620,15.87301587,0,0,6.926406926,14.86291486,0,0,0,0,0,0,10.96681097,0,0,0,0,30.59163059,6.349206349,1.731601732,2.308802309,0.288600289,0,0,0,0,0,0,0.288600289,0,0.288600289,0,0.288600289,1.154401154,0,0,0,0,1.443001443,0,0,0,0,0,0,0,0,2.308802309,0.865800866,0,11.83261183,0,2.886002886,0,6.637806638,0,0,0.288600289,0,0,0,0.865800866,0,0,0,0,0,0,0,0,0,2.308802309,1.443001443,100,0,0,0,0,0,0,0,0,0,0,0,0,0,0,0,0,0,0,0,0,0,29.43722944,70.56277056
767.5,14671,5.128205128,0,0,8.14479638,10.70889894,0,0,0,0,0,0,22.92609351,0,0,0,0,25.94268477,19.60784314,2.111613876,2.413273002,1.508295626,0.301659125,0.904977376,0,0,0.904977376,0,0.301659125,0,0.301659125,0.301659125,0.301659125,0,1.508295626,0,0,0,0.301659125,0,0,0,0,0,0,0,0.301659125,1.508295626,1.206636501,0.301659125,1.206636501,0,1.809954751,0,1.809954751,0,0,0.60331825,0,0,0,0,0,0.60331825,0,0,0,0,0,0,0,0.301659125,0,100,0,0,0,0,0,0,0,0,0,0,0,0,0,0.30075188,0,0,0,0,0,0,0,10.25641026,89.74358974
728.5,14683,13.72262774,0,0,10.80291971,17.66423358,0,0,0,0,0,0,6.131386861,0,0,0.291970803,0,38.83211679,8.759124088,2.04379562,4.087591241,0.291970803,1.167883212,0,0,0,0,0,0,0,0,0,0.291970803,0.583941606,0.291970803,0,0,0,2.04379562,0,0.291970803,0,0,0,0,0,0.291970803,1.459854015,0.875912409,0,5.547445255,0.583941606,1.167883212,0,2.627737226,0,0,0,0,0,0,0,0,0.583941606,0,0,0,0,0,0,0,3.211678832,0.875912409,100,0,0,0,0,0,0,0,0,0,0,0,0,0,0,0,0,0,0,0,0,0,16.93430657,83.06569343
732.5,14746,9.335219236,0,0,4.243281471,8.910891089,0,0,0,0,0,0,22.34794908,0,0,1.414427157,0,38.7553041,6.506364922,3.111739745,2.828854314,0.848656294,1.131541726,0,0,0,0,0.282885431,0.282885431,0,0.848656294,0.282885431,0,0.282885431,0.565770863,0,0,0,1.697312588,0,0,0,0,0,0,0,0,2.263083451,0.565770863,0.565770863,1.414427157,0,1.414427157,0,1.697312588,0,0,0.282885431,0,0.282885431,0,0,0,0,0,0,0,0,0,0,0,0.565770863,0.848656294,100,0,0,0.281293952,0,0,0,0,0,0,0,0,0,0,0,0,0,0.281293952,0,0,0,0,9.900990099,90.0990099
772.5,14768,2.849002849,0,0,8.547008547,9.971509972,0,0,0,0,0,0,12.53561254,0,0,0,0,35.32763533,22.50712251,1.424501425,3.418803419,1.424501425,1.709401709,0,0,0.284900285,0.284900285,0.284900285,1.13960114,0,0.56980057,0,0,0,0,0.284900285,0,0,1.13960114,0.284900285,0,0,0,0,0,0,0.284900285,0.56980057,0.854700855,0,1.709401709,0,0,0,0.56980057,0,0,0,0,0,0,0,0,1.424501425,0,0,0,0,0,0,0,1.13960114,0.854700855,100,0,0,0,0,0,0,0,0,0,0,0,0,0,0,0,0,0,0,0,0,0,7.407407407,92.59259259
734.5,14782,8.562691131,0,0,5.810397554,10.09174312,0,0,0,0,0,0,7.951070336,0,0,0.305810398,0,37.0030581,10.39755352,4.281345566,3.975535168,0.611620795,0,0.305810398,0,0,0.305810398,0.305810398,0.917431193,0,1.529051988,0,0,0.611620795,0.611620795,0.305810398,0,0,0.305810398,0.917431193,0,0,0,0,0,0,0.305810398,0.917431193,0.305810398,0,5.198776758,0,3.669724771,0,3.669724771,0,0,0.611620795,0,0,0,1.22324159,0,0,0,0,0,0,0,0,0,2.752293578,0.611620795,100,0,0,0,0,0,0,0,0,0,0,0,0,0,0,0,0,0,0,0,0,0,19.26605505,80.73394495
776.5,14848,14.67625899,0,0,9.496402878,16.83453237,0,0,0,0,0,0,17.26618705,0,0,0.863309353,0.287769784,29.64028777,14.67625899,3.45323741,0.575539568,3.165467626,0.575539568,0,0,0,0,0.287769784,0.863309353,0,1.726618705,0.287769784,0,0.287769784,0.575539568,0,0,0,0.575539568,0,0,0,0,0,0,0,0,0.863309353,1.726618705,0,1.438848921,0,1.151079137,0,1.726618705,0,0,0,0,0,0,0,0,0,0,0,0,0,0,0,0,0,1.151079137,100,0,0,0,0,0,0,0,0,0,0,0,0,0,0,0,0,0,0,0,0,0,8.057553957,91.94244604
780.5,14927,7.73480663,0,0,13.25966851,17.12707182,0,0,0,0,0,0,4.143646409,0,0,0.552486188,0,36.74033149,24.03314917,2.486187845,3.038674033,2.486187845,0.552486188,0,0,0.276243094,0.276243094,0,0,0,1.38121547,0,0,0,0.276243094,0,0,0,1.38121547,0,0,0,0,0,0,0,0,0,0.552486188,0,1.933701657,0,0.552486188,0,0,0,0,0,0,0,0,0,0,0.276243094,0,0,0,0,0,0,0,1.657458564,0.276243094,100,0,0,0,0,0,0,0,0,0,0,0,0,0,0,0,0,0.274725275,0,0,0.274725275,0,5.524861878,94.47513812
784.5,15004,5.837173579,0,0,6.758832565,9.677419355,0,0,0,0,0,0,11.3671275,0,0,0.307219662,0,33.79416283,17.51152074,4.301075269,2.457757296,2.150537634,0.921658986,0.614439324,0,0,0.614439324,0,0.614439324,0,1.53609831,0.614439324,0,0,0.307219662,0.307219662,0,0,0.921658986,0,0,0,0,0,0,0,0,0.614439324,3.072196621,0,3.993855607,0,1.843317972,0,1.228878648,0,0,0,0,0,0,0.307219662,0,0,0,0,0,0,0,0,0,0.921658986,0,100,0,0,0,0,0,0,0,0,0,0,0,0,0,0,0,0,0,0,0,0,0,12.59600614,87.40399386
752.5,15070,10.2189781,0,0,9.051094891,14.16058394,0,0,0,0,0,0,13.43065693,0,0,0.291970803,0,42.62773723,11.97080292,2.335766423,3.503649635,0.583941606,1.167883212,0,0,0,0,0,0.291970803,0,0.583941606,0,0,0,0.291970803,0,0,0,1.751824818,0,0,0,0,0,0,0,0.291970803,1.751824818,0,0,1.459854015,0,0.291970803,0,1.751824818,0,0,0,0,0,0,0,0,0,0,0,0,0,0,0,0,1.167883212,0.291970803,100,0,0,0,0,0,0,0,0,0,0,0,0,0,0,0,0,0,0,0,0.291120815,0,6.715328467,93.28467153
788.5,15082,15.94405594,0,0,12.30769231,20.27972028,0,0,0,0,0,0,8.391608392,0,0,0.559440559,0.27972028,29.65034965,15.66433566,4.475524476,0.559440559,1.958041958,2.517482517,0.559440559,0.27972028,0,0.839160839,0.27972028,0.559440559,0,0.839160839,0.27972028,0,0,0.559440559,0,0,0,0.839160839,0.559440559,0,0,0,0,0,0,0,0,1.118881119,0,3.356643357,0,1.118881119,0,0.839160839,0,0,0,0,0.27972028,0,0,0,0,0,0,0,0,0,0,0,2.237762238,1.118881119,100,0,0,0,0,0,0,0,0,0,0,0,0,0,0,0,0,0,0,0,0,0,10.90909091,89.09090909
756.5,15136,7.368421053,0,0,8.157894737,11.84210526,0,0,0,0,0,0,18.94736842,0,0,0.263157895,0,35.26315789,10.78947368,4.210526316,4.210526316,0.526315789,0.789473684,0.263157895,0,0,0.263157895,0.263157895,0.526315789,0,1.052631579,0,0,0,0.789473684,0,0,0,2.368421053,0,0,0,0,0,0,0,0,1.315789474,1.315789474,0,1.578947368,0.263157895,1.315789474,0,0.789473684,0,0,0,0,0,0,0,0,0,0,0,0,0,0,0,0,0.789473684,0.263157895,100,0,0,0,0,0,0,0,0,0,0,0,0,0,0,0,0,0.262467192,0,0,0,0,7.894736842,92.10526316
760.5,15201,13.62229102,0,0,8.978328173,15.78947368,0,0,0,0,0,0,8.359133127,0,0,0.309597523,0,39.9380805,13.00309598,4.334365325,5.882352941,0.619195046,0.619195046,0,0,0,0,0,0,0,0,0,0,0,0.309597523,0.309597523,0,0,1.238390093,0,0,0,0,0,0,0,0,1.857585139,0,0,3.095975232,0.309597523,1.547987616,0,1.857585139,0,0,0,0,0,0,0,0,0,0,0,0,0,0,0,0,0.619195046,0,100,0,0,0,0,0,0,0,0,0,0,0,0,0,0,0,0,0,0,0,0,0,9.287925697,90.7120743
796.5,15235,9.142857143,0,0,14.57142857,19.14285714,0,0,0,0,0,0,5.714285714,0,0,0,0.571428571,30.57142857,14.28571429,3.714285714,3.142857143,1.714285714,1.142857143,0.285714286,0,0.285714286,0.571428571,0,2.571428571,0,1.714285714,0,0.857142857,0,0,0,0,0,0.571428571,0,0,0,0,0,0,0,0,0,0.857142857,0,5.428571429,0.285714286,2,0,1.428571429,0,0,0.285714286,0,0,0,0,0,0,0,0,0,0,0,0,0,2.285714286,0.571428571,100,0,0,0,0,0,0,0,0,0,0,0,0,0,0,0,0,0,0,0,0,0,13.71428571,86.28571429
764.5,15265,14.24501425,0,0,15.0997151,22.22222222,0,0,0,0,0,0,10.54131054,0,0,0,0,28.49002849,19.08831909,2.279202279,1.994301994,0.854700855,1.13960114,0,0,0,0,0,0.854700855,0,1.994301994,0,0.284900285,0.284900285,1.13960114,0,0,0,0.56980057,0,0,0,0,0,0,0,0,0.284900285,0.56980057,0,2.564102564,0,1.13960114,0,0.854700855,0,0,0,0,0,0,0,0,0,0,0,0,0,0,0,0,2.564102564,0.284900285,100,0,0,0,0,0,0,0,0,0,0,0,0,0,0,0,0,0.284090909,0,0,0,0,8.262108262,91.73789174
804.5,15385,5,0,0,1.944444444,4.444444444,0,0,0,0,0,0,25,0,0.277777778,0.555555556,0,23.61111111,15.55555556,9.722222222,4.166666667,1.388888889,4.166666667,0.833333333,0,0,0.833333333,0,0,0,1.944444444,0,0,0,0.833333333,0,0,0,1.388888889,0,0,0,0,0,0,0,0.277777778,0.833333333,0.833333333,0,0.555555556,0,1.388888889,0,0,0,0,0.277777778,0,0,0,0.277777778,0,0.277777778,0,0,0,0,0,0,0,0.555555556,0,100,0,0,0,0,0,0,0,0,0,0,0,0,0,0,0,0,0.552486188,0,0,0,0,5.833333333,94.16666667
812.5,15543,5.143721634,0,0,4.841149773,7.41301059,0,0,0,0,0,0,28.44175492,0,0,0.302571861,0,29.3494705,5.748865356,6.959152799,5.143721634,2.723146747,2.118003026,0.302571861,0,0,0.302571861,0,0,0,1.815431165,0,0,0.302571861,0.605143722,0,0,0,0.907715582,0.302571861,0,0,0,0,0,0,0,1.512859304,0.605143722,0,2.723146747,0,0.302571861,0,0.302571861,0,0,0,0,0,0,0,0,0,0,0,0,0,0,0,0,1.815431165,0,100,0,0,0.301659125,0,0,0,0,0,0,0,0,0,0,0,0,0,0,0,0,0,0,7.56429652,92.43570348
816.5,15623,10.15965167,0,0,6.095791001,11.17561684,0,0,0,0,0,0,15.38461538,0,0,1.45137881,0.290275762,28.15674891,10.74020319,8.127721335,5.805515239,1.45137881,2.322206096,0.290275762,0.290275762,0,0.580551524,0,1.161103048,0,1.161103048,0,0,0,0.870827286,0.290275762,0,0,0,0,0,0,0,0,0,0,0,1.161103048,1.161103048,0.580551524,1.45137881,0,1.741654572,0,1.741654572,0,0,0.290275762,0,0.290275762,0,0.290275762,0,0,0,0,0,0,0,0,0,1.45137881,0.290275762,100,0,0,0,0,0,0,0,0,0,0,0,0,0,0,0,0,0,0,0,0,0,11.03047896,88.96952104
820.5,15707,7.602339181,0,0,8.187134503,11.98830409,0,0,0,0,0,0,10.52631579,0,0,0,0.292397661,22.51461988,19.29824561,12.57309942,3.801169591,4.093567251,5.555555556,0,0.292397661,0,0.292397661,0,0.292397661,0,1.461988304,0,0,0,0.292397661,0,0,0,0.292397661,0.292397661,0,0,0,0,0,0,0.292397661,0.584795322,0.877192982,0,0.877192982,0.292397661,0.584795322,0,0.584795322,0,0,0,0,0,0,0,0,0.292397661,0,0,0,0,0,0,0,1.461988304,0.292397661,100,0,0,0,0,0,0,0,0,0,0,0,0,0,0,0,0,0,0,0,0,0,6.140350877,93.85964912
824.5,15794,6.50887574,0,0,4.733727811,7.98816568,0,0,0,0,0,0,22.18934911,0,0,0.295857988,0,25.73964497,15.38461538,7.396449704,5.917159763,1.183431953,2.662721893,0.295857988,0,0,0.295857988,0,0.295857988,0,2.366863905,0.295857988,0,0,0.591715976,0,0,0,0.887573964,0,0,0,0,0,0,0,0,1.183431953,0.591715976,0,1.183431953,0,0.591715976,0,1.183431953,0,0,0,0,0,0,0,0,0,0,0,0,0,0,0,0,1.183431953,0.295857988,100,0,0,0,0,0,0,0,0,0,0,0,0,0,0,0,0,0.294985251,0,0,0,0,6.50887574,93.49112426
828.5,15874,6.976744186,0,0,5.23255814,8.720930233,0,0,0,0,0,0,13.6627907,0,0,0.290697674,0.290697674,23.54651163,15.69767442,15.11627907,3.488372093,4.360465116,3.779069767,0,0.290697674,0,0.290697674,0,0.290697674,0,1.453488372,0,0,0,0.581395349,0,0,0,0.581395349,0,0,0,0,0,0,0,0,1.744186047,0.581395349,0.290697674,1.744186047,0,0.581395349,0,0,0,0,0,0,0,0,0,0,0.290697674,0,0,0,0,0,0,0,1.162790698,1.162790698,100,0,0,0,0,0,0,0,0,0,0,0,0,0,0,0,0,0,0,0,0,0,7.848837209,92.15116279
832.5,15956,6.275579809,0,0,4.365620737,7.503410641,0,0,0,0,0,0,30.83219645,0,0,0.272851296,0,24.55661664,9.004092769,11.18690314,1.909959072,2.182810368,1.36425648,1.091405184,0,0,1.091405184,0,0.272851296,0,2.72851296,0,0,0,0.272851296,0.272851296,0,0,0.272851296,0,0,0,0,0,0,0,0,0.818553888,1.091405184,0,0.818553888,0,1.637107776,0,0.272851296,0,0,0,0,0,0,0.272851296,0,0,0,0,0,0,0,0,0,0.272851296,0,100,0,0,0,0,0,0,0,0,0,0,0,0,0,0,0,0,0,0,0,0,0,6.275579809,93.72442019
836.5,16033,3.129890454,0,0,1.564945227,3.129890454,0,0.312989045,0.156494523,0,0,0,15.02347418,0,0,0,0,36.93270736,10.01564945,12.51956182,5.320813772,1.251956182,0.312989045,0.312989045,0,0,0.312989045,0,0,0,1.564945227,0,0,0,0.625978091,0,0,0,0.312989045,0,0,0,0,0,0,0.312989045,0,0.312989045,2.190923318,0.312989045,3.129890454,0,2.190923318,0,1.564945227,0,0,0,0,0,0,0,0,0.312989045,0,0.312989045,0,0,0,0,0,1.251956182,0.312989045,100,0,0,0,0,0,0,0,0,0,0,0,0,0,0,0,0,0.31201248,0,0,0,0,12.20657277,87.79342723
840.5,16111,5.082212257,0,0,2.989536622,5.53064275,0,0,0,0,0,0,23.01943199,0,0,0,0,31.09118087,11.95814649,6.576980568,1.195814649,3.288490284,0.298953662,0,0,0,0,0,0,0,0.896860987,0,0,0,0.298953662,0,0,0,0.896860987,0,0,0,0,0,0,0,0,3.587443946,2.092675635,0.597907324,2.391629297,0,2.989536622,0,1.494768311,0,0,0,0,0,0,0,0,0.896860987,0.298953662,0,0,0,0,0,0,0.597907324,0,100,0,0.298062593,0,0,0,0,0,0,0,0,0,0,0,0,0,0,0,0,0,0,0,14.94768311,85.05231689
844.5,16193,5.025125628,0,0,1.75879397,4.271356784,0,0,0,0,0,0,10.30150754,0,0,0.502512563,0.251256281,43.46733668,18.34170854,10.05025126,4.020100503,1.256281407,0.502512563,0,0,0,0,0,0.251256281,0,1.005025126,0,0,0,0,0,0,0,0,0,0,0,0,0,0,0.251256281,0,0.251256281,1.005025126,0,1.75879397,0,0,0,1.005025126,0,0,0,0,0,0,0,0,0.753768844,0,0,0,0,0,0,0,0.502512563,0.251256281,100,0,0.497512438,0,0,0,0,0,0,0,0,0,0,0,0,0,0,0.497512438,0,0,0,0,5.527638191,94.47236181
854.5,16397,16.61538462,0,0,8.615384615,16.92307692,0,0,0,0,0,0,8.923076923,0,0,0.615384615,0.307692308,24.92307692,20.92307692,4.615384615,4.307692308,1.538461538,1.538461538,0,0,0.307692308,0.307692308,0.307692308,0,0,0.923076923,0,0,0,0,0.307692308,0,0,0.307692308,0,0,0,0,0,0,0,0.307692308,0.307692308,0.923076923,0.307692308,3.384615385,0,1.846153846,0,1.538461538,0,0,0,0,0,0,0,0,0.307692308,0,0,0,0,0,0,0,3.076923077,0.923076923,100,0,0,0,0,0,0,0,0,0,0,0,0,0,0,0,0,0,0,0,0,0,12.92307692,87.07692308
858.5,16478,3.338391502,0,0,0.91047041,2.579666161,0,0,0,0,0,0,30.65250379,0,0,0.303490137,0.303490137,36.11532625,7.283763278,5.159332322,1.517450683,2.124430956,0.303490137,0.606980273,0,0,0.606980273,0,0.91047041,0,1.517450683,0,0,0,0,0.303490137,0,0,0.606980273,0,0,0,0,0,0,0,0,1.820940819,1.517450683,0.606980273,2.731411229,0,0.91047041,0,0.91047041,0,0,0,0,0,0,0.303490137,0,0,0,0,0,0,0,0,0,0,0.303490137,100,0,0,0,0,0,0,0,0,0,0,0,0,0,0,0,0,0.302571861,0,0,0,0,9.71168437,90.28831563
862.5,16552,1.22324159,0,0,2.752293578,3.363914373,0,0,0,0,0,0,16.51376147,0,0,0.305810398,1.22324159,46.78899083,14.06727829,5.504587156,2.752293578,1.529051988,0.305810398,0,0,0,0,0,0.917431193,0,0.917431193,0,0,0,0,0,0,0,0.611620795,0,0,0,0,0,0,0,0.305810398,1.22324159,0.305810398,0.611620795,0.305810398,0,0.305810398,0,0.305810398,0,0,0,0,0,0,0,0,0,0,0,0,0,0,0,0,1.834862385,0,100,0,0,0,0,0,0,0,0,0,0,0,0,0,0,0,0,0.304878049,0,0,0,0,4.892966361,95.10703364
866.5,16632,2.808988764,0,0,3.08988764,4.494382022,0,0,0,0,0,0,29.21348315,0,0,0,1.123595506,26.68539326,9.269662921,3.08988764,2.247191011,3.08988764,0.280898876,0.280898876,0,0,0.280898876,0,0,0.280898876,1.404494382,0.280898876,0,0,0,0.280898876,0,0,0.280898876,0.280898876,0,0,0,0,0,0,0,3.08988764,1.123595506,0.842696629,3.93258427,0,2.247191011,0,2.247191011,0,0,0,0,0,0,1.404494382,0,0.561797753,0,0,0,0,0,0,0,0.280898876,1.404494382,100,0,0,0,0,0,0,0,0,0,0,0,0,0,0,0,0,0.280112045,0,0,0,0,17.41573034,82.58426966
870.5,16720,3.080872914,0,0,3.337612323,4.87804878,0,0.256739409,0.128369705,0,0,0,11.55327343,0,0,0.770218228,1.026957638,39.79460847,17.20154044,4.621309371,3.851091142,1.797175866,0.256739409,0.256739409,0,0,0.256739409,0,1.026957638,0,1.026957638,0.256739409,0,0,0,0,0,0,0.256739409,0,0,0,0,0,0,0,0,1.026957638,1.283697047,0.513478819,2.824133504,0,0.770218228,0,0.770218228,0,0,0.513478819,0,0,0,0.256739409,0,0.770218228,0,0,0.256739409,0,0,0,0,2.053915276,0,100,0,0,0,0,0,0,0,0,0,0,0,0,0,0,0,0,0,0,0,0,0,11.29653402,88.70346598
874.5,16813,5.082212257,0,0,0.896860987,3.437967115,0,0,0,0,0,0,25.71001495,0,0,1.494768311,0,31.09118087,10.16442451,5.979073244,2.989536622,2.989536622,0.298953662,0.597907324,0,0,0.597907324,0,0.896860987,0.298953662,1.494768311,0.298953662,0,0.597907324,0,0,0,0,0.597907324,0,0,0,0,0,0,0,0,2.391629297,1.494768311,0.298953662,2.391629297,0,0.896860987,0,0.896860987,0,0,0,0,0,0,0.298953662,0,0.597907324,0,0,0,0,0,0,0,0.597907324,0.597907324,100,0,0,0,0,0,0,0,0,0,0,0,0,0,0,0,0,0.298062593,0,0,0,0,11.0612855,88.9387145
878.5,16907,4.87804878,0,0,2.743902439,5.182926829,0,0,0,0,0,0,13.7195122,0,0,0.304878049,0,39.63414634,14.02439024,6.707317073,2.743902439,0.914634146,0.304878049,0,0,0,0,0.304878049,2.134146341,0,0.914634146,0,0,0.609756098,0,0,0,0,1.829268293,0,0,0,0,0,0,0,0,1.524390244,1.524390244,0.304878049,2.134146341,0,0.914634146,0,0.304878049,0,0,0,0,0,0,0.609756098,0,0.914634146,0,0.609756098,0,0,0,0,0,1.219512195,0.609756098,100,0,0,0,0,0,0,0,0,0,0,0,0,0,0,0,0,0,0,0,0,0.303951368,10.67073171,89.32926829
882.5,17002,3.234501348,0,0,1.078167116,2.69541779,0.269541779,0,0.269541779,0,0,0,41.23989218,0,0,0.269541779,0,22.37196765,6.199460916,5.929919137,1.886792453,1.078167116,0,0.269541779,0,0,0.269541779,0,1.078167116,0,0.539083558,0,0,0.269541779,0,0,0,0,0.539083558,0,0.269541779,0,0,0,0,0,0,2.425876011,1.886792453,0.539083558,1.886792453,0,2.156334232,0,0.808625337,0,0,0,0,0,0,0.808625337,0,2.69541779,0,0,0,0,0,0,0,1.078167116,0.539083558,100,0,0,0,0,0,0,0,0,0,0,0,0,0,0,0,0,0.802139037,0,0,0,0,15.09433962,84.90566038
886.5,17097,2.538071066,0,0,3.807106599,5.076142132,0,0,0,0,0,0,15.73604061,0,0,0.253807107,0,33.24873096,11.6751269,3.299492386,4.314720812,3.045685279,0,0.253807107,0,0,0.253807107,0,2.284263959,0,1.015228426,0,0,0,0,0,0,0,0.507614213,0,0,0,0,0,0,0.253807107,0,3.807106599,1.015228426,0.507614213,4.314720812,0.253807107,1.52284264,0,1.52284264,0,0,0.76142132,0,0,0,0.507614213,0,0.253807107,0,0.253807107,0,0,0,0,0,2.284263959,1.776649746,100,0,0,0,0,0,0,0,0,0,0,0,0,0,0,0,0,0,0,0,0,0,19.03553299,80.96446701
890.5,17191,3.519061584,0,0,2.052785924,3.812316716,0.293255132,0,0.293255132,0,0,0,31.96480938,0,0,0,0,25.21994135,7.917888563,2.639296188,2.052785924,0.879765396,0,0,0,0,0,0,0.586510264,0,1.759530792,0.293255132,0,0.586510264,0,0,0,0,1.46627566,0,0,0,0,0,0,0,0.293255132,3.519061584,2.93255132,0.293255132,3.812316716,0,5.571847507,0,0,0,0,0,0,0.586510264,0,1.173020528,0,1.46627566,0,0,0,0,0,0,0,0.586510264,0.293255132,100,0,0,0,0,0,0,0,0,0,0,0,0,0,0,0,0,0,0,0,0,0,20.23460411,79.76539589
894.5,17292,2.88184438,0,0,2.305475504,3.746397695,0,0,0,0,0,0,20.17291066,0,0,0,0.576368876,31.12391931,12.96829971,1.152737752,0.864553314,1.729106628,0.288184438,0,0,0.288184438,0.288184438,0.576368876,1.44092219,0,1.152737752,0,0,0,0,0,0,0,1.729106628,0,0,0,0,0,0,0.576368876,0,4.322766571,3.458213256,0.576368876,7.204610951,0,2.88184438,0,0.576368876,0,0,0.288184438,0,0,0,0.576368876,0,0.576368876,0,0,0,0,0,0,0,0.576368876,0.288184438,100,0,0.573065903,0,0,0,0,0,0,0,0,0,0,0,0,0,0,0,0,0,0,0,21.61383285,78.38616715
898.5,17389,2.635431918,0,0,2.049780381,3.36749634,0,0,0,0,0,0,39.238653,0,0,0.585651537,0.292825769,24.3045388,2.928257687,2.342606149,1.756954612,2.342606149,0,0,0,0,0,0.292825769,0.585651537,0,1.464128843,0,0,0.292825769,0,0,0,0,1.464128843,0.292825769,0,0,0,0,0,0,0,4.685212299,3.513909224,0.585651537,2.635431918,0.292825769,2.928257687,0,0.292825769,0,0,0,0,0,0,0.292825769,0,1.171303075,0,0,0,0,0,0,0,0.878477306,1.171303075,100,0,0,0,0,0,0,0,0,0,0,0,0,0,0,0,0,0.870827286,0,0,0,0,18.44802343,81.55197657
902.5,17489,2.312138728,0,0,3.179190751,4.335260116,0,0,0,0,0,0,18.78612717,0,0,0.289017341,0.289017341,28.61271676,17.91907514,1.156069364,1.156069364,0.578034682,0.867052023,0.289017341,0,0,0.289017341,0,1.156069364,0,0.289017341,0,0,0,0,0,0,0,2.601156069,0,0,0,0,0,0,0.289017341,0.867052023,2.601156069,2.023121387,3.468208092,6.069364162,0.289017341,2.023121387,0,0.867052023,0,0,0,0,0,0,0.289017341,0,1.445086705,0,0,0.289017341,0,0,0,0,0.578034682,0.289017341,100,0,0.285714286,0,0,0,0,0,0,0.285714286,0,0,0,0,0,0,0,0.571428571,0,0,0,0,20.52023121,79.47976879
904.5,17538,1.379310345,0,0,2.482758621,3.172413793,0,0,0,0,0,0,19.03448276,0,0,0.275862069,0,33.10344828,14.89655172,1.379310345,0.275862069,0.551724138,0,0,0,0,0,0.275862069,0.827586207,0,0,0,0,0.275862069,0.275862069,0,0,0,1.655172414,0,0,0,0,0,0,0.275862069,0.275862069,6.068965517,2.75862069,1.103448276,4.137931034,0.551724138,2.206896552,0,1.655172414,0,0,0.551724138,0,0,0,0,0,1.931034483,0,0,0,0,0,0,0,1.655172414,0.827586207,100,0,0.275103164,0,0,0,0,0,0,0,0,0,0,0,0,0,0,0,0,0,0,0,23.44827586,76.55172414
916.5,17827,1.526717557,0,0,2.13740458,2.900763359,0,0,0,0,0,0,18.6259542,0,0,0,0.305343511,29.61832061,17.09923664,1.221374046,0.305343511,0.610687023,0,0,0,0,0,0,0.305343511,0,0.610687023,0,0.305343511,0.305343511,0,0,0,0,1.832061069,0,0,0,0,0,0,0,0,5.190839695,2.748091603,1.832061069,5.496183206,0.305343511,1.832061069,0,0,0,0,0,0,0,0,0.610687023,0,3.969465649,0.305343511,0,0,0,0,0,0,2.442748092,1.221374046,100,0,0.606980273,0,0,0,0,0,0,0,0,0,0,0,0,0,0,0,0,0,0,0,25.95419847,74.04580153
920.5,17915,1.282051282,0,0,2.243589744,2.884615385,0,0,0,0,0,0,35.57692308,0,0,0.961538462,0.641025641,20.51282051,12.17948718,0.641025641,0.320512821,0.641025641,0,0,0,0,0,0,0,0,0,0,0,0,0,0,0,0,1.282051282,0,0,0,0,0,0,0,0,6.08974359,1.282051282,0.961538462,6.730769231,0.320512821,3.846153846,0,0.641025641,0,0,0,0,0,0,0.641025641,0,2.243589744,0,0,0,0,0,0,0,0.641025641,0.961538462,100,0,0,0.317460317,0,0,0,0,0,0,0,0,0,0,0,0,0,0.634920635,0,0,0,0,24.35897436,75.64102564
924.5,17986,1.621621622,0,0,3.243243243,4.054054054,0,0,0,0,0,0,8.648648649,0,0,0,0.27027027,27.02702703,10.54054054,0.27027027,0.27027027,0.810810811,0,0,0,0,0,0,0.27027027,0,1.081081081,0,0.27027027,1.351351351,0,0,0,0,2.162162162,0,0,0,0,0,0,0,0.27027027,8.378378378,5.945945946,1.351351351,8.378378378,0.540540541,6.756756757,0,2.972972973,0,0,0,0,0,0,1.081081081,0,3.513513514,0,0,0,0,0,0,0,2.162162162,1.621621622,100,0,0,0,0,0,0,0,0,0,0,0,0,0,0,0,0,0.268817204,0,0,0.268817204,0,42.7027027,57.2972973
928.5,18056,2.994011976,0,0,1.497005988,2.994011976,0,0,0,0,0,0,37.1257485,0,0,0,1.19760479,21.25748503,5.089820359,0.299401198,0.299401198,1.796407186,0,0.598802395,0,0,0.598802395,0,0,0,0.598802395,0,0,0.299401198,0,0,0,0,2.994011976,0,0,0,0,0,0,0,0,8.083832335,1.19760479,0,5.988023952,0,2.994011976,0,2.395209581,0,0,0,0,0.598802395,0,0,0,1.796407186,0,0,0,0,0,0,0,0.598802395,1.19760479,100,0,0,0,0,0,0,0,0,0,0,0,0,0,0,0,0,0.595238095,0,0,0,0,25.4491018,74.5508982
932.5,18122,1.685393258,0,0,3.08988764,3.93258427,0,0,0,0,0,0,3.370786517,0,0,0.280898876,0.280898876,40.16853933,14.04494382,0,0,0.561797753,0,0,0,0.280898876,0.280898876,0,0,0,0.561797753,0.280898876,0,0,0,0,0,0,1.966292135,0,0,0,0,0,0,0,0,5.056179775,3.93258427,1.123595506,9.831460674,0,4.213483146,0,2.528089888,0,0,0.280898876,0,0,0,0,0,4.775280899,0,0,0,0,0,0,0,1.685393258,0.561797753,100,0,0.278551532,0,0,0,0,0,0,0,0,0,0,0,0,0,0,0.278551532,0,0,0,0.278551532,34.26966292,65.73033708
936.5,18206,4.06885759,0,0,3.129890454,5.164319249,0,0,0,0,0,0,5.946791862,0,0,0,0.625978091,35.68075117,7.824726135,0.312989045,0.312989045,0.312989045,0,0.938967136,0,0,0.938967136,0.312989045,0.312989045,0,0,0,0,0.625978091,0,0,0,0,2.190923318,0,0,0,0,0,0,0,0,9.076682316,2.190923318,0,15.02347418,0,3.755868545,0,2.190923318,0,0,0,0,0,0,0.625978091,0,3.129890454,0,0,0,0,0,0,0,0.938967136,1.564945227,100,0,0,0,0,0,0,0,0,0,0,0,0,0,0,0,0,0,0,0,0,0,39.43661972,60.56338028
940.5,18294,1.754385965,0,0,8.187134503,9.064327485,0,0,0,0,0,0,2.046783626,0,0,0.292397661,0.292397661,36.84210526,12.28070175,0.292397661,0,0.584795322,0,0,0,1.169590643,1.169590643,0,0.292397661,0,0.584795322,0,0,0.584795322,0,0,0,0,1.169590643,0.292397661,0,0,0,0,0,0,0,4.970760234,2.923976608,0,9.356725146,0.877192982,4.385964912,0,3.216374269,0,0,0.584795322,0,0,0,1.461988304,0,1.754385965,0,0,0.292397661,0,0,0,0,1.754385965,1.461988304,100,0,0,0,0,0,0,0,0,0,0,0,0,0,0,0,0,0.290697674,0,0,0,0.290697674,34.21052632,65.78947368
944.5,18406,8.864265928,0,0,1.939058172,6.371191136,0,0,0,0,0,0,30.19390582,0,0,0.27700831,0.55401662,16.62049861,1.939058172,0.831024931,0,1.662049861,0,1.108033241,0,0,1.108033241,0.27700831,0,0,0.27700831,0.55401662,0,0.55401662,0,0,0,0,1.939058172,0,0,0,0,0,0,0,0.27700831,7.479224377,4.986149584,0.831024931,4.709141274,0.55401662,6.648199446,0,1.662049861,0,0,0,0,0.27700831,0,1.385041551,0,4.155124654,0,0,0,0,0,0,0,1.108033241,1.662049861,100,0,0.824175824,0,0,0,0,0,0,0,0,0,0,0,0,0,0,0,0,0,0,0,36.56509695,63.43490305
948.5,18525,4.105571848,0,0,3.225806452,5.278592375,0,0,0,0,0,0,3.519061584,0,0,0,0.293255132,36.6568915,12.31671554,0.293255132,0.586510264,0.293255132,0,0,0,0.586510264,0.586510264,0.293255132,0,0,0.293255132,0,0,0.586510264,0,0,0,0,1.46627566,0,0,0,0,0,0,0,0,7.917888563,2.052785924,0.293255132,12.90322581,0.293255132,6.158357771,0,2.052785924,0,0,0,0,0,0,1.173020528,0,2.052785924,0,0,0.293255132,0,0,0,0,0.293255132,1.46627566,100,0,0.29154519,0,0,0,0,0,0,0,0,0,0,0,0,0,0,0.29154519,0,0,0,0,37.53665689,62.46334311
955.5,18724,4.594180704,0,0,4.594180704,6.891271057,0,0,0,0,0,0,4.594180704,0,0,0.612557427,0,27.87136294,9.494640123,0.918836141,0.306278714,0.306278714,0,0,0,1.531393568,1.531393568,0.918836141,0.918836141,0,0.306278714,0,0,0,0,0,0,0,2.143950995,0.306278714,0.306278714,0.306278714,0,0,0,0,0.612557427,7.656967841,1.531393568,0.918836141,13.16998469,0.918836141,7.350689127,0,1.531393568,0,0,0,0,0,0,1.225114855,0,2.756508423,0.306278714,0,0,0,0,0,0,1.531393568,1.225114855,100,0,0,0,0,0,0,0,0,0,0,0,0,0,0,0,0,0,0,0,0.608828006,0,41.65390505,58.34609495
963.5,18955,9.256661992,0,0,3.646563815,8.274894811,0,0,0,0,0,0,5.890603086,0,0,0.280504909,0,30.01402525,6.732117812,0,0.280504909,0.561009818,0,0,0,1.122019635,1.122019635,0.561009818,0,0,2.244039271,0.280504909,0.561009818,0,0,0,0,0,1.963534362,0,0,0,0,0,0,0,0.841514727,7.854137447,3.366058906,0.841514727,7.573632539,0.280504909,7.573632539,0,3.646563815,0,0,0,0,0,0,1.402524544,0,3.366058906,0,0.280504909,0,0,0,0,0,0.841514727,2.244039271,100,0.553250346,0.276625173,0,0,0,0,0,0,0,0,0,0,0,0,0,0,0,0,0,0.553250346,0,40.39270687,59.60729313
967.5,19058,4.39238653,0,0.292825769,2.928257687,5.41727672,0,0,0,0,0,0,8.491947291,0,0,0.292825769,0,30.16105417,7.320644217,1.171303075,0,0.292825769,0,0,0,1.464128843,1.464128843,0,0.878477306,0,0.878477306,0,0.292825769,0,0,0,0,0,2.928257687,0,0,0,0,0.292825769,0,0,0.585651537,6.149341142,1.756954612,1.464128843,4.685212299,1.171303075,9.663250366,0,5.270863836,0,0,0,0,0,0,1.464128843,0,2.342606149,0,0,0,0,0,0,0,3.221083455,0.878477306,100,0,0.573888092,0,0,0,0,0,0,0,0,0,0,0,0.860832138,0,0,0,0,0,0.573888092,0,39.53147877,60.46852123