Depth,Age,Abies,Acer.negundo,Acer.pensylvanicum,Acer.rubrum,Acer.saccharinum,Acer.saccharum,Acer.undiff,Acer.Total,Alnus.crispa,Alnus.rugosa,Alnus.undiff,Amaranthaceae,Ambrosia,Artemesia,Asteraceae.undiff,Betula,Brasenia,Brassicaceae,Carex,Carya,Castanea,Celtis,Cephalanthus,Cornus,Corylus,Cupressaceae,Cyperaceae.undiff,Dryas,Fagus,Frax.nigra,Frax.undiff,Fraxinus.americana.penn,Total.Fraxinus,Hippuris,Humulus,Juglans.undiff,Kalmia,Larix,Lemna,Liquidambar,Morus,Nymphaea,Nyssa,Ostrya.Carpinus,Petalostemum,Picea.glauca,Picea.mariana,Picea.undiff,Total.Picea,Pinus.banks.res,Pinus.strobus,Pinus.undiff,Total.Pinus,Plantago,Platanus,Poaceae.undiff,Polygonaceae,Populus,Potamogeton,Quercus,Ranunculus,Rhamnaceae.Vitaceae,Rosaceae,Rubus,Rumex,Salix,Sambucus,Shepherdia,Sium,Tilia,Triglochin,Tsuga,Typha,Ulmus,Urtica,Utricularia,TreesandShrubs,Upland.Herbs,Aquatic.Vascular.Plants,Pollen.Sum
34.5,6964,0,0,0,0,0,0,4.219409283,4.219409283,0,0,0,2.53164557,19.83122363,2.109704641,0,0,0,0,1.265822785,5.485232068,0,0,0.421940928,0.421940928,0,0,8.860759494,0,0,0,7.172995781,0,7.172995781,0,0,2.53164557,0,0,0,0,0.421940928,0.843881857,0.843881857,0,0,0,0,0,0,0,0,1.265822785,1.265822785,0,0.421940928,5.907172996,0,0,0,25.3164557,0,0,0,0.843881857,0.843881857,5.907172996,0,0,0,0,0,0.421940928,0.421940928,1.687763713,0,0,59.49367089,39.24050633,1.265822785,100
42.5,7038,0,0,0,0,0,0,4.201680672,4.201680672,0,0,0,2.941176471,16.80672269,3.361344538,0,0,0,0,1.260504202,7.142857143,0,0.420168067,0,0,0,0,7.142857143,0,0.420168067,0,4.621848739,0,4.621848739,0,0,2.100840336,0,0,0,0,0,0,0.840336134,0,1.260504202,0,0,0.420168067,0.420168067,0.840336134,0,2.100840336,2.941176471,0,0,4.621848739,0,0.840336134,0,29.83193277,0,0,0,0.420168067,1.260504202,3.781512605,0,0,0,0.420168067,0,0,2.521008403,1.680672269,0,0,63.02521008,34.45378151,2.521008403,100
58.5,7200,0,2.21402214,0,0,1.10701107,0,0.73800738,4.05904059,0,0,0,4.42804428,5.535055351,3.6900369,0,0,0,1.47601476,0,7.011070111,0,0.36900369,0,1.84501845,0.73800738,0.36900369,8.118081181,0,0.73800738,1.47601476,1.10701107,0.73800738,3.32103321,0,0,2.21402214,0,0,0,0,0,0,0,0.36900369,0,0,0,0,0,0,0,2.21402214,2.21402214,0,0,2.21402214,2.21402214,0.73800738,0,37.63837638,0.73800738,0,0,0,0,4.05904059,0,0,0,0,0,0,2.95202952,2.95202952,0,0,73.43173432,23.61623616,2.95202952,100
66.5,7278,0.330033003,1.98019802,0,0,1.320132013,0.330033003,0,3.630363036,0,0.330033003,0,3.300330033,3.300330033,5.610561056,0,0,0,2.97029703,0,4.620462046,0.330033003,0,0.99009901,0.660066007,0.330033003,0,3.96039604,0,2.97029703,1.650165017,0,2.310231023,3.96039604,0,0.330033003,2.640264026,0,0,0.330033003,0,0,0,0.660066007,0,0,0,0,0,0,0,0.660066007,1.320132013,1.98019802,0,0,2.310231023,2.97029703,0,0,39.27392739,0.660066007,0,0,0,0.99009901,3.630363036,0.660066007,0,0,0,0,0,2.310231023,3.96039604,0,0,71.94719472,25.41254125,2.640264026,100
74.5,7358,0,1.700680272,0,0,0.340136054,0,1.020408163,3.06122449,0,0,0,3.06122449,4.081632653,3.401360544,0,0,0,2.040816327,0,6.802721088,0.340136054,0.680272109,0.680272109,3.06122449,0.680272109,0.680272109,7.823129252,0,1.700680272,2.380952381,1.020408163,0.680272109,4.081632653,0,0,2.040816327,0,0,0,0,0,0,0.340136054,0.340136054,0,0,0,0,0,0,0.680272109,1.020408163,1.700680272,0,0,5.102040816,2.380952381,1.360544218,0.680272109,35.71428571,0.680272109,0,0,0,0,4.421768707,0,0,0,0,0,0.340136054,1.700680272,1.020408163,0,0,73.1292517,24.48979592,2.380952381,100
82.5,7436,0.327868852,0.655737705,0,0,0.983606557,0.327868852,1.639344262,3.606557377,0,0.983606557,0,1.967213115,3.278688525,2.295081967,0,0,0,1.967213115,1.31147541,4.590163934,0,0.327868852,0.983606557,2.295081967,0.327868852,0.655737705,4.918032787,0,1.967213115,1.967213115,0.983606557,0.655737705,3.606557377,0,0,2.295081967,0,0,0,0.327868852,0,0,0,0,0,0,0,0.327868852,0.327868852,0,0.327868852,0.655737705,0.983606557,0,0,3.606557377,2.62295082,0.327868852,0.655737705,40.6557377,0.655737705,0.327868852,0,0.327868852,0.983606557,3.606557377,0,0,1.639344262,0,0.327868852,0,3.278688525,1.639344262,0,0,72.13114754,23.60655738,4.262295082,100
90.5,7512,0,2.02020202,0,0,0.673400673,0,0.673400673,3.367003367,0,0,0.673400673,2.693602694,5.050505051,1.346801347,0,0,0,2.356902357,1.683501684,5.723905724,0,0,2.02020202,1.683501684,0.673400673,0.336700337,6.397306397,0,1.346801347,2.356902357,1.346801347,0.336700337,4.04040404,0,0,3.03030303,1.01010101,0,0,0,0,0,0,0.336700337,1.01010101,0,0,0.336700337,0.336700337,0,0.336700337,0.673400673,1.01010101,0,0,3.03030303,3.367003367,0,0,39.39393939,0.673400673,0,0,0,0.673400673,3.703703704,0,0,1.01010101,0,0,0,1.683501684,1.346801347,0,0,73.4006734,24.91582492,1.683501684,100
98.5,7588,0,2.657807309,0,0,0.664451827,0.332225914,2.657807309,6.312292359,0,0,0.332225914,1.993355482,2.990033223,1.328903654,0,0.332225914,0,0.996677741,0.996677741,5.980066445,0.332225914,0.996677741,1.328903654,1.661129568,0.996677741,0.664451827,3.65448505,0,0.996677741,2.657807309,1.993355482,0.996677741,5.647840532,0,0,2.325581395,0,0.332225914,0.332225914,0.332225914,0,0,0.332225914,0,0,0,0,0,0,0,0,0.664451827,0.664451827,0,0,3.322259136,1.328903654,0,1.993355482,41.19601329,0.664451827,1.661129568,0,0.332225914,0.332225914,1.661129568,0.332225914,0,0.996677741,0,0,0.332225914,1.661129568,2.325581395,0,0,79.73421927,16.27906977,3.986710963,100
106.5,7665,0,1.253918495,0,0,0.626959248,0,1.253918495,3.134796238,0,0,0,3.761755486,1.880877743,0.940438871,0,0,0.940438871,1.253918495,1.880877743,5.642633229,0.313479624,0.626959248,3.134796238,1.253918495,0.313479624,0.940438871,2.821316614,0,1.253918495,1.567398119,1.567398119,0.626959248,3.761755486,0,0,0.626959248,0,0,0.940438871,0.313479624,0,0,1.880877743,0,1.253918495,0,0,0,0,0,0.626959248,1.253918495,1.880877743,0,0,4.07523511,4.388714734,0.940438871,0.313479624,31.34796238,0,7.836990596,0,0.313479624,0.626959248,2.194357367,0.940438871,0.626959248,0,0.313479624,0,0,3.761755486,2.821316614,0,0,72.72727273,21.31661442,5.956112853,100
114.5,7741,0,3.921568627,0,0,1.307189542,0.326797386,1.307189542,6.862745098,0,0,0,5.22875817,3.267973856,0.653594771,0,0.326797386,0,1.960784314,1.633986928,5.22875817,0,0,1.307189542,0.653594771,0.326797386,0.653594771,1.960784314,0,0.980392157,3.267973856,2.287581699,1.307189542,6.862745098,0,0,0.980392157,0,0.326797386,0.326797386,0,0,0,1.307189542,0.653594771,0.326797386,0,0,0,0,0.326797386,0.653594771,0.980392157,1.960784314,0,0,2.614379085,4.901960784,1.307189542,0.326797386,32.35294118,0.326797386,2.287581699,0,0.653594771,1.960784314,3.267973856,0.653594771,0.326797386,0,0,0,0.326797386,2.287581699,2.614379085,0,0.326797386,70.58823529,26.14379085,3.267973856,100
122.5,7812,0,4.263565891,0,0,0.775193798,0.387596899,2.325581395,7.751937984,0,0.775193798,0,3.100775194,3.488372093,1.162790698,0,0.387596899,0,1.550387597,1.162790698,5.426356589,0.775193798,0,1.162790698,0.775193798,0.387596899,0.387596899,6.201550388,0,1.162790698,4.263565891,1.550387597,0.775193798,6.589147287,0,0,0,0,0,0,0,0,0,1.162790698,0.775193798,0.387596899,0,0,0,0,0.387596899,0,0,0.387596899,0,0,3.488372093,3.488372093,1.550387597,0,30.62015504,0.775193798,2.713178295,0,0,0.775193798,4.651162791,1.550387597,0,1.162790698,0,0,0.775193798,1.162790698,2.713178295,0,0,74.80620155,24.03100775,1.162790698,100
130.5,7873,0,2.919708029,0,0,1.094890511,0,2.554744526,6.569343066,0,0,0.729927007,2.554744526,1.824817518,1.824817518,4.744525547,0.364963504,0.364963504,1.094890511,0.729927007,3.649635036,0.364963504,0.364963504,1.824817518,1.459854015,0,0.729927007,2.554744526,0,0.729927007,2.189781022,1.094890511,0.364963504,3.649635036,0,0,0.364963504,0,0,0,0,0,0,0.729927007,0.364963504,0,0,0,0.364963504,0.364963504,0,0.364963504,0.364963504,0.729927007,0,0,2.919708029,3.649635036,1.824817518,0,40.51094891,0.364963504,2.189781022,0,0,1.094890511,2.919708029,0.729927007,0,0.364963504,0,0,0,2.554744526,1.824817518,0,0.364963504,72.99270073,23.72262774,3.284671533,100
138.5,7942,0,1.47601476,0,0.36900369,0.73800738,0.36900369,1.84501845,4.79704797,0,0,0.73800738,1.84501845,2.95202952,1.47601476,5.904059041,0.36900369,0,1.47601476,0.36900369,4.79704797,0.36900369,0,1.84501845,0.36900369,0.36900369,0,3.6900369,0,0,2.21402214,1.10701107,0,3.32103321,0,0,0,0,0,0,0,0,0,0.36900369,0,0,0,0,0.36900369,0.36900369,0,0.73800738,1.10701107,1.84501845,0,0,2.21402214,1.84501845,2.21402214,0,36.900369,0,8.118081181,0,0,0.73800738,4.42804428,1.47601476,0,0.73800738,0,0,0,2.95202952,1.10701107,0,0,73.06273063,23.98523985,2.95202952,100
146.5,8011,0,2.641509434,0,0.377358491,1.132075472,0,2.264150943,6.41509434,0,0,0.377358491,2.264150943,1.886792453,1.132075472,5.660377358,0,0.377358491,0.754716981,0.377358491,7.169811321,0,0.754716981,1.886792453,0.754716981,0.377358491,0.377358491,2.264150943,0,0.754716981,1.509433962,1.132075472,0.377358491,3.018867925,0,0,0.377358491,0,0,0,0,0,0,1.132075472,0,0.377358491,0,0,0.377358491,0.377358491,0.377358491,1.132075472,1.132075472,2.641509434,0,0,3.396226415,3.773584906,1.132075472,0,36.98113208,0,3.018867925,0,0.377358491,0,3.396226415,1.886792453,0,0.377358491,0,0,0.754716981,2.264150943,1.509433962,0,0,73.96226415,23.39622642,2.641509434,100
154.5,8077,0,2.255639098,0,0,0.37593985,0,1.879699248,4.511278195,0,0,0.751879699,3.007518797,1.127819549,0.37593985,5.639097744,0,0.751879699,1.503759398,1.879699248,7.518796992,0.37593985,0.37593985,0.37593985,0.751879699,0.37593985,0,7.142857143,0,0,1.127819549,1.879699248,0.37593985,3.383458647,0,0,0,0,0,0,0,0,0,0.37593985,1.127819549,0,0,0,0,0,0.37593985,0,1.127819549,1.503759398,0,0,2.631578947,2.255639098,2.631578947,0.751879699,38.34586466,0,0.37593985,0,0,0,4.135338346,0,0,0,0,0,0,1.879699248,4.135338346,0,0,74.06015038,22.55639098,3.383458647,100
162.5,8142,0,2.166064982,0,0,0.722021661,0.36101083,1.805054152,5.054151625,0,0,0.722021661,3.249097473,1.083032491,1.444043321,3.610108303,0,0,0.722021661,2.166064982,7.942238267,0.36101083,0.722021661,0,0.36101083,0.36101083,0.36101083,5.415162455,0,0.722021661,3.971119134,1.805054152,0,5.776173285,0,0,0.36101083,0,0,0,0,0,0,1.444043321,1.083032491,1.083032491,0,0,0,0,0,0,0,0,0,0,3.249097473,1.805054152,0.722021661,0.722021661,40.79422383,0,0,0,0,0.722021661,2.888086643,0,0,0,0,0,0.36101083,2.166064982,3.610108303,0,0,76.1732852,20.93862816,2.888086643,100
170.5,8209,0,1.433691756,0,0.716845878,1.433691756,0.716845878,2.150537634,6.451612903,0,0,0,1.433691756,1.792114695,1.433691756,5.017921147,0.716845878,0,1.075268817,2.150537634,5.017921147,0.358422939,0.716845878,0,1.075268817,0.716845878,0,5.734767025,0,0.716845878,2.867383513,2.508960573,0.358422939,5.734767025,0,0,0,0,0,0,0,0,0,1.433691756,0.716845878,1.075268817,0,0,0,0,0,0,0,0,0,0,2.867383513,3.225806452,1.433691756,0,35.48387097,0.716845878,0,0,0,0,3.584229391,1.075268817,0,0.358422939,1.433691756,0,0,2.867383513,4.659498208,0,0,74.19354839,22.9390681,2.867383513,100
178.5,8272,0,2.641509434,0,0,0.754716981,0.377358491,2.264150943,6.037735849,0,0,1.132075472,2.264150943,1.132075472,1.509433962,3.773584906,0,0,1.886792453,0.754716981,5.660377358,0.754716981,0,0,0.754716981,0.754716981,0,3.773584906,0,1.132075472,3.018867925,2.264150943,0.377358491,5.660377358,0,0,0,0,0,0,0,0,0,1.132075472,1.132075472,1.132075472,0,0,0,0,0,0,0,0,0,0,2.264150943,3.018867925,1.886792453,0,40.37735849,0,0.377358491,0,0,0.377358491,4.150943396,0,0,0.754716981,0,0,0.754716981,1.509433962,5.283018868,0,0,76.60377358,21.88679245,1.509433962,100
186.5,8337,0,2.255639098,0,0.37593985,0.751879699,0,3.007518797,6.390977444,0,0,0.37593985,3.007518797,1.503759398,0.751879699,4.135338346,0.37593985,0,0.751879699,1.127819549,6.015037594,0.37593985,0,1.127819549,0.37593985,0,0.751879699,6.015037594,0,1.503759398,4.511278195,2.631578947,0.751879699,7.894736842,0,0,1.127819549,0,0,0,0,0,0,1.879699248,0.751879699,0.37593985,0,0,0,0,0,0,0.37593985,0.37593985,0.751879699,0,1.879699248,2.255639098,1.503759398,1.503759398,34.96240602,0.751879699,0,0,0,0,3.759398496,0,0.37593985,0,0,0,0,1.127819549,4.135338346,0,0.37593985,77.06766917,19.92481203,3.007518797,100
194.5,8403,0,2.941176471,0,1.470588235,1.102941176,0.367647059,1.470588235,7.352941176,0,0,0.735294118,1.470588235,0.367647059,0.735294118,3.308823529,0.735294118,0,0.367647059,1.838235294,4.779411765,0.367647059,0.367647059,0,0.367647059,0.735294118,0.367647059,5.147058824,0,1.470588235,4.044117647,2.205882353,1.102941176,7.352941176,0,0,1.102941176,0,0,0,0,0,0,1.470588235,1.102941176,0,0,0,0,0,0,0.367647059,0.735294118,1.102941176,0,0,1.102941176,2.573529412,0.735294118,0,40.07352941,0.367647059,0,0,0,0.735294118,2.941176471,0,0,0,0.367647059,0,0.367647059,1.470588235,4.779411765,1.838235294,0,83.08823529,15.44117647,1.470588235,100
202.5,8467,0,2.898550725,0,0.362318841,0.724637681,0,2.173913043,6.15942029,0,0,0,2.173913043,1.086956522,0.362318841,3.985507246,0,0,0.724637681,3.260869565,6.15942029,0.724637681,0.724637681,0.362318841,0.724637681,0,0,6.15942029,0,0.362318841,2.898550725,2.173913043,0.724637681,5.797101449,0,0,0,0,0,0,0,0.362318841,0,1.811594203,0,0,0,0,0.362318841,0.362318841,0,0,0.362318841,0.362318841,0,0,1.811594203,2.536231884,2.536231884,0.724637681,40.57971014,0,0.362318841,0,0,0,2.173913043,1.086956522,0,0.362318841,0.362318841,0,0,2.173913043,3.623188406,0,0,78.62318841,18.47826087,2.898550725,100
210.5,8533,0.73800738,1.84501845,0,1.10701107,0.73800738,0.36900369,1.84501845,5.904059041,0,0,0,2.58302583,2.21402214,1.84501845,7.749077491,0,0,1.10701107,1.84501845,4.79704797,1.10701107,0,0,0,0.73800738,0.73800738,4.42804428,0,0,2.21402214,1.84501845,0,4.05904059,0,0,0.36900369,0,0,0,0,0,0,1.10701107,0,0,0,0,0.73800738,0.73800738,0,0,2.95202952,2.95202952,0,0,1.47601476,1.84501845,1.47601476,0,38.74538745,0.73800738,0,0,0,0,2.58302583,0.73800738,0,0,0,0,0.36900369,1.10701107,2.95202952,2.95202952,0,75.64575646,23.24723247,1.10701107,100
218.5,8599,0.37037037,1.851851852,0,0.37037037,0.37037037,0,1.851851852,4.444444444,0,0,0,3.703703704,1.851851852,2.962962963,8.148148148,0.740740741,0,0.740740741,1.111111111,5.555555556,0.740740741,0,0,0,0.740740741,0,4.074074074,0,0,2.962962963,1.111111111,0.37037037,4.444444444,0,0,0.37037037,0,0,0,0,0,0,1.111111111,1.111111111,0.37037037,0,0,0.37037037,0.37037037,0.37037037,0.740740741,0.740740741,1.851851852,0,0,0.740740741,1.851851852,1.851851852,0,34.81481481,0,0.740740741,1.111111111,0,1.111111111,4.444444444,0,0.37037037,0.37037037,0,0,0,1.111111111,2.962962963,4.074074074,0,70.74074074,28.14814815,1.111111111,100
226.5,8666,0,2.23880597,0,1.492537313,0.746268657,0,1.865671642,6.343283582,0,0,0.373134328,3.358208955,2.985074627,1.492537313,5.597014925,0,0,0,2.985074627,2.985074627,1.119402985,0.746268657,0,0,0.373134328,1.119402985,6.71641791,0,0,2.611940299,1.492537313,0,4.104477612,0.746268657,0,0,0,0,0,0,0.373134328,0,1.119402985,0,1.119402985,0,0,1.865671642,1.865671642,0.373134328,2.23880597,0.746268657,3.358208955,0,0,1.492537313,2.611940299,1.865671642,0,35.44776119,0,0,0,0,0,1.865671642,0,0,0.746268657,0,0,0.373134328,1.119402985,4.104477612,2.611940299,0,75,23.13432836,1.865671642,100
234.5,8735,0,2.681992337,0,0.766283525,1.915708812,0.766283525,1.915708812,8.045977011,0,0,0.383141762,3.448275862,1.915708812,0.766283525,4.980842912,0,0,0,1.915708812,5.363984674,0,0.383141762,0,0,0.766283525,0.383141762,5.747126437,0,0,2.298850575,1.53256705,1.149425287,4.980842912,0,0,0.383141762,0,0,0,0,0,0,0.766283525,0,0.766283525,0,0,0.383141762,0.383141762,0,1.149425287,0.766283525,1.915708812,0,0,1.915708812,1.915708812,1.53256705,0,39.8467433,0,0,0,0,0,1.915708812,0,0,0,0,0,0,1.53256705,5.363984674,3.448275862,0,79.69348659,18.77394636,1.53256705,100
242.5,8802,0,2.826855124,0,0.706713781,1.413427562,0.35335689,1.413427562,6.713780919,0,0,0.706713781,1.766784452,2.120141343,1.413427562,3.533568905,0.706713781,0,1.060070671,0,7.067137809,0,0,0.706713781,0,0.706713781,0,6.360424028,0,0,2.473498233,1.060070671,1.766784452,5.300353357,1.060070671,0,0.706713781,0,0,0,0,0,0,0.706713781,2.120141343,0,0,0,1.060070671,1.060070671,0,0,1.060070671,1.060070671,0,0,1.766784452,1.413427562,2.120141343,0,33.56890459,0,0.706713781,1.413427562,0,0.35335689,2.120141343,0,0,0,0.35335689,0,0,1.060070671,4.946996466,5.300353357,0,80.91872792,16.96113074,2.120141343,100
250.5,8868,0,1.798561151,0,0.35971223,1.798561151,0.35971223,2.158273381,6.474820144,0,0,1.438848921,3.237410072,1.438848921,1.438848921,6.115107914,0,0,1.079136691,0,6.115107914,0,0.35971223,0,0.35971223,0.35971223,0,5.035971223,0,1.079136691,3.597122302,3.597122302,1.438848921,8.633093525,0,0,0,0,0,0,0,0,0,2.158273381,2.158273381,0,0,0,0.71942446,0.71942446,0,0.71942446,0.71942446,1.438848921,0,0,1.079136691,2.517985612,0,0,34.5323741,0,0,0.35971223,0,0.71942446,1.798561151,0,0,0,0.35971223,0,0.35971223,0.71942446,6.474820144,1.438848921,0,79.49640288,19.78417266,0.71942446,100
258.5,8933,0,3.472222222,0,0.694444444,2.777777778,1.388888889,0,8.333333333,0,0,0.694444444,1.388888889,1.041666667,1.041666667,3.472222222,0,0,1.041666667,0,5.902777778,0,0.347222222,0.347222222,0,0,0,3.472222222,0,1.041666667,7.291666667,1.041666667,1.041666667,9.375,0,0,0.347222222,0,0,0.694444444,0,0,0,2.083333333,4.861111111,0,0,0,0,0,0.347222222,0,0,0.347222222,0,0,1.736111111,1.388888889,1.736111111,0,32.98611111,0,0,0.694444444,0,0.694444444,2.083333333,0,0,0,0,0,0,0.694444444,10.76388889,0.694444444,0.694444444,83.33333333,14.58333333,2.083333333,100
266.5,8997,0,2.181818182,0,0.727272727,1.818181818,0.363636364,1.090909091,6.181818182,0,0,0.727272727,2.181818182,0.363636364,1.090909091,3.272727273,0.727272727,0,1.090909091,0,4.363636364,0,0,0,0,0,0,4.363636364,0,1.090909091,3.636363636,3.272727273,2.181818182,9.090909091,0,0,0.727272727,0,0,0.727272727,0,0,0,2.181818182,3.272727273,0.727272727,0,0,0,0,0,0,0.727272727,0.727272727,0,0,0.727272727,1.454545455,1.090909091,0,31.63636364,0,0.727272727,0.363636364,0,0.363636364,1.454545455,0,0,0.363636364,0.363636364,0,0,1.090909091,14.90909091,3.272727273,0,85.45454545,12.72727273,1.818181818,100
282.5,9131,0,2.826855124,0,0.706713781,1.413427562,0.35335689,1.413427562,6.713780919,0,0,0.706713781,1.766784452,2.120141343,1.413427562,3.533568905,0.706713781,0,1.060070671,0,7.067137809,0,0,0.706713781,0,0.706713781,0,6.360424028,0,0,2.473498233,1.060070671,1.766784452,5.300353357,1.060070671,0,0.706713781,0,0,0,0,0,0,0.706713781,2.120141343,0,0,0,1.060070671,1.060070671,0,0,1.060070671,1.060070671,0,0,1.766784452,1.413427562,2.120141343,0,33.56890459,0,0.706713781,1.413427562,0,0.35335689,2.120141343,0,0,0,0.35335689,0,0,1.060070671,4.946996466,5.300353357,0,80.91872792,16.96113074,2.120141343,100
298.5,9266,0,1.838235294,0,0.367647059,1.838235294,0.367647059,2.205882353,6.617647059,0,0,1.470588235,3.308823529,1.470588235,1.470588235,6.25,0,0,1.102941176,0,6.25,0,0.367647059,0,0.735294118,0,0,5.147058824,0.367647059,1.102941176,3.676470588,3.676470588,1.470588235,8.823529412,0,0,0,0,0,0,0,0,0,2.205882353,2.205882353,0,0,0,0.735294118,0.735294118,0,0,1.470588235,1.470588235,0,0,1.102941176,1.470588235,0,0,35.29411765,0,0,0.367647059,0,0.735294118,1.838235294,0,0,0,0.367647059,0,0.367647059,0.735294118,6.617647059,0,0,79.77941176,19.48529412,0.735294118,100
314.5,9402,0,3.412969283,0,0.682593857,2.730375427,1.706484642,1.023890785,9.556313993,0,0,0.682593857,1.365187713,1.023890785,1.023890785,3.412969283,0,0,1.365187713,0,5.802047782,0,0.341296928,0.341296928,0,0,0,3.412969283,0,1.023890785,7.167235495,1.023890785,1.023890785,9.215017065,0,0,0.341296928,0,0,0.682593857,0,0,0,2.04778157,4.778156997,0,0,0,0.341296928,0.341296928,0,0,0,0,0,0,1.706484642,1.365187713,1.706484642,0,32.42320819,0,0,0.682593857,0,0.682593857,2.04778157,0,0,0,0,0,0,0.682593857,10.58020478,0.682593857,0.682593857,83.27645051,14.67576792,2.04778157,100
330.5,9532,0,2.197802198,0,0.732600733,1.831501832,0.366300366,1.098901099,6.227106227,0,0,0.732600733,2.197802198,0.366300366,1.098901099,3.296703297,0.732600733,0,1.098901099,0,4.395604396,0,0,0,0,0,0,4.395604396,0,0.366300366,3.663003663,3.296703297,2.197802198,9.157509158,0,0,0.732600733,0,0,0.732600733,0,0,0,2.197802198,3.296703297,0.366300366,0,0,0,0,0,0,0.732600733,0.732600733,0,0,0.732600733,1.465201465,1.098901099,0,31.86813187,0,0.732600733,0.366300366,0,0.366300366,1.465201465,0,0,0.366300366,0.366300366,0,0,1.098901099,15.01831502,3.296703297,0,85.34798535,12.82051282,1.831501832,100
346.5,9664,0,2.033898305,0,1.355932203,2.711864407,0.338983051,1.355932203,7.796610169,0,0,0.677966102,1.694915254,0.338983051,0.677966102,3.389830508,0.677966102,0,0,0,5.762711864,0,0.338983051,0,0,0,0,6.101694915,0,0.677966102,7.118644068,2.033898305,1.355932203,10.50847458,0,0,0.338983051,0,0,0.677966102,0,0,0,0.677966102,4.745762712,0.338983051,0,0,0,0,0,0,0,0,0,0,0,0.677966102,1.355932203,0,36.61016949,0,0,0,0,0,1.016949153,0.338983051,0,0.338983051,0.677966102,0,0,0,13.89830508,0,0,91.18644068,8.13559322,0.677966102,100
354.5,9735,0,0.305810398,0,0.611620795,0.305810398,0.305810398,1.529051988,3.058103976,0,0,0.611620795,0.917431193,1.22324159,1.22324159,1.22324159,0.611620795,0,0,0,4.892966361,0,0.611620795,1.529051988,0,1.22324159,0,5.198776758,0,0.305810398,6.116207951,3.058103976,0.305810398,9.480122324,0,0,1.529051988,0,0,0,0,0,0,1.834862385,5.810397554,0,0,0,0,0,0,0,0.611620795,0.611620795,0,0,1.22324159,0,0,0,37.9204893,0,0,0,0,0.611620795,0.611620795,0,0,0,0.611620795,0,0,0.917431193,15.59633028,0.611620795,0,92.04892966,7.033639144,0.917431193,100
362.5,9803,0,2.527075812,0,0.36101083,1.805054152,0,0.722021661,5.415162455,0,0,0.722021661,2.527075812,0.722021661,1.083032491,4.332129964,1.083032491,0,0,0,5.054151625,0,0.722021661,0.36101083,0,0.722021661,0,7.581227437,0,0.36101083,5.054151625,1.444043321,1.444043321,7.942238267,0,0,0.36101083,0,0,0.36101083,0,0,0,0.722021661,4.693140794,0.36101083,0,0,0,0,0,0.36101083,0.722021661,1.083032491,0,0,0.722021661,1.083032491,0.722021661,0.36101083,39.71119134,0,0,0,0,0,1.083032491,0,0.36101083,0,0,0,0.36101083,1.444043321,6.859205776,1.444043321,0,86.28158845,11.55234657,2.166064982,100
370.5,9868,0,0,0,0.3125,1.875,0.3125,2.1875,4.6875,0,0,0.625,1.875,0.625,1.25,6.5625,0,0,0,0,4.0625,0,0,2.1875,0,0.625,0,5.625,0,0,3.75,1.25,0,5,0,0,0,0,0,0,0,0,0,1.875,5.3125,0,0,0,2.5,2.5,0,0,0.625,0.625,0,0,3.75,0,0,0,39.0625,0,0,0,0,0,0.625,0,0,0,0.3125,0,0,0,12.8125,0,0,85.3125,14.6875,0,100
378.5,9933,0,1.904761905,0,0.634920635,1.587301587,0.952380952,1.587301587,6.666666667,0,0,0.634920635,1.587301587,0.317460317,1.904761905,2.222222222,0.952380952,0,0.952380952,0,3.492063492,0,0,0,0.634920635,0.634920635,0,11.74603175,0,0.952380952,5.396825397,0.634920635,1.26984127,7.301587302,0,0,0,0,0.317460317,0.317460317,0,0,0,2.222222222,3.80952381,0,0,0,0.317460317,0.317460317,0,0,0.634920635,0.634920635,0,0,1.26984127,1.26984127,1.26984127,0,30.15873016,0.634920635,0,0,0,1.26984127,0.634920635,0,0,0,0,0,0,0,14.6031746,1.26984127,0,88.25396825,11.42857143,0.317460317,100
386.5,9998,0,0.318471338,0,0.955414013,0.636942675,0.318471338,1.910828025,4.140127389,0,0,0,0.955414013,0,0.636942675,2.229299363,0.636942675,0,0,0,3.184713376,0,0,1.910828025,0,0.955414013,0,9.554140127,0,0,6.369426752,1.27388535,0.318471338,7.961783439,0,0,0.636942675,0,0,0,0,0,0.636942675,0.636942675,4.140127389,0.636942675,0,0,0.955414013,0.955414013,0,0,0,0,0,0,2.229299363,0,0,0,38.21656051,0,0.636942675,0,0,0,0.955414013,0,0,0,0.318471338,0,0,0,18.47133758,0,0,92.3566879,7.006369427,0.636942675,100
394.5,10068,0,2.189781022,0,0.729927007,0.729927007,0,2.189781022,5.839416058,0,0,1.094890511,3.284671533,1.094890511,1.094890511,5.474452555,1.094890511,0,0,0,5.474452555,0,0,1.094890511,0,1.094890511,0,5.109489051,0,0,6.569343066,1.459854015,0.364963504,8.394160584,0,0,0,0,1.094890511,0,0,0,0,1.824817518,2.919708029,0.729927007,0,0,0,0,0.729927007,1.459854015,0,2.189781022,0,0,1.459854015,3.284671533,3.649635036,0,30.2919708,0,0,0,0,0,2.189781022,0,0,0,0,0,1.094890511,0.729927007,7.299270073,1.824817518,0,81.38686131,17.88321168,0.729927007,100
402.5,10135,0,0.35335689,0,1.060070671,0,1.766784452,2.120141343,5.300353357,0,0,0,1.060070671,1.766784452,0,1.766784452,0.706713781,0,0,0,3.886925795,0,0,0,0,1.060070671,0,4.240282686,0,0,4.946996466,2.120141343,1.060070671,8.127208481,0,0,0.706713781,0,0,0,0,0,0,0,7.77385159,0,0.706713781,0,0,0.706713781,0,0,1.766784452,1.766784452,0,0,1.766784452,0,1.060070671,0,40.98939929,0,0,0,0,0,1.060070671,0,0,0,1.060070671,0,0,0,15.19434629,0,0,92.5795053,7.4204947,0,100
410.5,10201,0,1.360544218,0,2.380952381,2.040816327,0.340136054,1.700680272,7.823129252,0,0,1.360544218,1.020408163,0.340136054,0.680272109,1.700680272,2.721088435,0,0,0,8.163265306,0,0.680272109,0,0,0.680272109,1.020408163,4.421768707,0,0,3.401360544,1.360544218,1.700680272,6.462585034,0,0,0.680272109,0,0,0,0,0,0,1.020408163,6.462585034,0,0,0,0,0,0,0,0.340136054,0.340136054,0,0,1.020408163,1.020408163,1.360544218,0,30.27210884,0,0.680272109,0,0,0,1.360544218,0,0,0,0.340136054,0,0,0,17.34693878,1.020408163,0,92.85714286,7.142857143,0,100
418.5,10268,0,3.873239437,0,1.056338028,1.408450704,0.352112676,2.816901408,9.507042254,0,0,2.464788732,1.408450704,0.704225352,1.408450704,1.408450704,2.112676056,0,0,0,4.225352113,0,1.056338028,0,0,0.704225352,1.056338028,4.929577465,0.704225352,0,2.816901408,3.521126761,2.112676056,8.450704225,0.704225352,0,0.352112676,0,1.056338028,0,0,0,0,1.408450704,7.394366197,0.704225352,0,0.704225352,0.704225352,1.408450704,0,0,1.056338028,1.056338028,0.352112676,0,1.056338028,0,2.816901408,0,28.52112676,0,0,0,0,0,0,0,0,0,0.704225352,0,0,0,11.97183099,1.056338028,0,92.25352113,7.042253521,0.704225352,100
426.5,10332,0,2.53164557,0,0.949367089,1.265822785,1.582278481,0.949367089,7.278481013,0,0,1.898734177,0.949367089,0.632911392,1.582278481,1.582278481,2.53164557,0,0,0,6.962025316,0,0.632911392,0,0,0.949367089,0,3.797468354,0.316455696,0,7.278481013,1.898734177,1.265822785,10.44303797,0,0,1.582278481,0,0.632911392,0,0,0,0,0.949367089,6.329113924,0,0,0,0,0,0.316455696,1.582278481,0,1.898734177,0,0,3.797468354,0,1.582278481,0,29.74683544,0,0.316455696,0,0,0.632911392,0.949367089,0,0,0,0,0,0.316455696,2.215189873,9.493670886,0,0,87.34177215,10.44303797,2.215189873,100
434.5,10394,0,1.067615658,0,0.355871886,1.423487544,1.067615658,1.067615658,4.982206406,0,0,1.423487544,1.067615658,0.711743772,0.355871886,2.846975089,1.779359431,0,0,0,7.473309609,0,0.355871886,0,0,0.711743772,0,2.846975089,0,0,7.473309609,1.779359431,1.067615658,10.3202847,0,0,0.711743772,0,0,0,0,0,0,0,7.117437722,0.355871886,0,0,0,0,0.355871886,1.067615658,0.711743772,2.135231317,0,0,2.135231317,0,1.779359431,0,30.60498221,0,0,0,0.711743772,0.711743772,1.067615658,0,0,0.355871886,0.711743772,0,0,2.846975089,14.23487544,0,0,87.1886121,9.964412811,2.846975089,100
442.5,10458,0.626959248,1.567398119,0,0.313479624,1.253918495,0.626959248,2.507836991,6.269592476,0,0,2.194357367,0.940438871,0.626959248,0.626959248,1.567398119,2.507836991,0,0,0,8.777429467,0,0.940438871,0,0,0.626959248,0,3.134796238,0.626959248,0,6.269592476,1.880877743,0.940438871,9.090909091,0,0,2.507836991,0,0,0,0,0,0,0.313479624,6.269592476,0,0,0,0,0,0,0,0,0,0,0,2.821316614,0,1.880877743,0,29.46708464,0,0,0,0,0.313479624,0.940438871,0,0,0,1.567398119,0,0,1.880877743,13.47962382,0,0,89.65517241,8.463949843,1.880877743,100
450.5,10525,0.34965035,1.048951049,0,0.34965035,1.048951049,1.398601399,2.097902098,5.944055944,0,0,1.398601399,0.699300699,0.34965035,0.699300699,2.097902098,2.097902098,0,0,0,8.391608392,0,0.34965035,0,0,0,0.34965035,2.797202797,0,0,7.692307692,1.398601399,1.398601399,10.48951049,0,0,1.398601399,0,0,0,0,0,0,0,8.041958042,0,0,0,0.699300699,0.699300699,0,0.699300699,0.699300699,1.398601399,0,0,3.846153846,0,1.398601399,0,31.11888112,0,0,0,0,0.34965035,0.699300699,0,0,0.34965035,0,0,0.34965035,0.699300699,13.63636364,0,0,90.20979021,9.090909091,0.699300699,100
458.5,10581,0.325732899,0.651465798,0,0,0.977198697,0.325732899,1.628664495,3.583061889,0,0,0.651465798,1.302931596,0,0,0.977198697,0.977198697,0,0,0,6.840390879,0,0.651465798,0,0,0.977198697,0,3.25732899,0.977198697,0,6.51465798,0.325732899,0.977198697,7.817589577,0,0,0.977198697,0,0.325732899,0,0,0,1.628664495,0.977198697,8.143322476,0,0.651465798,0,1.628664495,2.280130293,0.977198697,0.651465798,1.628664495,3.25732899,0,0,2.931596091,0,1.628664495,0,33.8762215,0,0,0,0,0,2.280130293,0,0,0.325732899,0.651465798,0,0.325732899,0,12.05211726,0,0,89.57654723,8.794788274,1.628664495,100
466.5,10631,0.346020761,0.692041522,0,0,1.730103806,0,1.384083045,3.806228374,0,0,1.730103806,0.692041522,0.346020761,0,1.038062284,1.384083045,0,0,0,7.266435986,0,1.038062284,0,0,0.692041522,0,2.076124567,0.346020761,0,4.152249135,1.730103806,0.346020761,6.228373702,0.346020761,0,0.346020761,0,1.038062284,0,0,0,1.038062284,0.692041522,6.920415225,0,1.730103806,0.692041522,2.076124567,4.498269896,0.692041522,2.076124567,1.038062284,3.806228374,0,0,2.076124567,0,1.384083045,0,36.33217993,1.038062284,0,0,0,0,2.076124567,0,0,0,1.038062284,0,0,0,10.38062284,0,0,92.04152249,6.574394464,1.384083045,100
474.5,10699,0.327868852,0.655737705,0,0.655737705,1.639344262,0.655737705,0.655737705,4.262295082,0,0,1.31147541,0.655737705,0.655737705,0,1.31147541,1.967213115,0,0,0,4.590163934,0,0.983606557,0,0,0.983606557,0,3.93442623,0.655737705,0,6.557377049,1.639344262,0.327868852,8.524590164,0,0,0.983606557,0,0.327868852,0,0,0,0,0,8.524590164,0,0,0,0.655737705,0.655737705,0.983606557,0.983606557,1.967213115,3.93442623,0,0,1.31147541,0.327868852,3.278688525,0,35.08196721,0,0,0,0,0.655737705,0.983606557,0,0,0,0.655737705,0,0.655737705,0.983606557,11.47540984,0,0,92.45901639,6.557377049,0.983606557,100
482.5,10764,0.306748466,0.613496933,0,0,0.306748466,0,0.613496933,1.533742331,0,0,0.613496933,0.613496933,0.306748466,0,2.147239264,3.680981595,0,0,0,7.36196319,0,0,0,0,0.613496933,0.306748466,3.374233129,0.613496933,0,6.134969325,0.306748466,0,6.441717791,0,0,1.533742331,0,0,0.306748466,0,0,1.226993865,0.613496933,6.441717791,0,0.920245399,0.306748466,6.748466258,7.975460123,0.920245399,0.306748466,0.920245399,2.147239264,0,0,3.067484663,0,1.533742331,0,33.12883436,0,0,0.306748466,0,0,0.920245399,0,0,0,0,0,0,0.613496933,12.26993865,0,0,89.87730061,7.975460123,2.147239264,100
490.5,10835,0.347222222,0.347222222,0,0.694444444,1.388888889,0.347222222,0.694444444,3.472222222,0,0,1.041666667,0,0.347222222,0.694444444,2.777777778,2.083333333,0,0,0,6.597222222,0,0.347222222,0,0,0.694444444,0,4.861111111,0,0,7.291666667,1.041666667,0,8.333333333,0,0,1.041666667,0,0,0,0,0,0.347222222,0,6.25,0,0.694444444,0,2.083333333,2.777777778,0.694444444,0.347222222,0.694444444,1.736111111,0,0,2.777777778,0,1.388888889,0,38.19444444,0,0,0,0,0,1.388888889,0,0,0,0.694444444,0,0,0.694444444,11.11111111,0,0,90.97222222,7.986111111,1.041666667,100
498.5,10908,0.909090909,0,0,1.515151515,2.424242424,0.606060606,0.909090909,5.454545455,0,0,1.515151515,0.909090909,0.606060606,0.303030303,2.727272727,2.424242424,0,0,0,5.454545455,0,0.606060606,0,0,2.727272727,0,2.424242424,0,0,9.090909091,1.818181818,0,10.90909091,0,0,0.909090909,0,0.303030303,0.606060606,0,0,0,0.909090909,9.090909091,0,0.303030303,0.909090909,2.424242424,3.636363636,0.606060606,1.818181818,0.909090909,3.333333333,0,0,3.333333333,0,0.606060606,0,30.3030303,0,0,0.909090909,0,0,0.303030303,0,0,0,0,0,0,0,8.484848485,0.303030303,0,90.3030303,9.090909091,0.606060606,100
506.5,10976,1.374570447,0,0,1.030927835,1.030927835,0.343642612,0.687285223,3.092783505,0,0,0.687285223,0.687285223,0.343642612,1.030927835,1.718213058,1.718213058,0,0,0,3.436426117,0,0.687285223,0,0,2.405498282,0,5.841924399,0,0,8.591065292,2.06185567,0.687285223,11.34020619,0,0,1.030927835,0,0,0,0,0,0,0,7.560137457,0,0,0.343642612,2.06185567,2.405498282,0.687285223,0.343642612,1.030927835,2.06185567,0,0,4.810996564,0,1.374570447,0,32.3024055,0,0,0,0,0,0,0,0,0,0,0,0,0,14.08934708,0,0,91.40893471,8.591065292,0,100
514.5,11042,0.673400673,0.673400673,0,1.01010101,0.673400673,0.336700337,1.346801347,4.04040404,0,0,1.01010101,1.01010101,0,0.673400673,1.346801347,2.693602694,0,0,0,6.060606061,0,0,0,0,0.673400673,0,5.723905724,0,0,8.080808081,1.01010101,0.673400673,9.764309764,0,0,0,0,0,0,0,0,0,0,9.427609428,0,0,0.336700337,1.01010101,1.346801347,1.01010101,1.01010101,1.346801347,3.367003367,0,0,2.356902357,0,0,0,36.02693603,0,0,0,0,0,1.01010101,0,0,0,0,0,0,0,12.79461279,0,0,93.6026936,6.397306397,0,100
522.5,11106,2.348993289,0,0,1.006711409,0.67114094,1.677852349,2.013422819,5.369127517,0,0,1.006711409,1.006711409,0.67114094,0,1.342281879,3.020134228,0,0,0,7.718120805,0,0,0,0,1.006711409,0,4.362416107,0,0,5.704697987,1.342281879,0.67114094,7.718120805,0,0,1.006711409,0,0.33557047,0,0,0,0.67114094,0.67114094,8.724832215,0,0.33557047,1.677852349,1.342281879,3.355704698,1.006711409,0.33557047,1.006711409,2.348993289,0,0,4.697986577,0,1.677852349,0,31.20805369,0,0,0,0,0,1.342281879,0,0,0,0.67114094,0,0,1.342281879,6.375838926,0,0,88.9261745,9.060402685,2.013422819,100
530.5,11168,2.243589744,0.641025641,0,0.320512821,0.320512821,0.641025641,0.961538462,2.884615385,0,0,1.602564103,0.961538462,0,0,1.282051282,3.846153846,0,0,0,7.051282051,0,0.641025641,0,0,1.923076923,0,4.487179487,0,0,5.769230769,1.282051282,0,7.051282051,0,0,0.641025641,0,0.641025641,0,0,0,1.282051282,0,8.974358974,0,0.320512821,0.961538462,1.602564103,2.884615385,0.641025641,0.961538462,1.602564103,3.205128205,0,0,2.243589744,0,1.282051282,0,27.56410256,0,0,0,0,0,1.602564103,0,0,0,0,0,0,2.564102564,13.14102564,0,0,90.06410256,6.08974359,3.846153846,100
538.5,11217,0,0,0,0.760456274,0,0.380228137,1.520912548,2.661596958,0,0,1.520912548,0.760456274,0,0,1.901140684,5.703422053,0,0,0,6.08365019,0,0,0,0,3.041825095,0,3.802281369,0,0,7.604562738,1.140684411,0.380228137,9.125475285,0,0,0.760456274,0,0,0,0,0,1.140684411,0,10.64638783,0,0.380228137,1.140684411,1.520912548,3.041825095,1.520912548,0.380228137,3.802281369,5.703422053,0,0,1.901140684,0,1.140684411,0,28.51711027,0,0,0,0,0,2.661596958,0,0,0,0,0,0,0,9.885931559,0,0,91.63498099,7.224334601,1.140684411,100
546.5,11328,1.083032491,0.722021661,0,0.36101083,0.36101083,2.166064982,1.444043321,5.054151625,0,0,1.805054152,0,0,0,0,1.805054152,0,0,0,5.415162455,0,0,0,0,1.805054152,0,2.888086643,0,0,7.581227437,1.805054152,1.083032491,10.46931408,0,0,2.166064982,0,0.722021661,0,0,0,0.722021661,0,8.664259928,0,0.36101083,0.722021661,1.083032491,2.166064982,1.083032491,1.444043321,2.527075812,5.054151625,0,0,1.444043321,0,2.166064982,0,26.35379061,0,0,0,0,0,2.527075812,0,0,0,0,0,0.36101083,2.166064982,15.16245487,0,0,93.14079422,3.971119134,2.888086643,100
554.5,11479,1.052631579,0.350877193,0,0.701754386,0,1.403508772,2.105263158,4.561403509,0,0,1.052631579,0,0,0,0,2.807017544,0,0,0,2.807017544,0,1.052631579,0,0,1.403508772,0,4.210526316,0,0,7.01754386,3.157894737,0.350877193,10.52631579,0,0,1.052631579,0,0.350877193,0,0,0,0.701754386,0,9.473684211,0,1.403508772,1.754385965,5.263157895,8.421052632,1.403508772,1.052631579,3.157894737,5.614035088,0,0,1.052631579,0,1.403508772,0,23.15789474,0,0,0,0,0,3.50877193,0,0,0,0,0,0,1.754385965,14.03508772,0,0,92.98245614,4.561403509,2.456140351,100
562.5,11633,1.754385965,0,0,0.350877193,0.701754386,0.701754386,2.456140351,4.210526316,0,0,0.701754386,0,0,0,0.701754386,2.807017544,0,0,0,2.105263158,0,0.701754386,0,0,0.701754386,0,3.50877193,0,0,3.50877193,1.403508772,2.105263158,7.01754386,0,0,0,0,0,0,0,0,0,0,8.771929825,0,3.157894737,4.210526316,11.57894737,18.94736842,1.403508772,3.50877193,5.614035088,10.52631579,0,0,1.052631579,0,0.701754386,0,16.14035088,0,0,0,0,0,1.754385965,0,0,0,0,0,0,3.50877193,14.03508772,0.350877193,0,92.98245614,3.50877193,3.50877193,100
570.5,11792,2.666666667,0,0,0.333333333,0,0.333333333,0.666666667,1.333333333,0,0,0.666666667,0,0,0,0,2,0,0,0,1.666666667,0,0,0,0,1,0,2.666666667,0,0,7.333333333,1,0,8.333333333,0,0,1,0,0,0,0,0,0,0,7.333333333,0,9,3.333333333,15,27.33333333,5.666666667,3.333333333,5.333333333,14.33333333,0,0,1,0,0,0,17,0,0,0,0,0,2.333333333,0,0,0,0,0,0,0,9.333333333,0,0,96.66666667,3.333333333,0,100
578.5,11960,1.346801347,0.336700337,0,0,0,0.673400673,1.01010101,2.02020202,0,0,0.673400673,0,0,0.336700337,0.673400673,1.346801347,0,0,0,2.693602694,0,0,0,0,0,0,4.04040404,0,0,6.734006734,0.673400673,0.336700337,7.744107744,0,0,0,0,0,0,0,0,0,0,5.050505051,0,11.44781145,4.04040404,16.83501684,32.32323232,6.397306397,3.367003367,4.04040404,13.8047138,0,0,0.673400673,0,0.673400673,0,12.12121212,0,0,0,0,0,0.673400673,0,0,0,0,0,1.683501684,0,12.12121212,0,0,97.64309764,2.356902357,0,100
586.5,12115,1.700680272,0,0,0.340136054,0,0.680272109,1.360544218,2.380952381,0,0,0.680272109,0,0,0,1.020408163,1.360544218,0,0,0,1.360544218,0,0,0,0,0.680272109,0,3.06122449,0,0,5.782312925,0.680272109,0.680272109,7.142857143,0,0,0.340136054,0,0.340136054,0,0,0,0.680272109,0,4.081632653,0,10.20408163,2.721088435,13.60544218,26.53061224,4.761904762,2.721088435,8.503401361,15.98639456,0,0,1.360544218,0,0.680272109,0,13.60544218,0,0,0,0,0,1.020408163,0,0,0,0,0,1.020408163,1.700680272,13.26530612,0,0,94.21768707,3.401360544,2.380952381,100
594.5,12274,5.629139073,0,0,0,0,0.662251656,0.662251656,1.324503311,0,0,3.642384106,0,0,0,0.662251656,5.629139073,0,0,0,1.655629139,0,0,0,0,0.993377483,0,3.311258278,0,0,3.973509934,0.662251656,0.662251656,5.298013245,0,0,0,0,0,0,0,0,0.662251656,0,4.304635762,0,7.947019868,2.649006623,14.2384106,24.83443709,5.298013245,1.986754967,5.629139073,12.91390728,0,0,1.986754967,0,0.662251656,0,11.25827815,0,0,0,0,0,1.324503311,0,0,0,0,0,0,3.973509934,9.602649007,0.331125828,0,91.39072848,3.973509934,4.635761589,100
602.5,12434,1.459854015,0,0,0,0,0.729927007,1.094890511,1.824817518,0,0,1.459854015,0,0,0,1.094890511,4.744525547,0,0,0,0.729927007,0,0,0,0,0.729927007,0,4.379562044,0,0,5.109489051,1.459854015,0,6.569343066,0,0,0,0,0,0,0,0,0.729927007,0,5.109489051,0,5.109489051,3.284671533,13.13868613,21.53284672,4.744525547,2.919708029,7.664233577,15.32846715,0,0,1.824817518,0,0.729927007,0,14.96350365,0,0,0,0,0,0.729927007,0,0,0,0,0,1.094890511,7.299270073,7.664233577,0,0,88.32116788,3.649635036,8.02919708,100
610.5,12593,6.02006689,0,0,0.334448161,0,0.334448161,1.003344482,1.672240803,0,0,2.675585284,0,0.668896321,0,1.003344482,2.341137124,0,0,0,1.672240803,0,0,0,0,1.337792642,0,3.344481605,0.334448161,0,3.678929766,1.337792642,0.668896321,5.685618729,0,0,0,0,0.668896321,0,0,0,3.344481605,0,4.347826087,0.334448161,4.682274247,2.675585284,13.37792642,20.73578595,4.347826087,2.675585284,7.023411371,14.04682274,0,0,2.006688963,0,0,0,12.7090301,0,0,0,0,0,1.672240803,0,0,0,0,0,1.003344482,4.682274247,8.026755853,0,0,86.28762542,5.685618729,8.026755853,100
618.5,12757,5.479452055,0.342465753,0,0.684931507,0.684931507,0.342465753,1.369863014,3.424657534,0,0,1.712328767,0,0,0,1.02739726,2.054794521,0,0,0,1.02739726,0,0,0,0,1.369863014,0,2.739726027,0,0,4.109589041,1.712328767,0.342465753,6.164383562,0,0,1.02739726,0,0.342465753,0,0,0,1.02739726,0,3.424657534,0,7.191780822,4.452054795,15.06849315,26.71232877,2.739726027,1.02739726,5.479452055,9.246575342,0,0,2.739726027,0,0,0,15.4109589,0,0,0,0,0,1.712328767,0,0,0,0,0,2.397260274,2.739726027,7.534246575,0.684931507,0,90.75342466,5.479452055,3.767123288,100
626.5,12909,8.532423208,0,0,0.341296928,0.682593857,0.341296928,1.023890785,2.389078498,0,0,2.389078498,0,0,0,1.023890785,2.730375427,0,0,0,3.754266212,0,0,0,0,1.706484642,0,3.754266212,0.682593857,0,3.412969283,0.341296928,0.341296928,4.09556314,0,0,0.682593857,0,0,0,0,0,3.071672355,0,5.119453925,0,6.825938567,3.412969283,9.556313993,19.79522184,1.365187713,0.341296928,3.071672355,4.778156997,0,0,1.706484642,0,1.023890785,0,17.40614334,0,0,0,0,0,1.365187713,0,0,0,1.023890785,0,0,3.754266212,9.215017065,0,0,88.39590444,4.778156997,6.825938567,100
634.5,13061,3.06122449,0,0,0.340136054,1.020408163,0.680272109,2.040816327,4.081632653,0,0,2.721088435,0,0,0,7.482993197,5.442176871,0,0,0,2.721088435,0,0,0,0,3.741496599,0,4.421768707,0,0,6.462585034,2.040816327,0,8.503401361,0,0,0,0,0,0,0,0,1.020408163,0.340136054,6.462585034,0,3.401360544,1.360544218,5.442176871,10.20408163,1.020408163,0.340136054,2.721088435,4.081632653,0,0,3.401360544,0,0.680272109,0,19.04761905,0,0,0,0,0,2.380952381,0,0,0,0.340136054,0,0,2.040816327,7.823129252,0,0,83.67346939,13.26530612,3.06122449,100
642.5,13218,0.680272109,0.340136054,0,0,0.340136054,0.340136054,1.360544218,2.380952381,0,0,1.020408163,0,0,0,2.040816327,3.401360544,0,0,0,2.721088435,0,0.680272109,0,0,3.401360544,0,3.06122449,0,0,10.88435374,5.442176871,5.102040816,21.42857143,0,0,0.680272109,0,0,0,0,0,0.680272109,0.680272109,13.26530612,0,1.360544218,0.340136054,2.721088435,4.421768707,0.680272109,0,1.700680272,2.380952381,0,0,2.380952381,0,0.340136054,0,22.10884354,0,0,0,0,0,3.06122449,0,0,0,0,0,0,0.680272109,8.503401361,0,0,91.15646259,7.482993197,1.360544218,100
650.5,13376,0.662251656,0.331125828,0,0,0.662251656,0.331125828,2.317880795,3.642384106,0,0,0.662251656,0.662251656,0,0,1.986754967,1.655629139,0,0,0,3.311258278,0,0,0,0,1.655629139,0,2.317880795,0,0,13.57615894,5.629139073,5.298013245,24.50331126,0,0,0,0,0,0,0,0,0,0.331125828,10.59602649,0,1.324503311,0.662251656,3.311258278,5.298013245,0.662251656,0.662251656,1.324503311,2.649006623,0,0,1.655629139,0,0,0,20.52980132,0,0,0,0,0,1.986754967,0,0,0,0,0,0,1.324503311,14.2384106,0.331125828,0,92.38410596,6.291390728,1.324503311,100
658.5,13525,1.519756839,0.303951368,0,0.607902736,0.607902736,0,0.607902736,2.127659574,0,0,1.215805471,0,0,0,1.823708207,2.431610942,0,0,0,4.255319149,0,0.303951368,0,0,0.303951368,0,1.215805471,0,0,10.94224924,4.863221884,4.255319149,20.06079027,0,0,0.607902736,0,0,0,0,0,0,0.911854103,10.03039514,0,3.951367781,1.215805471,6.079027356,11.24620061,0.911854103,1.215805471,3.039513678,5.167173252,0,0,1.215805471,0,0.303951368,0,24.01215805,0,0,0,0,0,1.519756839,0,0,0,0.607902736,0,0,1.215805471,7.902735562,0,0,94.22492401,4.559270517,1.215805471,100
666.5,13687,1.910828025,0,0,1.592356688,0.636942675,0.318471338,1.910828025,4.458598726,0,0,1.27388535,0.636942675,0,0,5.095541401,2.547770701,0,0,0,5.095541401,0,0,0,0,0.636942675,0,3.184713376,0,0,10.82802548,5.095541401,2.866242038,18.78980892,0,0,1.592356688,0,0,0,0,0,0,0,9.872611465,0,2.547770701,0.636942675,5.732484076,8.917197452,0.636942675,0.636942675,1.592356688,2.866242038,0,0,1.27388535,0,0,0,20.06369427,0,0,0,0,0,3.184713376,0,0,0,0,0,0,1.27388535,7.324840764,0,0,88.53503185,10.1910828,1.27388535,100
674.5,13849,1.379310345,0,0,0.689655172,0.344827586,0,1.379310345,2.413793103,0,0,1.379310345,0.689655172,0,0,1.724137931,2.068965517,0,0,0,4.137931034,0,0,0,0,3.793103448,0,2.068965517,0,0,11.03448276,5.172413793,2.413793103,18.62068966,0,0,1.034482759,0,0,0,0,0,0,0,10.34482759,0,3.793103448,1.379310345,6.206896552,11.37931034,1.034482759,0.344827586,2.413793103,3.793103448,0,0,1.034482759,0,0,0,22.06896552,0,0,0,0,0,3.103448276,0,0,0,0,0,0,1.724137931,7.24137931,0,0,91.72413793,6.551724138,1.724137931,100
682.5,14007,1.602564103,0,0,0.641025641,0.641025641,0.320512821,0.961538462,2.564102564,0,0,0.961538462,0,0,0.320512821,2.243589744,2.243589744,0,0,0,1.923076923,0,0,0,0,2.884615385,0,3.205128205,0.641025641,0,13.78205128,3.205128205,3.846153846,20.83333333,0,0,0,0,0.320512821,0,0,0,0,0.961538462,10.57692308,0,2.564102564,0.320512821,8.012820513,10.8974359,0.320512821,0.320512821,2.564102564,3.205128205,0,0,2.564102564,0,0,0,21.47435897,0,0,0,0,0,2.564102564,0,0,0,0,0,0,1.282051282,6.730769231,0,0,90.38461538,8.333333333,1.282051282,100
690.5,14169,3.678929766,0,0,0.668896321,0.668896321,0.668896321,1.672240803,3.678929766,0,0,1.672240803,0.668896321,0,0,1.337792642,3.344481605,0,0,0,2.006688963,0,0,0,0,2.675585284,0,4.347826087,0,0,8.361204013,3.678929766,2.675585284,14.71571906,0,0,0.668896321,0,0.334448161,0,0,0,0,0.668896321,11.37123746,0,1.337792642,0.668896321,7.357859532,9.364548495,0.668896321,0,2.341137124,3.010033445,0,0,6.02006689,0,0.334448161,0,19.39799331,0,0,0,0,0,2.675585284,0,0,0,0,0,0,1.337792642,6.688963211,0,0,87.95986622,10.70234114,1.337792642,100
698.5,14328,3.32326284,0,0,0.604229607,0,0.302114804,1.812688822,2.719033233,0,0,0.604229607,0,0,0,3.021148036,1.812688822,0,0,0,2.416918429,0,0.302114804,0,0,2.719033233,0,3.32326284,0.906344411,0,8.459214502,4.229607251,1.510574018,14.19939577,0,0,0.604229607,0,0.302114804,0,0,0,0,0.604229607,9.667673716,0,4.531722054,0.906344411,8.157099698,13.59516616,0.604229607,0.604229607,2.416918429,3.625377644,0,0,2.719033233,0,0.604229607,0,22.65861027,0,0,0,0,0,3.927492447,0,0,0,0,0,0,0.906344411,5.438066465,0,0,88.51963746,10.57401813,0.906344411,100
706.5,14483,2.711864407,0,0,0.677966102,0,0.338983051,1.016949153,2.033898305,0,0,0.677966102,0.338983051,0,0.677966102,1.016949153,2.372881356,0,0,0,1.694915254,0,0.677966102,0,0,2.372881356,0,4.745762712,0,0,11.18644068,5.762711864,0.677966102,17.62711864,0,0,0.677966102,0,0,0.338983051,0,0,0,0.338983051,11.52542373,0,5.084745763,1.355932203,4.745762712,11.18644068,0.338983051,0,2.372881356,2.711864407,0,0,2.711864407,0,0,0,22.03389831,0,0,0,0,0,3.050847458,0,0,0.338983051,0,0,0,1.694915254,6.440677966,0,0,89.83050847,8.13559322,2.033898305,100
714.5,14644,1.567398119,0,0,0,0,0,1.253918495,1.253918495,0,0,0.626959248,0.313479624,1.253918495,0.626959248,1.880877743,3.448275862,0,0,0,1.253918495,0,0.313479624,0,0,0.626959248,0,5.956112853,0,0,16.92789969,7.210031348,1.880877743,26.01880878,0,0,0.313479624,0,0.313479624,0.313479624,0,0,0,0,10.65830721,0,3.134796238,0.313479624,6.269592476,9.717868339,0,0,1.567398119,1.567398119,0,0,6.896551724,0,0.313479624,0,18.49529781,0,0,0,0,0,1.253918495,0,0,0,0,0,0,0.626959248,4.388714734,0,0,86.8338558,12.22570533,0.940438871,100
722.5,14798,3.618421053,0,0,0.328947368,0,0.328947368,0.986842105,1.644736842,0,0,0.657894737,0,0,0,4.276315789,1.973684211,0,0,0,0.986842105,0,0,0,0,2.302631579,0,4.605263158,0,0,6.907894737,3.618421053,1.315789474,11.84210526,0,0,0,0,0,0,0,0,0,0.328947368,9.210526316,0,8.223684211,2.960526316,9.868421053,21.05263158,1.644736842,0.328947368,5.263157895,7.236842105,0,0,3.947368421,0,0.328947368,0,17.10526316,0,0,0,0,0,2.302631579,0,0,0,0,0,0,2.631578947,3.947368421,0,0,86.84210526,10.52631579,2.631578947,100
730.5,14952,1.416430595,0,0,0,0,0,1.699716714,1.699716714,0,0,1.983002833,0,2.549575071,0.566572238,1.416430595,3.116147309,0,0,0,0.849858357,0,0,0,0,0,0,4.249291785,0,0,9.631728045,1.416430595,2.266288952,13.31444759,0,0,0.566572238,0,0,0,0,0,0,0,5.382436261,0,5.949008499,4.532577904,18.41359773,28.89518414,0.283286119,0.566572238,1.416430595,2.266288952,0,0,5.382436261,0,0.283286119,0,14.16430595,0,0,0,0,0,1.133144476,0,0,0,0,0,0,9.915014164,0.849858357,0,0,79.0368272,11.04815864,9.915014164,100
738.5,15118,7.457627119,0.338983051,0,0,0,0.677966102,1.694915254,2.711864407,0,0,0.338983051,0.338983051,0,0,2.033898305,1.016949153,0,0,0,1.016949153,0,0,0,0,2.372881356,0,3.389830508,0,0,7.118644068,3.389830508,1.355932203,11.86440678,0,0,0.338983051,0,0.677966102,0,0,0,0,0.338983051,12.54237288,0,11.18644068,5.084745763,10.16949153,26.44067797,0.338983051,0.677966102,3.389830508,4.406779661,0,0,3.050847458,0,0,0,11.86440678,0,0,0,0,0,2.372881356,0,0,0.338983051,0,0,0,2.033898305,3.050847458,0,0,89.83050847,8.13559322,2.033898305,100
746.5,15281,0.576368876,0,0,0,0,0,0.864553314,0.864553314,0,0,1.152737752,0.576368876,0,0.288184438,1.152737752,4.322766571,0,0,0,2.305475504,0,0.576368876,0,0,0,0,4.899135447,0,0,9.798270893,2.017291066,0.864553314,12.68011527,0,0,0.864553314,0,0,0,0,0,0,0,6.916426513,0,4.322766571,5.187319885,19.02017291,28.53025937,0,1.152737752,1.44092219,2.593659942,0,0,5.187319885,0,0,0.288184438,11.81556196,0,0,0,0,0,0.864553314,0,0,0,0,0,0,12.1037464,1.44092219,0,0,79.5389049,8.069164265,12.39193084,100
754.5,15444,2.04778157,0,0,0.682593857,0,0,1.706484642,2.389078498,0,0,1.706484642,0,0,2.389078498,4.09556314,2.730375427,0,0,0,0.682593857,0,0,0,0,2.04778157,0,4.436860068,0.682593857,0,7.167235495,2.04778157,1.706484642,10.92150171,0,0,0.341296928,0,0,0,0,0,0,0.682593857,10.58020478,0,6.825938567,3.071672355,11.26279863,21.16040956,0.341296928,0.682593857,2.389078498,3.412969283,0,0,3.071672355,0,0,0,16.72354949,0,0,0,0,0,3.754266212,0,0,0,0,0,0,3.412969283,2.730375427,0,0,82.59385666,13.99317406,3.412969283,100
762.5,15607,0.307692308,0,0,0,0,0,0.307692308,0.307692308,0,0,1.538461538,0,1.846153846,1.846153846,1.538461538,1.846153846,0,0,0,0.615384615,0,0,0,0,0.923076923,0,5.846153846,0,0,5.846153846,2.461538462,0.307692308,8.615384615,0,0,0,0,0,0,0,0,0.615384615,0,4.615384615,0,12.30769231,6.153846154,28,46.46153846,0.307692308,0.923076923,1.846153846,3.076923077,0,0,4.307692308,0,0.615384615,0,9.538461538,0,0,0,0,0,3.076923077,0,0,0,0,0,0,2.461538462,0,0,0,84.30769231,12.61538462,3.076923077,100
770.5,15753,2.325581395,0,0,0,0,0,1.328903654,1.328903654,0,0,1.328903654,0,0,0.996677741,1.993355482,2.990033223,0,0,0,1.661129568,0,0,0,0,2.325581395,0,2.990033223,0.996677741,0,4.318936877,3.986710963,1.993355482,10.29900332,0,0,0,0,0.664451827,0,0,0,0,0,6.312292359,0,9.302325581,4.318936877,16.61129568,30.23255814,0.996677741,0.664451827,5.647840532,7.3089701,0,0,3.322259136,0,0.664451827,0,11.96013289,0,0,0,0,0,3.65448505,0,0,0,0,0,0,5.315614618,1.328903654,0,0,83.72093023,10.96345515,5.315614618,100
778.5,15806,0.961538462,0,0,0,0,0,0,0,0,0,2.884615385,0,1.282051282,1.282051282,1.923076923,3.205128205,0,0,0,0.320512821,0,0,0,0.320512821,0.641025641,0,4.487179487,0.641025641,0,7.371794872,2.243589744,0.641025641,10.25641026,0,0,0,0,0,0,0,0,0,0,6.41025641,0,15.70512821,6.08974359,25.64102564,47.43589744,0,1.282051282,1.282051282,2.564102564,0,0,3.525641026,0,0,0,7.051282051,0,0,0,0,0,1.923076923,0,0,0,0,0,0,0,2.884615385,0,0,89.42307692,10.57692308,0,100
786.5,15859,3.344481605,0,0,0,0,0,0.334448161,0.334448161,0,0,1.003344482,0,0,0.334448161,1.337792642,2.006688963,0,0,0,0.334448161,0,0,0,0,0.668896321,0,2.675585284,0.334448161,0,2.341137124,1.672240803,0.334448161,4.347826087,0,0,0,0,0.334448161,0,0,0,0,0,4.347826087,0,19.06354515,9.698996656,30.10033445,58.86287625,0.668896321,0.668896321,4.347826087,5.685618729,0,0,1.003344482,0,0.334448161,0,10.36789298,0,0,0,0,0,1.337792642,0,0,0.334448161,0,0,0,0,0.668896321,0,0,95.31772575,4.682274247,0,100
794.5,15913,0.914634146,0,0,0,0,0,0,0,0,0,1.524390244,0.304878049,1.524390244,0.914634146,0.914634146,1.829268293,0,0,0,0.304878049,0,0,0,0,0,0,4.573170732,0,0,1.524390244,0.914634146,0.304878049,2.743902439,0,0,0,0,0,0,0,0,0,0,1.829268293,0,24.69512195,5.487804878,33.23170732,63.41463415,0,1.219512195,1.524390244,2.743902439,0,0,5.487804878,0,0.609756098,0,4.268292683,0,0,0,0,0,3.658536585,0,0,0,0,0,0,1.829268293,0.609756098,0,0,85.36585366,12.80487805,1.829268293,100
802.5,15967,4.391891892,0,0,0,0,0,0.675675676,0.675675676,0,0,3.716216216,0,0,0.337837838,1.013513514,3.040540541,0,0,0,0,0,0,0,0,2.027027027,0,3.040540541,1.351351351,0,2.702702703,2.364864865,0.337837838,5.405405405,0,0,0,0,0.337837838,0,0,0,0,0,6.081081081,0,18.58108108,6.756756757,26.01351351,51.35135135,0.337837838,0.675675676,1.689189189,2.702702703,0,0,2.027027027,0,0,0,9.797297297,0,0,0,0,0,0.675675676,0,0,0,0,0,0,2.027027027,0,0,0,92.56756757,5.405405405,2.027027027,100
810.5,16020,1.510574018,0,0,0,0,0,0,0,0,0,3.625377644,0,0,0.906344411,0.906344411,2.114803625,0,0,0,0.302114804,0,0,0,0,0.604229607,0,5.740181269,0,0,3.32326284,1.208459215,0,4.531722054,0,0,0,0,0.302114804,0,0,0,0,0,2.114803625,0,22.65861027,2.416918429,28.09667674,53.17220544,0.604229607,1.208459215,1.812688822,3.625377644,0,0,6.042296073,0,0,0,5.135951662,0,0,0,0,0,5.438066465,0,0,0,0,0,0,1.812688822,2.114803625,0,0,84.89425982,13.29305136,1.812688822,100
818.5,16079,3.184713376,0,0,0,0,0,0,0,0,0,1.910828025,0,0,0.955414013,2.229299363,0.955414013,0,0,0,0,0,0,0,0,0,0,2.229299363,0,0,1.910828025,0.318471338,0.318471338,2.547770701,0,0,0,0,0,0,0,0,0,0,2.866242038,0,21.33757962,10.50955414,35.03184713,66.87898089,0.636942675,1.592356688,3.503184713,5.732484076,0,0,0.636942675,0,0,0,6.687898089,0,0,0,0,0,1.910828025,0,0,0,0,0,0,0,1.27388535,0,0,94.26751592,5.732484076,0,100
826.5,16133,0.584795322,0,0,0,0,0,0,0,0,0,1.169590643,0,0.584795322,2.631578947,0.584795322,1.754385965,0,0,0,0,0,0,0,0,0,0,3.801169591,0,0,3.216374269,0.292397661,0.292397661,3.801169591,0,0,0,0,0.877192982,0,0,0,0,0.292397661,1.754385965,0,33.62573099,7.01754386,32.16374269,72.80701754,0,0.292397661,0.584795322,0.877192982,0,0,0.584795322,0,0,0,4.093567251,0,0,0,0,0,1.754385965,0,0,0,0,0,0,0,2.046783626,0,0,93.85964912,6.140350877,0,100
834.5,16189,8.940397351,0,0,0,0,0,0,0,0,0,2.98013245,0.331125828,0,0.662251656,0.331125828,0.662251656,0,0,0,0.331125828,0,0,0,0,0,0,1.655629139,0,0,1.324503311,0.662251656,0,1.986754967,0,0,0,0,0,0,0,0,0,0,1.986754967,0,21.52317881,11.25827815,31.78807947,64.56953642,0.331125828,1.655629139,3.642384106,5.629139073,0,0,1.986754967,0,0,0,5.960264901,0,0,0,0,0,1.324503311,0,0,0,0,0,0,0,0.662251656,0,0,95.36423841,4.635761589,0,100
842.5,16248,1.324503311,0,0,0,0,0,0,0,0,0,2.649006623,0.662251656,0.993377483,1.655629139,1.324503311,1.324503311,0,0,0,0,0,0,0,0,0,0,5.629139073,0,0,2.98013245,0.331125828,0,3.311258278,0,0,0,0,0.331125828,0,0,0,0,0,0.993377483,0,30.46357616,3.311258278,28.47682119,62.25165563,0,0.662251656,1.986754967,2.649006623,0,0,3.642384106,0,0.331125828,0,6.622516556,0,0,0,0,0,2.317880795,0,0,0,0,0,0,0,1.986754967,0,0,89.40397351,10.59602649,0,100
850.5,16305,3.378378378,0,0,0,0,0,0,0,0,0,1.689189189,0,0,1.013513514,1.013513514,0.675675676,0,0,0,0,0,0,0,0,0,0,1.689189189,0,0,2.027027027,1.013513514,1.013513514,4.054054054,0,0,0,0,0,0,0,0,0,0,1.689189189,0,17.22972973,15.2027027,33.78378378,66.21621622,0.337837838,1.351351351,5.743243243,7.432432432,0,0,2.027027027,0,0,0,6.756756757,0,0,0,0,0,1.351351351,0,0,0.337837838,0,0,0,0.675675676,0,0,0,93.58108108,5.743243243,0.675675676,100
858.5,16361,0.898203593,0,0,0,0,0,0,0,0,0,1.796407186,0,1.19760479,3.592814371,0.598802395,2.095808383,0,0,0,0.299401198,0,0,0,0,0.598802395,0,3.592814371,0,0,2.395209581,0.898203593,0,3.293413174,0,0,0,0,0,0,0,0,0,0,1.497005988,0,27.24550898,4.790419162,33.53293413,65.56886228,0,0.598802395,1.796407186,2.395209581,0,0,4.191616766,0,0,0,5.089820359,0,0,0,0,0,3.293413174,0,0,0,0,0,0,0,0,0,0,87.1257485,12.8742515,0,100
866.5,16430,6.270627063,0,0,0,0,0,0,0,0,0,4.95049505,0,0,2.640264026,4.290429043,0.330033003,0,0,0,0,0,0,0,0,0,0,1.320132013,0,0,1.320132013,1.320132013,0,2.640264026,0,0,0,0,0,0,0,0,0,0.330033003,1.320132013,0,15.18151815,9.570957096,32.67326733,57.42574257,0.330033003,0.660066007,4.620462046,5.610561056,0,0,2.640264026,0,0.99009901,0,4.290429043,0,0,0,0,0,3.630363036,0,0,0,0,0,0,1.320132013,0,0,0,85.47854785,13.20132013,1.320132013,100
874.5,16523,1.034482759,0,0,0,0,0,0,0,0,0,2.75862069,0.689655172,0,2.413793103,2.068965517,1.379310345,0,0,0,0.344827586,0,0,0,0,1.034482759,0,5.862068966,0,0,1.724137931,1.034482759,0,2.75862069,0,0,0,0,0,0,0,0,0,0,0,0,24.82758621,6.206896552,31.37931034,62.4137931,0.344827586,0.689655172,1.724137931,2.75862069,0,0,5.172413793,0,0,0,4.482758621,0,0,0,0,0,2.75862069,0,0,0.344827586,0,0,0,0.689655172,1.034482759,0,0,85.86206897,13.44827586,0.689655172,100
882.5,16635,5.923344948,0,0,0,0,0,0,0,0,0,4.87804878,0.696864111,0,1.742160279,2.43902439,3.135888502,0,0,0,0,0,0,0,0,0,0,3.135888502,0.696864111,0,0.696864111,0.696864111,0,1.393728223,0,0,0,0,0,0,0,0,0.348432056,0,0.348432056,0,20.55749129,9.756097561,30.31358885,60.6271777,0.696864111,1.393728223,2.43902439,4.529616725,0,0,2.090592334,0,0,0,5.574912892,0,0,0,0,0,2.090592334,0,0,0.348432056,0,0,0,0,0,0,0,89.54703833,10.10452962,0.348432056,100
898.5,16864,7.540983607,0,0,0,0,0,0,0,0,0,1.31147541,0,0,0.983606557,1.639344262,0.655737705,0,0,0,0,0,0,0,0,0.327868852,0,3.606557377,0,0,0.655737705,0.327868852,0,0.983606557,0,0,0,0,0,0,0,0,0,0,0.327868852,0,27.86885246,11.14754098,31.80327869,70.81967213,0,0.983606557,3.278688525,4.262295082,0,0,2.950819672,0,0,0,3.93442623,0,0,0,0,0,0.655737705,0,0,0,0,0,0,0,0,0,0,93.7704918,6.229508197,0,100
914.5,17088,2.721088435,0,0,0,0,0,0,0,0,0,1.020408163,0.680272109,0,3.401360544,6.802721088,0.340136054,0,0,0,0,0,0,0,0,0,0,1.700680272,0.340136054,0,1.020408163,0.680272109,0.340136054,2.040816327,0,0,0,0,0,0,0,0,0,0,0,0,21.42857143,13.26530612,31.29251701,65.98639456,1.020408163,1.020408163,3.401360544,5.442176871,0,0,2.040816327,0,0.340136054,0,3.401360544,0,0,0,0,0,2.721088435,0,0,0.340136054,0,0,0,0.680272109,0,0,0,82.99319728,16.32653061,0.680272109,100
930.5,17315,4.745762712,0,0,0,0,0,0,0,0,0,3.389830508,0.338983051,0,1.694915254,2.372881356,0.677966102,0,0,0,0,0,0,0,0,0,0,2.372881356,0,0,0.338983051,0.338983051,0,0.677966102,0,0,0,0,0,0,0,0,0,0,0,0,26.77966102,14.57627119,31.18644068,72.54237288,0.338983051,0.677966102,2.372881356,3.389830508,0,0,2.033898305,0,0,0,4.06779661,0,0,0,0,0,1.694915254,0,0,0,0,0,0,0,0,0,0,91.86440678,8.13559322,0,100
946.5,17546,4.166666667,0,0,0,0,0,0,0,0,0,1.388888889,0,0,3.819444444,2.777777778,0,0,0,0,0,0,0,0,0,1.041666667,0,5.902777778,0,0,0,0,0,0,0,0,0,0,0.347222222,0,0,0,0,0,1.041666667,0,26.38888889,11.11111111,24.30555556,61.80555556,0.694444444,0.347222222,4.513888889,5.555555556,0,0,3.125,0,0,0,5.208333333,0,0,0,0,0,3.472222222,0,0,0.347222222,0,0,0,0,0,0,0,86.45833333,13.54166667,0,100
962.5,17774,4.195804196,0,0,0,0,0,0,0,0,0,3.846153846,0.34965035,0,2.447552448,1.748251748,1.048951049,0,0,0,0,0,0,0,0,1.748251748,0,5.594405594,0,0,0.699300699,0,0,0.699300699,0,0,0,0,0.699300699,0,0,0,0,0,0.699300699,0,20.62937063,13.28671329,29.37062937,63.28671329,0.699300699,0.699300699,5.244755245,6.643356643,0,0,1.048951049,0,0,0,3.146853147,0,0,0,0,0,2.447552448,0,0,0.34965035,0,0,0,0,0,0,0,91.60839161,8.391608392,0,100
978.5,18000,8.305647841,0,0,0,0,0,0,0,0,0,2.990033223,0,0,2.325581395,2.657807309,0.996677741,0,0,0,0,0,0,0,0,0.664451827,0,4.651162791,0,0,0.664451827,0.664451827,0.332225914,1.661129568,0,0,0,0,0.332225914,0,0,0,0,0,0.332225914,0,23.58803987,5.980066445,26.910299,56.47840532,0.996677741,0.996677741,4.983388704,6.976744186,0,0,4.651162791,0,0.664451827,0,2.325581395,0,0,0,0,0,3.322259136,0,0,0.664451827,0,0,0,0,0,0,0,86.37873754,13.62126246,0,100
994.5,18237,7.553956835,0,0,0,0,0,0,0,0,0,2.158273381,0,0,2.517985612,2.517985612,1.438848921,0,0,0,0,0,0,0,0,0,0,3.956834532,0,0,0.71942446,0.35971223,0,1.079136691,0,0,0,0,0.35971223,0,0,0,0,0,0,0,27.69784173,5.395683453,30.9352518,64.02877698,0.71942446,0.35971223,4.676258993,5.755395683,0,0,3.956834532,0,0,0,1.798561151,0,0,0,0,0,2.517985612,0,0,0.35971223,0,0,0,0,0,0,0,88.1294964,11.8705036,0,100
1010.5,18474,2.508960573,0,0,0,0,0,0,0,0,0,3.584229391,0.716845878,0,3.225806452,6.093189964,2.150537634,0,0,0,0,0,0,0,0,0.716845878,0,5.376344086,0.716845878,0,1.075268817,0,0,1.075268817,0,0,0,0,0,0,0,0,0,0,0,0,25.08960573,8.960573477,21.14695341,55.19713262,0,0,2.150537634,2.150537634,0,0,5.734767025,0,0,0,4.659498208,0,0,0,0,0,5.376344086,0,0,0,0,0,0,0,0.716845878,0,0,78.13620072,21.86379928,0,100
1026.5,18708,1.360544218,0,0,0,0,0,0,0,0,0,2.721088435,0,1.700680272,1.360544218,2.721088435,4.761904762,0,0,0,0,0,0,0,0,0.680272109,0,7.482993197,0,0,0,0,0,0,0,0,0,0,0.680272109,0,0,0,0,0,0.680272109,0,7.823129252,7.823129252,44.55782313,60.20408163,0.340136054,1.360544218,2.721088435,4.421768707,0,0,4.421768707,0,1.360544218,0,1.700680272,0,0,0,0,0,3.06122449,0,0,0.680272109,0,0,0,0,0,0,0,86.05442177,13.94557823,0,100