Depth,Age,Abies,Picea,Pinus.undiff,Pinus.sub..Pinus,Pinus.sub..Strobus,Tsuga,Acer.saccharum,Acer.rubrum,Acer.undiff,Acer.saccharinum,Alnus.rugosa,Betula,Carya,Castanea,Cephalanthus,Cornus,Corylus,Cupressaceae,Fagus,Fraxinus.undifferentiated,Fraxinus.nigra,Fraxinus.pennsylvanica,Juglans,Larix,Liquidambar,Morus,Myricaceae,Nyssa,Ostrya.Carpinus.type,Planera,Platanus,Populus,Quercus,Salix,Tilia,Ulmus,Ambrosia.type,Apiaceae,Araliaceae,Arceuthobium,Artemisia,Total.Asteraceae,Brassicaceae,Campanula,Caryophyllaceae,Chenopodiaceae,Cyperaceae,Epilobium,Equisetum,Fabaceae,Gallium,Lamiaceae,Nuphar,Nymphea,Magnolia.Liliaceae,Mentha,Menyathes,Myriophyllum,Onagraceae,Pediastrum.spp,Plantaginaceae,Poaceae,Polemonium,Polygonaceae,Potentilla,Prunella,Rosaceae,Ranunculaceae,Rumex,Sagittaria,Sparganium,Stellaria,Thalictrum,Typha,Urtica,Marker,Upland.Pollen.Sum,TreesandShrubs,Aquatic,Upland.Herbs,Total.Pinus
60,11216,0,0.421940928,1.476793249,0.421940928,0,0,4.641350211,0,0.210970464,0.210970464,0,0,5.274261603,0.421940928,0.632911392,0,0.421940928,0.210970464,0,0,1.687763713,0,0,0,0.843881857,0,0,0.421940928,0,0,0,0.421940928,51.68776371,2.109704641,0,0,3.797468354,0,0,0,0.210970464,1.265822785,0,0,0,0,6.751054852,0,0,0.210970464,0,0,0,0,0,0,0,0,0,0,0,8.64978903,0,2.320675105,0,0,2.53164557,0,0,0.843881857,0,0,0.421940928,2.109704641,0.210970464,2.953586498,100,71.51898734,1.265822785,27.21518987,1.898734177
65,11283,0,0.105485232,0.210970464,0,0,0,4.430379747,0,0.421940928,0,0,0.632911392,6.329113924,0,0.632911392,0,0,0,0,0,1.265822785,0,0,0.210970464,0.843881857,0,0,0.421940928,0.210970464,0.210970464,0,1.054852321,55.69620253,1.265822785,0,0.210970464,5.485232068,0.210970464,0,0,0,1.054852321,0,0,0,0,4.008438819,0.210970464,0,0.210970464,0,0,0.210970464,0,0,0,0,0,0,0,0.421940928,10.12658228,0,0.632911392,0,0,3.375527426,0,0,1.898734177,4.641350211,0,0.210970464,1.898734177,0.210970464,5.485232068,102.2151899,74.15611814,2.320675105,25.73839662,0.210970464
70,11356,0,0.210970464,0.52742616,0,0,0,1.898734177,0,0.210970464,0,0,0,5.274261603,0,0.421940928,0,0.421940928,0,0,0,0.421940928,0,0.421940928,0,0.632911392,0,0,1.054852321,0.843881857,0.421940928,0,1.898734177,55.69620253,0.210970464,0,0,4.008438819,0,0,0,0,1.054852321,0,0,0,0.210970464,1.265822785,0.210970464,0,0,0,0,0,0,0,0,0,0,0,0,0,6.540084388,0,0,0,0,1.898734177,0,0,0,0,0,0.210970464,0,0,6.751054852,85.97046414,70.56962025,0.210970464,15.18987342,0.52742616
75,11415,0,1.371308017,0.421940928,0,0,0,1.265822785,0,0,0,0,0.421940928,5.485232068,0,0.843881857,0,3.164556962,0,0.210970464,0,1.054852321,0,1.265822785,0,0.210970464,0.210970464,0,0,5.274261603,0.843881857,0,0.632911392,40.50632911,0.632911392,0,0.843881857,8.860759494,0,0,0,0.210970464,3.797468354,0,0,0,0,2.742616034,0,0,0,0,0,0.843881857,0,0,0,0,0,0,0,0,5.907172996,0,0.210970464,0,0,1.054852321,0,0,1.265822785,0.632911392,0,0.421940928,0.210970464,0.843881857,4.219409283,88.92405063,64.66244726,2.53164557,21.72995781,0.421940928
80,11489,0,1.476793249,0.52742616,0,0,0,1.265822785,0,0,0,0,1.265822785,5.274261603,0,1.054852321,0,8.64978903,0,0,0,1.898734177,0,0.632911392,0,0.210970464,0,0,0,4.641350211,0.210970464,0,0.843881857,35.23206751,1.054852321,0,0.210970464,10.54852321,0,0,0,0.210970464,2.320675105,0,0,0,0,2.953586498,0.210970464,0,0,0,1.054852321,0.632911392,0,0,0,0,0,0,0,0,3.375527426,0,0,0,0,1.476793249,0,0,4.430379747,0,0,0.210970464,0.421940928,1.265822785,2.320675105,88.5021097,64.45147679,5.274261603,18.77637131,0.52742616
85,11556,0,2.742616034,1.265822785,0,0,0,1.476793249,0,0,0,0,0.843881857,9.282700422,0.210970464,0,0,14.1350211,0,0.210970464,0,1.476793249,0,0,0.210970464,0.210970464,0,0.210970464,0.210970464,6.11814346,0,0,0.421940928,30.37974684,0.632911392,0.210970464,1.265822785,10.54852321,0,0,0,0.421940928,0.843881857,0,0,0,0,1.476793249,0,0,0,0,0.210970464,1.265822785,0,0,0,0,0,0,0,0,1.898734177,0,0,0,0,0.843881857,0,0,0.843881857,0,0,0.210970464,0.210970464,0.632911392,3.58649789,88.8185654,71.51898734,2.320675105,14.97890295,1.265822785
90,11626,0,8.755274262,1.476793249,0,0,0,2.109704641,0,2.53164557,0.421940928,0,2.320675105,10.12658228,0,0,0,11.39240506,0,0.210970464,0,3.164556962,0,0.210970464,0,0,0,0,0,8.438818565,0,0,0,16.24472574,1.054852321,0.421940928,0,12.23628692,0,0,0,0,2.109704641,0,0,0,0.632911392,4.008438819,0.210970464,0,0,0,0,2.320675105,0,0,0,0,0,0,0,0,3.164556962,0,0.210970464,0,0,0,0,0,0,0,0,0,0.210970464,3.58649789,2.320675105,95.25316456,68.88185654,2.320675105,24.05063291,1.476793249
91,11643,0.210970464,7.594936709,0.843881857,0,0,0,0.421940928,0,2.742616034,0,0.210970464,0.421940928,8.016877637,0,0,0.210970464,2.953586498,0.210970464,0.210970464,2.320675105,0.843881857,0,0.843881857,0,0,0,0,0,21.72995781,0,0,0.421940928,33.33333333,0.210970464,0,3.58649789,7.805907173,0,0,0,1.476793249,10.75949367,0,0,0,0.421940928,0.210970464,0,0,0,0,0,1.265822785,0,0,0,0,0,0,0,0,3.375527426,0,0,0,0,0,0.421940928,0,0,0,0,0,0.843881857,0,3.797468354,112.6582278,87.34177215,1.265822785,24.05063291,0.843881857
105,12009,0.421940928,8.860759494,2.848101266,0,0,0.210970464,1.898734177,0,0,0.843881857,0,1.476793249,7.172995781,0,0.421940928,0,4.852320675,0,0,0,1.265822785,0,0.632911392,0,0,0,0,0.210970464,5.485232068,0,0,0,25.52742616,0.210970464,0.421940928,1.476793249,5.907172996,0,0,0,0.632911392,2.320675105,0,0,0,0.632911392,5.696202532,0,0,0,0,0,1.054852321,0,0,0,0,0,0,0,0,5.274261603,0,0.421940928,0,0,0.210970464,0,0,4.852320675,2.53164557,0,0,1.265822785,0.210970464,1.898734177,86.81434599,64.24050633,5.907172996,16.66666667,2.848101266
110,12201,0.421940928,10.65400844,1.793248945,0,0,0,2.320675105,0,0,0.210970464,0,1.265822785,9.493670886,0.210970464,0.421940928,0,8.016877637,0,0.210970464,0.210970464,2.320675105,0,0.210970464,0,0,0,0,0,4.852320675,0,0,1.054852321,18.14345992,0.632911392,0.210970464,1.054852321,14.76793249,0,0,0,0.210970464,1.898734177,0,0,0,0,4.852320675,0,0,0.632911392,0,0,1.476793249,0,0,0,0,0,0,0,0,2.53164557,0,0,0,0,0.421940928,0,0,0.210970464,0,0,0.421940928,2.109704641,0.632911392,2.742616034,92.19409283,63.71308017,2.109704641,26.37130802,1.793248945
115,12369,0.738396624,10.44303797,1.793248945,0,0,0,0.421940928,0,0,0,0,1.054852321,8.860759494,0,0.210970464,0,5.907172996,0,0.210970464,0.210970464,1.898734177,0.632911392,0.421940928,0,0,0,0,0.421940928,8.016877637,0,0,0.843881857,22.99578059,0,0,1.054852321,12.86919831,0,0,0,0,3.797468354,0,0,0,0.210970464,5.696202532,0,0,0,0,0,1.476793249,0,0,0,0,0,0,0,0,5.274261603,0,0.421940928,0,0,0.210970464,0,0,3.164556962,2.109704641,0,0,1.687763713,0,2.109704641,96.30801688,66.13924051,4.641350211,25.52742616,1.793248945
120,12479,0.421940928,9.388185654,2.215189873,0,0,0,2.320675105,0,0.210970464,0.210970464,0,0.421940928,8.860759494,0,0,0,7.172995781,0,0.210970464,0.632911392,1.898734177,0.421940928,0.210970464,0,0,0,0,0,6.329113924,0,0,0.843881857,27.84810127,0.421940928,0.210970464,1.898734177,16.4556962,0,0,0,0.210970464,2.320675105,0,0,0,0,5.274261603,0.421940928,0,0,0,0,2.109704641,0,0,0,0,0,0,0,0,2.53164557,0,0.210970464,0,0,1.054852321,0,0,1.265822785,0,0,0.632911392,2.742616034,1.054852321,4.219409283,105.0632911,72.15189873,4.008438819,28.90295359,2.215189873
125,12600,0.210970464,10.44303797,2.004219409,0,0,0,2.53164557,0,0.421940928,0.632911392,0,0.210970464,9.071729958,0,0.421940928,0,5.485232068,0,0,1.265822785,1.687763713,0.210970464,0,0.210970464,0,0,0,0.210970464,9.071729958,0,0,0,22.99578059,0.210970464,0,1.265822785,14.1350211,0,0,0,0,2.53164557,0,0.421940928,0,0.210970464,5.485232068,0,0,0.210970464,0.210970464,0,0.421940928,0,0,0,0,0,0,0.210970464,0,5.696202532,0,0.210970464,0,0,0.421940928,0,0,2.953586498,2.53164557,0,1.476793249,0.843881857,0.421940928,2.109704641,100.8438819,68.56540084,5.274261603,27.00421941,2.004219409
130,12704,0.210970464,15.08438819,2.320675105,0,0,0,1.687763713,0,0,0,0,1.054852321,7.805907173,0,0.843881857,0,3.375527426,0,0.210970464,0.210970464,1.054852321,0.210970464,0.421940928,0,0.210970464,0,0,0.421940928,10.75949367,0,0,0.843881857,28.48101266,0.421940928,0.210970464,2.109704641,10.54852321,0,0,0,0,1.265822785,0,0,0,0,4.430379747,0.210970464,0,0.210970464,0,0,1.898734177,0,0,0,0,0,0,0,0,3.797468354,0,0.210970464,0,0,0.632911392,0,0,1.476793249,1.898734177,0,0,1.476793249,0,2.320675105,100.7383966,77.9535865,3.375527426,19.4092827,2.320675105
135,12744,0.52742616,24.57805907,1.582278481,0.210970464,0,0,0.421940928,0,0.843881857,0,0,1.898734177,1.054852321,0.210970464,0,0,0.421940928,0,0,0,0.632911392,0,0.421940928,0,0.210970464,0,0,0,5.274261603,0,0,0,25.10548523,0.421940928,0,0.632911392,1.476793249,0,0,0,1.054852321,2.953586498,0,0.210970464,0,0.632911392,5.063291139,0,0,0.210970464,0,0.210970464,0,0,0,0,0,0,0,0.210970464,0,10.33755274,0,0.421940928,0,0,0.421940928,0,0,0.632911392,0,0,0.632911392,0.843881857,0.210970464,3.164556962,89.1350211,64.45147679,1.476793249,23.20675105,1.793248945
140,12779,0.738396624,28.48101266,5.485232068,0.210970464,0,0,0.210970464,0,0,0,0,1.476793249,0,0.421940928,0,0,1.054852321,0,0,2.109704641,1.265822785,0.632911392,0.210970464,0,0,0,0,0,1.687763713,0,0,0,20.25316456,0,0,0.210970464,2.109704641,0,0,0,0.632911392,4.008438819,0,0,0,0,6.962025316,0.210970464,0,0.210970464,0,0,0,0,0,0,0,0,0,0.632911392,0,6.751054852,0,0,0,0,0.843881857,0,0,0,0,0,0,1.265822785,0.421940928,4.641350211,87.86919831,64.45147679,0.632911392,22.78481013,5.696202532
145,12820,0.210970464,12.44725738,3.270042194,0,0,0,1.265822785,0,0.421940928,0.210970464,0,1.476793249,2.953586498,0.210970464,0,0,0.843881857,0,0.210970464,1.898734177,0.210970464,1.054852321,0.421940928,0,0.210970464,0,0,0,12.65822785,0,0,0.843881857,22.99578059,0.632911392,0,2.53164557,12.23628692,0,0,0,0.843881857,2.320675105,0,0,0,0,7.383966245,0.421940928,0,0.210970464,0,0,0.210970464,0,0,0,0,0.421940928,0,0.632911392,0,6.11814346,0,0.421940928,0,0,0.421940928,0,0,0.632911392,0,0,0.421940928,0.421940928,0,2.742616034,98.20675105,66.98312236,2.320675105,28.90295359,3.270042194
150,12861,0,36.4978903,6.329113924,0.210970464,0,0,0.421940928,0,0,0.210970464,0,0.843881857,0,0.210970464,0,0.210970464,0.632911392,0,0,2.53164557,1.476793249,1.265822785,0.210970464,0,0,0,0,0,1.054852321,0,0,0,15.61181435,0.210970464,0,0.421940928,0.843881857,0,0,0,0.632911392,3.164556962,0,0,0,0,9.071729958,0,0,0,0.210970464,0,0,0,0,0,0,0,0.210970464,2.109704641,0,6.329113924,0,0.632911392,0,0,0.210970464,0,0,0,0,0,0.632911392,1.054852321,0.632911392,4.430379747,91.7721519,68.35443038,2.953586498,20.46413502,6.540084388
155,12921,0.105485232,31.96202532,6.540084388,0.421940928,0,0,0,0,0.210970464,0,0,0.843881857,0,0,0,0,0.632911392,0,0.210970464,1.054852321,2.953586498,0.843881857,0,0,0,0,0,0,0.843881857,0,0,0.421940928,16.87763713,0.632911392,0,0.843881857,0.421940928,0,0,0,1.265822785,2.742616034,0,0.210970464,0,0,8.860759494,0,0,0.210970464,0.210970464,0.210970464,0,0,0,0,0,0,0,1.054852321,0,5.696202532,0,0,0,0,0.210970464,0,0,0.421940928,0,0,0.843881857,1.476793249,0,4.852320675,87.76371308,65.40084388,2.53164557,19.83122363,6.962025316
160,13025,0.316455696,31.54008439,8.122362869,0.843881857,0.210970464,0,0,0,0.210970464,0,0,0,0.421940928,0.632911392,0,0,0.421940928,0,0,1.898734177,0.843881857,0.843881857,0,0,0,0,0,0,1.054852321,0,0,0,16.87763713,0.421940928,0,0.421940928,1.898734177,0,0,0,0.632911392,1.265822785,0,0,0,0,6.962025316,0.210970464,0,0.421940928,0.210970464,0,0,0,0,0,0,0,0,2.742616034,0,5.274261603,0,0.210970464,0,0,0.421940928,0,0,0,0.210970464,0,0.210970464,2.320675105,0,5.274261603,85.12658228,65.08438819,3.164556962,16.87763713,9.17721519
165,13223,0.210970464,36.07594937,4.852320675,0.421940928,0,0,0.421940928,0,0,0,0,1.476793249,1.054852321,0.210970464,0,0,0.210970464,0,0.210970464,1.687763713,3.375527426,0.843881857,0,0,0.210970464,0,0,0,0.632911392,0,0,0.421940928,17.29957806,0.421940928,0,0.210970464,2.53164557,0,0,0,0.843881857,2.953586498,0,0,0,0.210970464,4.219409283,0,0,0.210970464,0,0,0,0,0,0,0,0,0,0,0,4.008438819,0,0,0,0,0.843881857,0,0,1.054852321,0,0,0,1.687763713,0.210970464,4.430379747,87.97468354,70.25316456,1.054852321,16.66666667,5.274261603
170,13592,0.105485232,33.64978903,6.223628692,0.632911392,0,0,0,0,0,0,0,1.054852321,0.210970464,0.210970464,0,0,0.210970464,0,0,1.265822785,2.742616034,0.632911392,0.210970464,0,0,0,0,0.210970464,0.632911392,0,0,0.210970464,14.76793249,0,0,0.843881857,2.320675105,0,0,0,0.421940928,1.265822785,0,0,0,0,6.751054852,0.210970464,0,0,0,0,0,0,0,0,0,0,0,0.421940928,0,4.008438819,0,0,0,0,0.421940928,0,0,0,0,0,0.632911392,1.476793249,0.421940928,3.375527426,81.75105485,63.8185654,1.054852321,16.87763713,6.856540084
175,14237,0.105485232,29.95780591,5.379746835,1.054852321,0,0,0,0.210970464,0,0,0,0.210970464,0.421940928,0.210970464,0,0,0.843881857,0,0,1.898734177,2.109704641,0.632911392,0,0,0,0,0,0,2.53164557,0,0,0.210970464,19.62025316,0.632911392,0,0,2.320675105,0,0,0,1.476793249,3.58649789,0,0,0,0,7.805907173,0,0,0,0,0,0.632911392,0,0,0,0,0,0,0.421940928,0,5.696202532,0,0,0,0,0.210970464,0,0,0,0,0,0,2.109704641,0,2.53164557,89.24050633,66.03375527,1.054852321,22.15189873,6.434599156
180,14778,0.105485232,22.67932489,6.540084388,0,0,0,0.843881857,0,0.421940928,0,0,1.265822785,2.109704641,0,0,0,1.476793249,0,0,1.265822785,1.054852321,1.898734177,0.210970464,0,0,0,0,0,5.274261603,0,0,0.421940928,19.83122363,0.421940928,0.210970464,1.265822785,9.071729958,0,0,0,0.210970464,1.476793249,0,0,0,0,7.594936709,0,0,0.210970464,0,0,0.210970464,0,0,0,0,0,0,0.632911392,0,7.172995781,0,0,0,0,1.265822785,0,0,0,0,0,0.632911392,1.476793249,0.843881857,5.696202532,97.25738397,67.29957806,1.476793249,28.48101266,6.540084388
185,14968,0.210970464,31.64556962,13.60759494,1.265822785,0,0,0.421940928,0,0,0,0,0.210970464,0.421940928,0.632911392,0.210970464,0,0.843881857,0,0,0.421940928,1.898734177,0.843881857,0,0,0,0,0,0,0.632911392,0,0,0.421940928,10.33755274,0.421940928,0,0.210970464,2.953586498,0,0,0,1.054852321,1.687763713,0,0,0,0,6.751054852,0,0,0,0,0,0.210970464,0,0,0,0,0,0,1.687763713,0,4.430379747,0,0,0,0,0.210970464,0,0,0,0,0,0.210970464,1.265822785,0.210970464,7.594936709,83.43881857,64.66244726,2.109704641,16.66666667,14.87341772
190,15140,0,37.34177215,13.08016878,0.632911392,0,0,0,0,0,0,0,0.421940928,0,0,0,0,0.421940928,0,0,0.421940928,0.843881857,0.632911392,0,0,0,0,0,0,0.632911392,0,0,0.632911392,7.805907173,1.054852321,0,0,0.210970464,0,0,0,0.421940928,1.054852321,0,0,0,0,5.696202532,0,0,0.210970464,0,0,0,0,0,0,0,0,0,0.632911392,0,1.687763713,0,0.210970464,0,0,0.632911392,0,0,0.210970464,0,0,0.421940928,0.632911392,0,5.907172996,75.10548523,63.92405063,1.265822785,9.915611814,13.71308017
195,15292,0.210970464,33.43881857,14.34599156,1.265822785,0.421940928,0,1.054852321,0,0,0,0,0.210970464,0,0,0,0,1.476793249,0,0,0.843881857,0.843881857,1.687763713,0,0,0,0,0,0,0,0,0,0,9.071729958,0.843881857,0,0.210970464,0.421940928,0,0,0,0.843881857,1.898734177,0,0,0,0.210970464,6.11814346,0,0,0.210970464,0,0,0,0,0,0,0,0.210970464,0,2.53164557,0,2.742616034,0,0.210970464,0,0,0.632911392,0,0,0,0,0,0.421940928,1.476793249,0,4.219409283,81.11814346,65.92827004,3.164556962,12.02531646,16.03375527
210,15711,0.843881857,34.59915612,12.55274262,0.632911392,0,0,0.210970464,0,0,0,1.265822785,0.210970464,0,0.843881857,0,0,0.632911392,0,0,0.421940928,1.265822785,1.898734177,0,0,0,0,0,0,0.421940928,0,0,0,8.860759494,0.421940928,0,0.421940928,0.210970464,0,0,0,1.265822785,1.054852321,0,0,0,0.632911392,4.430379747,0,0,0,0,0,0,0,0,0,0.210970464,0,0,2.320675105,0,0.421940928,0,0,0,0,0,0,0,0.210970464,0,0,0.210970464,0.632911392,0,12.44725738,74.57805907,65.50632911,2.742616034,6.329113924,13.18565401
215,15831,0.105485232,40.29535865,12.97468354,0.632911392,0,0,0.210970464,0,0,0,0.421940928,0.421940928,0,0.421940928,0,0.421940928,0.421940928,0,0,0.421940928,1.687763713,0.210970464,0.210970464,0,0,0,0,0,0,0,0,0.632911392,7.594936709,0.632911392,0,0.421940928,0.632911392,0,0,0,0.421940928,1.265822785,0,0,0,0.421940928,6.540084388,0.210970464,0,0,0,0,0,0,0,0,0,0,0,2.53164557,0,2.109704641,0,0,0,0,0.421940928,0,0,0,0,0,0.843881857,0.843881857,0,10.12658228,81.85654008,68.14345992,3.375527426,10.33755274,13.60759494
220,15947,0.210970464,38.8185654,12.34177215,2.320675105,0.210970464,0,0.421940928,0,0,0,0.421940928,0.210970464,0,0.843881857,0,0,0.210970464,0,0,0.632911392,0.210970464,0.210970464,0,0,0,0,0,0,0.210970464,0,0,0.210970464,6.329113924,0.632911392,0,0.210970464,0.421940928,0,0,0,0.210970464,1.476793249,0,0,0,0.210970464,5.063291139,0,0,0,0,0,0,0,0,0,0,0,0,1.687763713,0,1.476793249,0,0,0,0,0.210970464,0,0,0,0,0,0.210970464,0.843881857,0,9.915611814,74.78902954,64.66244726,1.898734177,8.227848101,14.87341772
225,16050,0.316455696,38.71308017,11.81434599,1.054852321,0,0,0.210970464,0,0,0,0.632911392,0.421940928,0.210970464,0.632911392,0,0,1.054852321,0,0,0.210970464,0.632911392,0.210970464,0.210970464,0,0.210970464,0,0,0,0.421940928,0,0,0,7.594936709,0,0,0.421940928,0.421940928,0,0,0,0.843881857,1.265822785,0,0,0,0,3.58649789,0,0,0,0,0,0,0,0,0,0.210970464,0,0,1.898734177,0,1.898734177,0,0,0,0,0.421940928,0,0,0,0,0,0.210970464,0.421940928,0,19.62025316,74.26160338,64.97890295,2.109704641,7.172995781,12.86919831
230,16139,0,36.07594937,16.4556962,1.898734177,0,0,0.632911392,0,0,0,0.421940928,0.421940928,0,0,0,0,0.632911392,0,0,0.210970464,1.054852321,0.210970464,0,0,0.421940928,0,0,0,0.632911392,0,0,0,6.11814346,0.843881857,0,0,1.476793249,0,0,0,1.054852321,0.632911392,0,0,0,0,6.962025316,0,0,0,0,0,0,0,0,0,0,0,0,2.320675105,0,2.320675105,0,0,0,0,0.210970464,0,0,0,0,0,0,0.632911392,0.210970464,23.62869198,79.53586498,66.03375527,2.320675105,11.1814346,18.35443038
235,16231,1.054852321,30.37974684,26.37130802,2.320675105,0.210970464,0,0.210970464,0,0,0,0,0.210970464,0,0.210970464,0,0,0.210970464,0.210970464,0,0.421940928,1.265822785,0.210970464,0.210970464,0,0,0,0,0,0.421940928,0,0,0.421940928,2.953586498,0.210970464,0,0,0,0,0,0,0.421940928,0.632911392,0,0,0,0,3.58649789,0,0,0,0,0,0,0,0,0,0,0,0,1.476793249,0,2.53164557,0,0.210970464,0,0,0.421940928,0,0,0.632911392,0.210970464,0,0.632911392,1.054852321,0.210970464,11.39240506,77.21518987,67.51054852,2.742616034,6.962025316,28.90295359
240,16319,2.109704641,39.66244726,14.24050633,1.898734177,0.210970464,0,0.210970464,0,0,0,0,0.421940928,0,0.210970464,0,0,0.210970464,0,0,0.210970464,0.421940928,0,0,0,0.210970464,0,0,0,0.843881857,0,0,0,4.219409283,0.210970464,0,0,0.632911392,0,0,0,0.421940928,0.421940928,0,0,0,0.210970464,4.219409283,0,0,0.210970464,0,0.210970464,0,0,0,0,0,0,0,0.632911392,0,1.054852321,0,0.210970464,0,0,0.210970464,0,0,0,0,0,0.421940928,0.421940928,0,9.282700422,73.94514768,65.29535865,1.054852321,7.594936709,16.35021097
245,16396,0.421940928,34.17721519,21.20253165,2.109704641,0,0,0,0,0,0,0,0.210970464,0,0.421940928,0,0,0.632911392,0,0,0,0.632911392,0.210970464,0,0,0.632911392,0,0,0,0.210970464,0,0,0,3.164556962,0.421940928,0,0,0,0,0,0,1.054852321,1.898734177,0,0,0,0,4.008438819,0,0,0,0,0,0,0,0,0,0,0,0,1.054852321,0,1.476793249,0,0,0,0,0.632911392,0,0,0,0,0,0,0.210970464,0,11.39240506,73.73417722,64.45147679,1.054852321,8.227848101,23.31223629
250,16471,1.054852321,38.08016878,14.97890295,3.375527426,0,0,0.421940928,0,0,0,0.632911392,0.210970464,0,0.210970464,0.210970464,0,0,0,0,0,1.898734177,0,0,0,0.210970464,0,0,0,0.421940928,0,0,0,2.953586498,0.421940928,0,0.210970464,0,0,0,0,0.843881857,1.054852321,0,0,0,0.210970464,4.008438819,0,0,0.210970464,0,0,0,0,0,0,0,0,0,1.265822785,0,1.054852321,0,0,0,0,0.210970464,0,0,0.210970464,0,0,0.210970464,0.421940928,0,10.12658228,73.52320675,65.29535865,1.687763713,6.540084388,18.35443038
255,16551,0.632911392,28.90295359,23.41772152,4.430379747,0.421940928,0,0.210970464,0,0.210970464,0,0.421940928,0.421940928,0.210970464,0,0,0,0.210970464,0,0,0.843881857,0.421940928,0,0,0,0.210970464,0,0,0,1.265822785,0,0,0.210970464,2.109704641,0,0,0,0.210970464,0,0,0,0.421940928,1.265822785,0,0,0,0,5.274261603,0,0,0.210970464,0,0,0,0,0,0,0,0,0,0.210970464,0,1.054852321,0,0.210970464,0,0,0,0,0,0,0,0,0.632911392,0.632911392,0,8.438818565,74.47257384,64.55696203,0.843881857,9.071729958,28.27004219
260,16629,1.793248945,45.14767932,13.60759494,1.265822785,0.210970464,0,0,0,0,0,0.843881857,0,0.421940928,0.421940928,0,0.421940928,0.210970464,0,0,0.632911392,1.054852321,0.210970464,0,0,0.210970464,0,0,0,0.210970464,0,0,0,3.58649789,0.210970464,0,0.210970464,0.421940928,0,0,0,0.632911392,1.265822785,0,0,0,0,7.594936709,0,0,0,0,0,0,0,0,0,0,0,0,0.632911392,0,1.476793249,0,0.210970464,0,0,0.210970464,0,0,0,0,0,0,0.632911392,0,11.60337553,83.12236287,70.67510549,0.632911392,11.81434599,15.08438819
265,16699,1.265822785,37.02531646,18.24894515,4.008438819,0,0,0.210970464,0,0,0,0.210970464,0,0,0,0,0.210970464,0.843881857,0,0,0,1.898734177,0.210970464,0.210970464,0,0,0,0,0,0.421940928,0,0,0,2.320675105,0.421940928,0,0,0.632911392,0,0,0,1.054852321,0.421940928,0,0,0,0.421940928,5.274261603,0,0,0.210970464,0,0.210970464,0,0,0,0,0,0,0,1.054852321,0,2.53164557,0,0,0,0,0,0,0,0.210970464,0,0,0.421940928,0.210970464,0,16.66666667,78.90295359,67.51054852,1.687763713,9.70464135,22.25738397
270,16769,1.793248945,37.76371308,15.08438819,2.109704641,0,0,0,0,0,0,0,0,0,0,0,0,0.210970464,0,0,0,1.265822785,0,0,0,0,0,0,0,0,0,0,0,5.063291139,0.421940928,0,0,0.632911392,0,0,0,0.210970464,1.265822785,0,0,0,0.210970464,4.852320675,0,0,0,0,0,0,0,0,0,0,0,0,0.210970464,0,1.898734177,0,0.210970464,0,0,0.421940928,0,0,0,0,0,0.210970464,0.210970464,0.210970464,13.71308017,74.05063291,63.71308017,0.421940928,9.915611814,17.19409283
275,16837,0.316455696,38.29113924,18.56540084,0.843881857,0,0,0,0,0,0,0.632911392,0.210970464,0,0.210970464,0,0.210970464,0,0,0,0.632911392,0.421940928,0,0.210970464,0,0.421940928,0,0,0,0,0,0,0,2.320675105,0.843881857,0,0,0.632911392,0,0,0,1.265822785,1.265822785,0,0,0,0.843881857,7.383966245,0,0,0.210970464,0,0.421940928,0,0,0,0,0,0,0,1.476793249,0,0.843881857,0,0,0,0,0.421940928,0,0,0,0,0,0,0.421940928,0,18.35443038,77.84810127,64.1350211,1.476793249,12.23628692,19.4092827
280,16886,2.004219409,29.21940928,23.20675105,0.632911392,0.210970464,0,0,0,0,0,0,0,0.210970464,0,0,0,0.210970464,0.210970464,0,0.210970464,1.265822785,0.210970464,0,0,0.210970464,0,0,0,0,0,0,0,4.852320675,1.054852321,0,0,0.843881857,0,0,0,0.632911392,2.109704641,0,0,0,0,7.383966245,0.210970464,0,0,0.421940928,0,0,0,0,0,0,0,0,2.53164557,0,2.109704641,0,0,0,0,0.421940928,0,0,0,0,0,0.210970464,0.632911392,0,18.56540084,78.69198312,63.71308017,3.164556962,11.81434599,24.05063291
310,17140,1.793248945,28.90295359,25.21097046,0.632911392,0,0,0,0,0,0,1.265822785,0,0.210970464,0.632911392,0,0,0.632911392,0,0,0.421940928,0.632911392,0,0,0,0,0,0,0,0.210970464,0,0,0,4.219409283,0.210970464,0,0,0,0,0,0,0.843881857,1.265822785,0,0,0,0,7.172995781,0,0,0,0,0,0,0,0,0,0,0,0,2.953586498,0,1.898734177,0,0.421940928,0,0,0,0,0,0,0,0,0.421940928,1.054852321,0,14.55696203,78.05907173,64.97890295,3.375527426,9.70464135,25.84388186
315,17180,1.371308017,43.77637131,17.51054852,0.632911392,0.210970464,0,0,0,0.210970464,0,0,0.421940928,0,0,0,0,0,0,0,0,0.421940928,0,0,0,0,0,0,0,0.421940928,0,0,0.210970464,1.476793249,0.421940928,0,0,0.210970464,0,0,0,0,0.632911392,0,0,0,0,5.696202532,0,0,0,0,0,0,0,0,0,0,0,0,0.632911392,0,2.320675105,0,0.632911392,0,0,0,0,0,0,0,0,0,1.054852321,0,11.60337553,77.6371308,67.08860759,0.632911392,9.915611814,18.35443038
320,17216,1.371308017,35.44303797,18.24894515,1.898734177,0,0,0,0,0,0,0.632911392,0.210970464,0,0,0,0,0.210970464,0.210970464,0,0.210970464,0.421940928,0,0,0,0.210970464,0,0,0,0.632911392,0,0,0.632911392,4.219409283,0.210970464,0,0,0.632911392,0,0,0,0.421940928,1.265822785,0,0,0,0.210970464,7.172995781,0,0,0,0,0,0,0,0,0,0,0,0,1.054852321,0,2.742616034,0,0,0,0,0.421940928,0,0,0,0,0,0,0.210970464,0,14.76793249,77.84810127,64.76793249,1.054852321,12.02531646,20.14767932
325,17250,1.265822785,35.75949367,19.30379747,0.843881857,0.210970464,0,0,0,0,0,0.421940928,0.210970464,0,0,0,0,0,0.421940928,0,0.210970464,0.210970464,0,0,0,0,0,0,0,0,0,0,1.054852321,3.797468354,0.210970464,0.210970464,0,0.210970464,0,0,0,0.421940928,1.265822785,0,0,0,0,9.493670886,0,0,0.421940928,0.210970464,0.210970464,0,0.210970464,0,0,0,0,0,2.53164557,0,1.687763713,0,0,0,0,0.210970464,0,0,0,0,0,0,1.476793249,0,18.56540084,79.74683544,64.1350211,2.953586498,12.65822785,20.35864979
330,17279,1.476793249,39.24050633,21.51898734,1.054852321,0,0,0,0,0.210970464,0,0.210970464,0,0,0.210970464,0,0,0.421940928,0,0.210970464,0,1.265822785,0,0,0,0.210970464,0,0,0,0.632911392,0,0,0.632911392,4.641350211,0.210970464,0,0,0.632911392,0,0,0,0.210970464,2.320675105,0,0,0,0,7.594936709,0,0,0,0,0,0,0,0,0,0,0,0,1.265822785,0,2.953586498,0,0.210970464,0,0,0.632911392,0,0,0,0,0,0,0.421940928,0,24.6835443,87.13080169,72.15189873,1.265822785,13.71308017,22.57383966
335,17309,0.632911392,36.81434599,25.73839662,1.898734177,0,0,0.421940928,0,0,0,0.632911392,0,0,0,0,0,0.632911392,0.210970464,0.210970464,0.210970464,0.210970464,0,0,0,0,0,0,0,0.632911392,0,0,0.421940928,2.953586498,0.421940928,0,0,0.632911392,0,0,0,0.421940928,2.53164557,0,0,0,0.421940928,6.540084388,0,0,0,0,0,0,0,0,0,0,0,0,1.687763713,0,1.476793249,0,0,0,0,0.210970464,0,0,0,0,0,0.210970464,0.632911392,0,21.09704641,85.12658228,72.0464135,1.898734177,11.1814346,27.6371308
340,17339,1.160337553,32.91139241,23.10126582,2.109704641,0,0,0,0,0.210970464,0,0.421940928,0,0.210970464,0,0,0,0.632911392,0.210970464,0,0,0.210970464,0,0,0,0.421940928,0,0,0,0.210970464,0,0,0.421940928,2.53164557,0.421940928,0,0.210970464,0.632911392,0,0,0,0.210970464,1.687763713,0,0,0,0.210970464,4.219409283,0,0,0.210970464,0,0,0,0,0,0,0,0,0,0.632911392,0,1.898734177,0,0.210970464,0,0,0,0,0,0,0,0,0,0.843881857,0,11.39240506,75.52742616,65.40084388,0.632911392,9.493670886,25.21097046
345,17367,0.738396624,29.32489451,24.6835443,2.320675105,0,0,0,0,0.632911392,0,0.843881857,0.632911392,0,0.210970464,0,0,0.843881857,0,0,0,0.421940928,0,0,0,0.210970464,0,0,0,1.476793249,0,0,1.054852321,3.797468354,0,0,0,0.632911392,0,0,0,0.632911392,1.687763713,0,0,0,0.210970464,4.430379747,0.210970464,0,0.210970464,0,0.210970464,0,0,0,0,0,0,0,0.421940928,0,1.898734177,0,0,0,0,0.210970464,0,0,0,0,0.210970464,0,0.843881857,0,18.14345992,78.58649789,67.19409283,0.421940928,10.97046414,27.00421941
350,17391,0.421940928,33.12236287,25.21097046,1.054852321,0,0,0,0,0,0,0.632911392,0.210970464,0,0,0,0.210970464,0,0,0,0,0.632911392,0,0,0,0.421940928,0,0,0,0.210970464,0,0,0.210970464,1.687763713,0,0,0,0.210970464,0,0,0,0.421940928,0.421940928,0,0,0,0.210970464,4.852320675,0.210970464,0,0,0,0,0,0,0,0,0,0,0,0.421940928,0,1.265822785,0,0,0,0,0.421940928,0,0,0,0.421940928,0,0,0.421940928,0.210970464,13.92405063,72.67932489,64.02953586,0.421940928,8.227848101,26.26582278
355,17419,0.105485232,29.43037975,29.85232068,4.008438819,0,0,0,0,0.210970464,0,0,0,0,0,0,0,0.421940928,0,0,0,0,0,0,0,0,0,0,0,0.210970464,0,0,0.210970464,1.265822785,0.210970464,0,0,0.632911392,0,0,0,0.632911392,1.054852321,0,0,0,0,1.687763713,0,0,0,0,0,0,0,0,0,0,0,0,0,0,1.054852321,0,0,0,0,0.421940928,0,0,0,0,0,0,0.210970464,0.210970464,10.12658228,71.83544304,65.92827004,0,5.907172996,33.86075949
360,17458,0.316455696,25.52742616,33.96624473,5.696202532,0.843881857,0,0,0,0.210970464,0,0.210970464,0.210970464,0,0,0,0.210970464,0.210970464,0.210970464,0,0.210970464,0.421940928,0,0,0,0,0,0.210970464,0,0.210970464,0,0,0,1.476793249,0.210970464,0,0,0.421940928,0,0,0,0.421940928,1.476793249,0,0,0,0,5.485232068,0.210970464,0,0,0,0,0,0,0,0,0,0,0,0.421940928,0,2.320675105,0,0,0,0,0,0.210970464,0,0,0,0,0,0.210970464,0,14.1350211,81.11814346,70.35864979,0.421940928,10.33755274,40.50632911
365,17518,0.738396624,25.21097046,30.907173,2.53164557,0.421940928,0,0,0,0,0,0.210970464,0,0.210970464,0,0,0,0,0.210970464,0,0,0.632911392,0.210970464,0,0,0,0,0,0,0.210970464,0,0,0.421940928,2.320675105,0.210970464,0,0.210970464,0.210970464,0,0,0,0,1.687763713,0,0,0,0.210970464,5.274261603,0,0,0,0,0,0.210970464,0,0,0,0,0,0,0,0,1.687763713,0,0,0,0,0,0,0,0.210970464,0,0,0,0.421940928,0,12.44725738,74.15611814,64.66244726,0.421940928,9.071729958,33.86075949
370,17581,0.632911392,26.37130802,32.48945148,1.687763713,1.054852321,0,0,0,0,0,0,0,0,0,0,0,0,0.421940928,0,0,0.210970464,0,0,0,0.210970464,0,0,0,0.421940928,0,0,0.210970464,2.109704641,0,0,0,0.421940928,0,0,0,0,0.843881857,0,0,0,0.632911392,5.907172996,0.210970464,0,0,0.210970464,0,0,0,0,0,0,0,0,0.210970464,0,1.265822785,0,0,0,0,0.210970464,0,0,0.210970464,0.210970464,0,0,0.632911392,0,8.227848101,76.16033755,65.82278481,0.632911392,9.70464135,35.23206751
375,17650,0.316455696,18.88185654,37.65822785,1.054852321,1.265822785,0,0,0,0.210970464,0,0.210970464,0.632911392,0,0,0,0.210970464,0.210970464,0.421940928,0,0.421940928,0.210970464,0.210970464,0,0.210970464,0.421940928,0,0,0,0.421940928,0,0,0.210970464,2.109704641,0.421940928,0,0,0.421940928,0,0,0,0.210970464,1.687763713,0,0,0,0,4.430379747,0,0,0,0,0,0,0,0,0,0,0,0,0.632911392,0,2.109704641,0,0,0,0,0.210970464,0,0,0,0,0,0,0,0,7.383966245,74.78902954,65.71729958,0.632911392,8.438818565,39.97890295
380,17722,0.738396624,26.79324895,30.69620253,1.054852321,0.632911392,0,0,0,0,0,0.210970464,0.632911392,0,0.210970464,0,0,0.421940928,0.210970464,0,0.210970464,0.210970464,0.210970464,0,0,0.210970464,0.210970464,0,0,0,0,0,0.210970464,2.742616034,0,0,0,0.421940928,0,0,0,0.210970464,0.843881857,0,0,0,0,4.641350211,0,0,0,0,0,0,0,0,0,0,0,0,0.210970464,0,1.898734177,0,0,0,0,0.210970464,0,0,0,0.421940928,0,0,0.632911392,0,9.70464135,74.47257384,65.61181435,0.210970464,8.64978903,32.38396624
385,17812,0.210970464,25.73839662,42.72151899,2.742616034,0.632911392,0,0,0,0,0,0.632911392,0.210970464,0,0.421940928,0,0,0.632911392,0.210970464,0,0,0,0,0,0.210970464,0,0,0,0,0.632911392,0,0,0,1.898734177,0,0,0.210970464,0.632911392,0,0,0,0.421940928,0.843881857,0,0,0,0,4.430379747,0,0,0,0,0.210970464,0,0,0,0,0,0,0,0,0,3.375527426,0,0,0,0,0.210970464,0,0,0.210970464,0.210970464,0,0,0.632911392,0,9.915611814,87.86919831,77.10970464,0.210970464,10.54852321,46.09704641
390,17906,0.210970464,23.41772152,32.80590717,2.53164557,0.843881857,0,0.210970464,0,0,0,0,0.421940928,0,0,0,0,0.421940928,0.421940928,0,0,0,0,0,0,0.210970464,0,0,0,0.632911392,0,0,0.210970464,1.476793249,0.210970464,0,0,0.421940928,0,0,0,0.421940928,1.265822785,0,0,0,0.210970464,2.742616034,0.210970464,0,0,0,0,0,0,0,0,0,0,0,0.421940928,0,1.687763713,0,0,0,0,0,0,0,0,0,0,0,0.210970464,0,9.071729958,71.20253165,64.02953586,0.421940928,6.751054852,36.1814346
395,18016,0.316455696,19.83122363,43.45991561,2.953586498,0.421940928,0,0,0,0,0,0.210970464,0.421940928,0,0.210970464,0,0.421940928,0.421940928,0,0,0.421940928,0.421940928,0,0,0,0.210970464,0,0,0,0.210970464,0,0,0,2.953586498,0.421940928,0,0,0.210970464,0.210970464,0,0,0.210970464,0.843881857,0,0,0,0,3.58649789,0,0,0,0,0,0.210970464,0,0,0,0,0,0,0.210970464,0,1.054852321,0,0,0,0,0.210970464,0,0,0.210970464,0,0,0.210970464,0.421940928,0,10.75949367,80.2742616,73.31223629,0.843881857,6.11814346,46.83544304
405,18258,1.054852321,31.11814346,42.72151899,2.109704641,0.210970464,0,0,0,0,0,0,0,0.210970464,0,0,0,0,0.421940928,0,0,0,0,0,0,0,0,0.210970464,0.210970464,0.421940928,0,0,0,2.742616034,0,0,0,0.210970464,0,0,0,0.210970464,1.687763713,0.421940928,0,0,0,3.164556962,0.210970464,0,0,0,0,0,0,0,0,0,0,0,0,0,1.265822785,0,0.632911392,0,0,0.421940928,0,0,0,0.210970464,0,0,0.843881857,0.210970464,2.320675105,90.71729958,81.43459916,0,9.282700422,45.04219409
410,18383,1.265822785,22.89029536,33.43881857,3.375527426,0.421940928,0,0,0,0,0,0,0,0,0,0,0,0.210970464,0.210970464,0,0,0.421940928,0,0,0,0.210970464,0,0,0,0.632911392,0,0,0,1.476793249,0,0,0,0.421940928,0,0,0,0.210970464,0.843881857,0,0,0.210970464,0,2.53164557,0.210970464,0,0,0,0,0,0,0,0,0,0,0,0.210970464,0,1.054852321,0,0,0,0,0,0,0,0,0,0,0.421940928,0.421940928,0,1.687763713,70.88607595,64.55696203,0.632911392,5.696202532,37.23628692
415,18526,0.210970464,20.25316456,35.8649789,1.054852321,1.476793249,0,0,0,0,0,0.843881857,0.421940928,0,0,0,0,0.632911392,0.210970464,0,0,0.210970464,0.210970464,0,0,0,0,0,0,0.632911392,0,0,0,1.687763713,0,0,0,0.421940928,0,0,0,0.421940928,1.476793249,0,0,0,0,2.953586498,0,0,0.210970464,0,0,0,0,0,0,0,0,0,0.210970464,0,1.476793249,0,0.210970464,0,0,0.421940928,0.421940928,0,0,0,0,0.632911392,0.210970464,0,3.375527426,72.57383966,63.71308017,0.843881857,8.016877637,38.39662447
420,18649,1.054852321,24.05063291,32.06751055,2.53164557,0.210970464,0,0.421940928,0,0,0,0.421940928,0.210970464,0,0.210970464,0,0,0,0,0,0,0,0.210970464,0,0,0.210970464,0,0,0,0.210970464,0,0,0.632911392,2.320675105,0.632911392,0,0,0,0,0,0,0.421940928,0.421940928,0,0,0,0,4.219409283,0,0,0.210970464,0,0,0,0,0,0,0,0,0,0,0,1.898734177,0,0,0,0,0.210970464,0,0,0,0.210970464,0,0.210970464,0.210970464,0,1.898734177,73.20675105,65.40084388,0.210970464,7.594936709,34.81012658
425,18744,0.316455696,23.73417722,44.62025316,2.109704641,0.210970464,0,0.421940928,0,0,0,0.421940928,0,0,0,0,0,0.210970464,0.421940928,0,0.210970464,0,0,0,0.210970464,0,0,0,0,0.843881857,0,0,0,3.164556962,0.632911392,0,0,0.421940928,0.210970464,0,0,0.210970464,1.476793249,0,0,0,0,5.274261603,0,0,0,0,0.210970464,0,0,0,0,0,0,0,0.210970464,0,1.265822785,0,0.421940928,0,0,0.210970464,0,0,0.210970464,0,0,0,0.210970464,0,1.687763713,87.44725738,77.53164557,0.421940928,9.493670886,46.94092827
430,18796,0.421940928,30.2742616,39.34599156,1.687763713,0,0,0.210970464,0,0,0,0.421940928,0.421940928,0.210970464,0.210970464,0,0,0.210970464,0.421940928,0,0,0,0,0,0,0.210970464,0,0,0,0.421940928,0,0,0.210970464,2.109704641,0.210970464,0,0,0,0,0,0,0,0.210970464,0,0,0,0.210970464,3.797468354,0,0,0,0.210970464,0,0,0,0,0,0,0,0,0,0,1.054852321,0,0,0,0,0.210970464,0,0,0,0,0,0.421940928,0.421940928,0,0.843881857,83.5443038,77.00421941,0.632911392,5.907172996,41.03375527
435,18840,0.52742616,21.62447257,38.71308017,1.687763713,0.632911392,0,0.421940928,0,0,0,0.632911392,0.210970464,0.210970464,0.843881857,0,0,0,0.210970464,0,0,0.210970464,0,0,0,0,0,0,0.210970464,0,0,0,0,2.109704641,0.632911392,0,0,0.421940928,0,0,0,0,1.265822785,0,0,0,0,1.687763713,0,0,0,0,0,0,0,0,0,0,0,0,0,0,2.742616034,0,0.210970464,0,0,0,0,0,0,0.210970464,0,0.210970464,0.210970464,0,2.53164557,75.63291139,68.88185654,0.210970464,6.540084388,41.03375527
440,18887,0.421940928,16.66666667,40.29535865,1.687763713,0.632911392,0,0,0,0,0,0.632911392,0.210970464,0,0.210970464,0,0,0.421940928,0.210970464,0,0.421940928,0,0,0,0,0,0,0,0,0.421940928,0,0,0.421940928,1.687763713,0.421940928,0,0.210970464,0.210970464,0,0,0,0,2.109704641,0,0,0,0.210970464,6.540084388,0,0,0,0.210970464,0,0,0,0,0,0,0,0,0,0,2.742616034,0,0,0,0,0.210970464,0,0,0.210970464,0,0,0,0,0,2.109704641,77.21518987,64.97890295,0.421940928,11.81434599,42.61603376
445,18942,0.421940928,21.94092827,38.29113924,1.687763713,0.210970464,0,0,0,0,0,0.210970464,0.421940928,0.210970464,0.210970464,0,0,0.421940928,0.210970464,0,0,0.210970464,0.210970464,0,0,0,0,0,0,0.421940928,0,0,0.421940928,1.476793249,0.632911392,0,0.210970464,0.421940928,0,0,0,0.210970464,2.109704641,0,0,0,0.421940928,3.797468354,0,0,0.210970464,0,0,0,0,0,0,0,0,0,0.421940928,0,2.953586498,0,0.210970464,0,0,0.210970464,0,0,0.421940928,0,0,0,1.054852321,0,2.320675105,79.43037975,67.82700422,0.843881857,10.75949367,40.18987342
450,18997,0.738396624,26.47679325,33.75527426,1.265822785,0.843881857,0,0.210970464,0,0,0,0.210970464,0.210970464,0,0,0,0,0.421940928,0.210970464,0,0.210970464,0.210970464,0,0,0,0,0.210970464,0,0,0,0,0,0,2.953586498,0.421940928,0,0,0.421940928,0.421940928,0,0,0.210970464,1.898734177,0,0,0,0,3.164556962,0,0,0.210970464,0,0,0,0,0,0,0,0,0,0.632911392,0,2.742616034,0,0.421940928,0,0,0,0,0,0,0.210970464,0,0,0.632911392,0,8.438818565,78.48101266,68.35443038,0.632911392,9.493670886,35.8649789
455,19059,0.949367089,26.47679325,39.76793249,0.843881857,0.843881857,0.210970464,0.210970464,0,0,0,0.421940928,0.210970464,0.210970464,0,0,0,0.843881857,0.210970464,0,0.210970464,0.421940928,0.210970464,0,0,0,0.210970464,0,0,0,0,0,0.421940928,1.054852321,0.632911392,0,0,0,0,0,0,0.210970464,0.421940928,0,0,0,0.210970464,2.53164557,0,0,0,0,0.210970464,0,0,0,0,0,0,0,0.843881857,0,1.898734177,0,0,0,0,0,0,0,0.210970464,0,0,0.210970464,0.210970464,0,2.109704641,80.2742616,74.36708861,1.265822785,4.641350211,41.4556962
460,19113,0.949367089,28.16455696,32.91139241,1.054852321,1.265822785,0,0.421940928,0,0,0,0.210970464,0.421940928,0.210970464,0,0,0.210970464,1.265822785,0.421940928,0,0.210970464,0.421940928,0.210970464,0,0,0.210970464,0,0.210970464,0,1.265822785,0,0,0.421940928,2.320675105,0.421940928,0,0,0.843881857,0,0,0,1.054852321,0.632911392,0,0,0,0,2.320675105,0,0,0,0,0,0,0,0.210970464,0,0,0,0,0.632911392,0,1.898734177,0,0,0,0,0,0,0,0,0,0,0.210970464,0.421940928,0,8.016877637,80.80168776,73.20675105,0.843881857,6.751054852,35.23206751
465,19172,0.316455696,26.79324895,37.13080169,0.843881857,0,0,0,0,0,0,0.210970464,0.210970464,0,0.421940928,0,0,0,0,0,0.210970464,0.210970464,0,0,0,0,0,0,0,1.054852321,0,0,0,1.054852321,0,0,0,0,0.210970464,0,0,0,1.265822785,0,0,0,0,1.687763713,0,0,0,0,0.210970464,0,0,0,0,0,0,0,0.421940928,0,1.898734177,0,0,0,0,0.210970464,0,0,0.210970464,0,0,0.632911392,0.843881857,0,1.898734177,75.42194093,68.45991561,1.265822785,5.696202532,37.97468354
470,19243,0.632911392,31.64556962,22.89029536,0.421940928,0.421940928,0,0.210970464,0,0.210970464,0,0,0.210970464,0.632911392,0,0,0,0.210970464,0,0,0.421940928,0.210970464,0,0,0,1.054852321,0,0.210970464,0,1.054852321,0,0,0.421940928,1.898734177,0.843881857,0,0,0.421940928,0.421940928,0,0,0,1.687763713,0,0,0.210970464,0.210970464,5.274261603,0,0,0,0.632911392,0,0,0,0,0,0,0,0,0,0,4.219409283,0,0,0,0,0.843881857,0,0,0,0,0,0,0.632911392,0,16.24472574,78.16455696,63.60759494,0.632911392,13.92405063,23.73417722
475,19330,0.210970464,22.99578059,34.91561181,0.632911392,0.843881857,0,0,0,0,0,0.421940928,0,0.210970464,0,0,0,0.210970464,0,0,0.210970464,0.210970464,0,0,0,0.421940928,0,0,0,0.421940928,0,0,0,1.898734177,0.210970464,0,0,0.421940928,0.421940928,0,0,0,4.219409283,0,0,0,0.210970464,5.063291139,0,0,0,0,0,0,0,0,0,0,0,0,0,0,4.219409283,0,0,0,0,0.210970464,0.210970464,0,0,0,0,0.210970464,0.632911392,0.210970464,2.742616034,79.85232068,63.8185654,0.210970464,15.82278481,36.39240506
480,19456,0.105485232,35.23206751,19.83122363,1.687763713,0.210970464,0,0.421940928,0,0,0,1.476793249,0.210970464,0,0.210970464,0,0,0.210970464,0,0,0,0.210970464,0,0,0,0.421940928,0,0,0,0,0,0,0,2.53164557,1.054852321,0,0,0.421940928,0.421940928,0,0,0.210970464,1.265822785,0,0,0,0.421940928,3.375527426,0,0,0,0,0,0,0,0,0,0,0,0,0.421940928,0,3.58649789,0,0,0,0,0.421940928,0,0,0.210970464,0,0,0.421940928,0.843881857,0,6.329113924,75.21097046,63.8185654,1.054852321,10.33755274,21.72995781
485,19602,0.421940928,38.18565401,21.83544304,0.210970464,0.421940928,0,0.421940928,0,0,0,0.843881857,0,0,0,0,0,0.210970464,0.210970464,0,0.210970464,0.210970464,0,0,0,0,0,0,0,0.632911392,0,0,0,1.898734177,0,0,0,0.421940928,0.632911392,0,0,0.632911392,2.53164557,0,0,0,0.210970464,2.953586498,0,0,0.210970464,0,0,0,0,0,0,0,0,0,0,0,3.164556962,0,0,0,0,0.210970464,0,0,0.210970464,0,0,0.421940928,0.632911392,0,1.265822785,77.74261603,65.71729958,0.632911392,11.39240506,22.46835443
490,19762,0.738396624,28.16455696,26.05485232,0.843881857,0.421940928,0,0.210970464,0,0,0,0.210970464,0.210970464,0.421940928,0.210970464,0,0.210970464,0.632911392,0.210970464,0.210970464,0,0.843881857,0.421940928,0,0,0.210970464,0,0,0,0.632911392,0,0,0.210970464,3.375527426,0.210970464,0,0,0.421940928,0,0,0,0.421940928,1.898734177,0,0,0,0,2.320675105,0,0,0,0,0,0,0,0,0,0,0,0,0,0,4.641350211,0,0,0,0,1.054852321,0,0,0,0,0,0,0.632911392,0,8.860759494,76.05485232,64.66244726,0,11.39240506,27.32067511
495,19937,0.52742616,19.62025316,35.02109705,1.265822785,0.843881857,0,0,0,0,0,0.421940928,0.210970464,0,0,0,0.421940928,0.632911392,0,0,0,0.843881857,0,0,0,0,0,0,0,0.632911392,0,0,0.210970464,2.953586498,0.210970464,0,0,0.210970464,0.210970464,0,0,0.632911392,2.742616034,0,0,0,0,3.58649789,0,0,0,0,0,0,0,0,0,0,0,0,0.210970464,0,3.164556962,0,0,0,0,1.265822785,0,0,0,0,0,0.210970464,0.421940928,0,11.1814346,76.26582278,63.8185654,0.421940928,12.02531646,37.13080169