depth,age,char Count_i  (#),char Vol_i  (cm3),char Con_i        (# cm-3),charAcc,charBkg         (# cm-2 yr-1),char Peak       (# cm-2 yr-1),thresh          1             (# cm-2 yr-1),thresh          2             (# cm-2 yr-1),thresh          3             (# cm-2 yr-1),thresh FinalPos                 (# cm-2 yr-1),thresh FinalNeg                 (# cm-2 yr-1),SNI    (index)         ,thresh GOF         (p-val),peaks         1           ,peaks         2           ,peaks         3           ,peaks         Final    ,peaks Insig.,peak           Mag              (# cm-2 peak-1),smPeak Frequ       (peaks 1ka-1),smFRIs       (yr*fire-1),nFRIs       (#),mFRI       (yr fire-1),mFRI_uCI      (yr fire-1),mFRI_lCI     (yr fire-1),WBLb      (yr),WBLb_uCI      (yr),WBLb_lCI     (yr fire-1),WBLc     (unitless),WBLc_uCI     (unitless),WBLc_lCI     (unitless)
60,11216,87,1,87,5.8,0.026,5.774,0.3132,0.4147,0.5286,0.4147,-0.2788,195.35,0.02,0,0,0,0,0,0,3.9,135,,,,,,,,,,
60.6,11225,68,1,67.67,5.0579,0.0256,5.0323,0.3044,0.4034,0.5142,0.4034,-0.272,189.14,0.02,0,0,0,0,0,0,3.88,135,,,,,,,,,,
61.27,11234,30,1,29.56,2.6229,0.0252,2.5977,0.2958,0.392,0.5,0.392,-0.2653,182.94,0.02,0,0,0,0,0,0,3.86,135,,,,,,,,,,
62.07,11243,34,1,34,2.4286,0.0248,2.4038,0.2871,0.3807,0.4857,0.3807,-0.2585,176.77,0.02,0,0,0,0,0,0,3.84,135,,,,,,,,,,
62.71,11252,27,1,26.78,1.9944,0.0244,1.97,0.2784,0.3693,0.4713,0.3693,-0.2517,170.65,0.02,0,0,0,0,0,0,3.82,135,,,,,,,,,,
63.38,11261,23,1,22.67,1.7298,0.024,1.7057,0.2695,0.3577,0.4567,0.3577,-0.2448,164.59,0.02,0,0,0,0,0,0,3.8,135,,,,,,,,,,
64.07,11270,36,1,36,2.5714,0.0236,2.5478,0.2604,0.3459,0.4417,0.3459,-0.2378,158.62,0.02,0,0,0,0,0,0,3.78,135,,,,,,,,,,
64.71,11279,34,1,34.33,2.6795,0.0232,2.6562,0.251,0.3336,0.4262,0.3336,-0.2305,152.77,0.02,0,0,0,0,0,0,3.76,135,,,,,,,,,,
65.42,11288,33,1,32.78,2.5797,0.0229,2.5569,0.241,0.3207,0.4099,0.3207,-0.2228,147.1,0.03,0,0,0,0,0,0,3.74,135,,,,,,,,,,
66.13,11297,32,1,32,2,0.0225,1.9775,0.2304,0.3068,0.3925,0.3068,-0.2147,141.67,0.03,0,0,0,0,0,0,3.72,135,,,,,,,,,,
66.69,11306,24,1,24.44,1.573,0.0221,1.551,0.2189,0.2918,0.3735,0.2918,-0.2059,136.6,0.03,0,0,0,0,0,0,3.7,135,,,,,,,,,,
67.27,11315,15,1,15,1,0.0217,0.9783,0.206,0.2749,0.3523,0.2749,-0.1961,132.01,0.03,0,1,1,1,0,551.194,3.68,135,,,,,,,,,,
67.87,11324,4,1,4.11,0.2608,0.0213,0.2394,0.1912,0.2558,0.3281,0.2558,-0.185,128.12,0.03,1,0,0,0,0,0,3.66,135,,,,,,,,,,
68.44,11333,1,1,1,0.0625,0.021,0.0415,0.1742,0.2336,0.3002,0.2336,-0.1722,125.16,0.03,0,0,0,0,0,0,3.64,135,,,,,,,,,,
69,11342,8,1,8,0.5714,0.0206,0.5508,0.1544,0.208,0.268,0.208,-0.1575,123.31,0.03,0,0,0,0,0,0,3.62,135,,,,,,,,,,
69.64,11351,7,1,7.11,0.4929,0.0203,0.4726,0.1398,0.1888,0.2438,0.1888,-0.1461,121.95,0.05,0,0,0,0,0,0,3.6,135,,,,,,,,,,
70.27,11360,6,1,6,0.4,0.0199,0.3801,0.1253,0.1699,0.2199,0.1699,-0.1348,120.8,0.05,0,0,0,0,0,0,3.58,135,,,,,,,,,,
70.87,11369,8,1,8.33,0.7716,0.0195,0.7521,0.1112,0.1515,0.1967,0.1515,-0.1237,119.8,0.06,0,0,0,0,0,0,3.56,135,,,,,,,,,,
71.7,11378,8,1,8.33,0.8333,0.0192,0.8141,0.0977,0.1339,0.1745,0.1339,-0.1131,118.86,0.07,0,0,0,0,0,0,3.54,135,,,,,,,,,,
72.6,11387,6,1,5.78,0.5243,0.0188,0.5054,0.0852,0.1175,0.1537,0.1175,-0.1031,117.92,0.08,0,0,0,0,0,0,3.52,135,,,,,,,,,,
73.42,11396,8,1,8.22,0.6852,0.0185,0.6667,0.0737,0.1025,0.1347,0.1025,-0.0939,116.9,0.01,0,0,0,0,0,0,3.5,135,,,,,,,,,,
74.17,11405,23,1,23,1.9167,0.0182,1.8985,0.0635,0.0891,0.1178,0.0891,-0.0856,115.76,0,0,0,0,0,0,0,3.48,135,,,,,,,,,,
74.92,11414,12,1,12.33,0.8451,0.0178,0.8272,0.0547,0.0775,0.1031,0.0775,-0.0782,114.45,0,0,0,0,0,0,0,3.46,135,,,,,,,,,,
75.53,11423,11,1,10.56,0.7037,0.0175,0.6862,0.0475,0.068,0.0909,0.068,-0.072,112.96,0,0,0,0,0,0,0,3.44,135,,,,,,,,,,
76.13,11432,9,1,9,0.6,0.0171,0.5829,0.0417,0.0603,0.0812,0.0603,-0.0668,111.3,0,0,0,0,0,0,0,3.42,135,,,,,,,,,,
76.73,11441,13,1,12.89,0.8593,0.0168,0.8424,0.0374,0.0546,0.0738,0.0546,-0.0626,109.5,0,0,0,0,0,0,0,3.4,135,,,,,,,,,,
77.33,11450,16,1,16,1.0667,0.0165,1.0502,0.0345,0.0506,0.0686,0.0506,-0.0594,107.58,0,0,0,0,0,0,0,3.38,135,,,,,,,,,,
77.93,11459,106,1,105.78,7.0519,0.0162,7.0357,0.0326,0.048,0.0653,0.048,-0.0571,105.59,0,0,0,0,0,0,0,3.36,135,,,,,,,,,,
78.53,11468,103,1,103.22,6.9907,0.0158,6.9749,0.0317,0.0467,0.0635,0.0467,-0.0554,103.54,0,0,0,0,0,0,0,3.33,135,,,,,,,,,,
79.14,11477,55,1,55,3.9286,0.0155,3.9131,0.0316,0.0463,0.0628,0.0463,-0.0543,101.49,0,0,0,0,0,0,0,3.31,135,,,,,,,,,,
79.79,11486,18,1,18.33,1.2513,0.0152,1.2361,0.032,0.0466,0.0631,0.0466,-0.0536,99.48,0,1,1,1,1,0,688.2296,3.28,135,,,,,,,,,,
80.4,11495,0,1,0,0,0.0149,-0.0149,0.0326,0.0473,0.0638,0.0473,-0.0531,97.55,0,0,0,0,0,0,0,3.26,135,,,,,,,,,,
81,11504,0,1,0,0,0.0146,-0.0146,0.0334,0.0482,0.0648,0.0482,-0.0528,95.72,0.01,0,0,0,0,0,0,3.23,135,,,,,,,,,,
81.56,11513,0,1,0,0,0.0142,-0.0142,0.0343,0.0493,0.066,0.0493,-0.0526,94.03,0.01,0,0,0,0,0,0,3.21,135,,,,,,,,,,
82.14,11522,0,1,0,0,0.0139,-0.0139,0.0353,0.0503,0.0672,0.0503,-0.0524,92.49,0.01,0,0,0,0,0,0,3.18,135,,,,,,,,,,
82.79,11531,0,1,0,0,0.0136,-0.0136,0.0362,0.0514,0.0684,0.0514,-0.0522,91.1,0.02,0,0,0,0,0,0,3.16,135,,,,,,,,,,
83.6,11540,0,1,0,0,0.0133,-0.0133,0.0371,0.0524,0.0695,0.0524,-0.0521,89.84,0.02,0,0,0,0,0,0,3.13,135,,,,,,,,,,
84.42,11549,0,1,0.22,0.0185,0.013,0.0055,0.0379,0.0534,0.0706,0.0534,-0.0519,88.7,0.02,0,0,0,0,0,0,3.11,135,,,,,,,,,,
85.17,11558,1,1,1,0.0833,0.0127,0.0706,0.0388,0.0543,0.0717,0.0543,-0.0518,87.66,0.01,0,0,0,0,0,0,3.08,135,,,,,,,,,,
85.92,11567,1,1,1,0.0776,0.0124,0.0652,0.0395,0.0552,0.0727,0.0552,-0.0517,86.7,0.01,0,0,0,0,0,0,3.06,135,,,,,,,,,,
86.62,11576,1,1,1.44,0.1111,0.0121,0.099,0.0402,0.056,0.0736,0.056,-0.0515,85.8,0,0,0,0,0,0,0,3.03,135,,,,,,,,,,
87.31,11585,2,1,2,0.1538,0.0118,0.1421,0.0409,0.0567,0.0744,0.0567,-0.0513,84.95,0,1,1,1,1,0,1.8579,3,135,,,,,,,,,,
88,11594,0,1,0,0,0.0115,-0.0115,0.0414,0.0573,0.0751,0.0573,-0.0512,84.13,0,0,0,0,0,0,0,2.98,135,,,,,,,,,,
88.6,11603,0,1,0,0,0.0112,-0.0112,0.0419,0.0578,0.0756,0.0578,-0.0509,83.33,0,0,0,0,0,0,0,2.95,135,,,,,,,,,,
89.18,11612,0,1,0,0,0.0109,-0.0109,0.0422,0.0582,0.0761,0.0582,-0.0507,82.55,0,0,0,0,0,0,0,2.92,135,,,,,,,,,,
89.71,11621,0,1,0,0,0.0106,-0.0106,0.0425,0.0585,0.0763,0.0585,-0.0503,81.76,0,0,0,0,0,0,0,2.9,135,,,,,,,,,,
90.24,11630,0,1,0,0,0.0103,-0.0103,0.0427,0.0586,0.0764,0.0586,-0.05,80.97,0,0,0,0,0,0,0,2.87,135,,,,,,,,,,
90.76,11639,0,1,0,0,0.01,-0.01,0.0428,0.0586,0.0764,0.0586,-0.0496,80.16,0,0,0,0,0,0,0,2.84,135,,,,,,,,,,
92.96,11648,0,1,0,0,0.0097,-0.0097,0.0427,0.0585,0.0762,0.0585,-0.0492,79.32,0,0,0,0,0,0,0,2.81,135,,,,,,,,,,
96.48,11657,0,1,0,0,0.0094,-0.0094,0.0426,0.0583,0.0758,0.0583,-0.0487,78.46,0,0,0,0,0,0,0,2.78,135,,,,,,,,,,
100,11666,0,1,0,0,0.0091,-0.0091,0.0424,0.0579,0.0753,0.0579,-0.0481,77.56,0,0,0,0,0,0,0,2.76,135,,,,,,,,,,
100.47,11675,0,1,0,0,0.0088,-0.0088,0.0421,0.0574,0.0747,0.0574,-0.0475,76.61,0,0,0,0,0,0,0,2.73,135,,,,,,,,,,
100.95,11684,1,1,0.89,0.0468,0.0086,0.0382,0.0416,0.0568,0.0739,0.0568,-0.0469,75.63,0,0,0,0,0,0,0,2.69,135,,,,,,,,,,
101.42,11693,1,1,1,0.0526,0.0083,0.0444,0.0411,0.0561,0.0729,0.0561,-0.0462,74.6,0,0,0,0,0,0,0,2.66,135,,,,,,,,,,
101.89,11702,0,1,0.22,0.0122,0.008,0.0042,0.0406,0.0553,0.0719,0.0553,-0.0454,73.52,0,0,0,0,0,0,0,2.63,135,,,,,,,,,,
102.39,11711,0,1,0,0,0.0077,-0.0077,0.0399,0.0544,0.0707,0.0544,-0.0447,72.39,0,0,0,0,0,0,0,2.6,135,,,,,,,,,,
102.89,11720,0,1,0,0,0.0074,-0.0074,0.0392,0.0535,0.0694,0.0535,-0.0439,71.21,0,0,0,0,0,0,0,2.57,135,,,,,,,,,,
103.26,11729,0,1,0,0,0.0071,-0.0071,0.0384,0.0524,0.0681,0.0524,-0.0431,69.98,0,0,0,0,0,0,0,2.53,135,,,,,,,,,,
103.59,11738,0,1,0,0,0.0068,-0.0068,0.0376,0.0513,0.0667,0.0513,-0.0422,68.7,0,0,0,0,0,0,0,2.5,,,,,,,,,,,
103.93,11747,1,1,0.78,0.0327,0.0065,0.0262,0.0368,0.0502,0.0652,0.0502,-0.0413,67.39,0,0,0,0,0,0,0,2.46,,,,,,,,,,,
104.3,11756,1,1,1,0.0435,0.0063,0.0372,0.0359,0.049,0.0637,0.049,-0.0405,66.03,0,0,0,0,0,0,0,2.43,,,,,,,,,,,
104.7,11765,1,1,1,0.0424,0.006,0.0364,0.035,0.0478,0.0622,0.0478,-0.0396,64.65,0,0,0,0,0,0,0,2.39,,,,,,,,,,,
105.08,11774,1,1,1,0.0385,0.0057,0.0328,0.0341,0.0466,0.0606,0.0466,-0.0387,63.25,0,0,0,0,0,0,0,2.35,,,,,,,,,,,
105.42,11783,1,1,1,0.0385,0.0054,0.033,0.0331,0.0453,0.059,0.0453,-0.0378,61.84,0,0,0,0,0,0,0,2.31,,,,,,,,,,,
105.77,11792,1,1,1,0.039,0.0051,0.0338,0.0322,0.044,0.0573,0.044,-0.0369,60.42,0,0,0,0,0,0,0,2.27,,,,,,,,,,,
106.12,11801,1,1,1,0.04,0.0049,0.0351,0.0312,0.0428,0.0557,0.0428,-0.0359,59,0,0,0,0,0,0,0,2.23,,,,,,,,,,,
106.48,11810,1,1,1,0.04,0.0046,0.0354,0.0303,0.0415,0.054,0.0415,-0.035,57.58,0,0,0,0,0,0,0,2.19,,,,,,,,,,,
106.84,11819,0,1,0.44,0.0191,0.0043,0.0148,0.0293,0.0402,0.0524,0.0402,-0.0341,56.18,0,0,0,0,0,0,0,2.15,,,,,,,,,,,
107.23,11828,0,1,0,0,0.0041,-0.0041,0.0284,0.0389,0.0508,0.0389,-0.0332,54.78,0,0,0,0,0,0,0,2.11,,,,,,,,,,,
107.64,11837,0,1,0.11,0.0049,0.0038,0.0011,0.0274,0.0377,0.0492,0.0377,-0.0323,53.39,0,0,0,0,0,0,0,2.07,,,,,,,,,,,
108.03,11846,1,1,1,0.0333,0.0036,0.0298,0.0265,0.0364,0.0475,0.0364,-0.0314,52.01,0,0,0,0,0,0,0,2.03,,,,,,,,,,,
108.33,11855,1,1,1,0.0333,0.0033,0.03,0.0255,0.0352,0.0459,0.0352,-0.0305,50.64,0,0,0,0,0,0,0,1.99,,,,,,,,,,,
108.63,11864,1,1,1,0.0333,0.0031,0.0302,0.0246,0.0339,0.0443,0.0339,-0.0296,49.28,0,0,0,0,0,0,0,1.94,,,,,,,,,,,
108.93,11873,0,1,0.22,0.0067,0.0029,0.0039,0.0237,0.0327,0.0427,0.0327,-0.0286,47.91,0,0,0,0,0,0,0,1.9,,,,,,,,,,,
109.21,11882,0,1,0,0,0.0027,-0.0027,0.0227,0.0314,0.0411,0.0314,-0.0277,46.56,0,0,0,0,0,0,0,1.85,,,,,,,,,,,
109.47,11891,0,1,0,0,0.0025,-0.0025,0.0218,0.0302,0.0395,0.0302,-0.0268,45.21,0,0,0,0,0,0,0,1.81,,,,,,,,,,,
109.74,11900,0,1,0,0,0.0023,-0.0023,0.0209,0.0289,0.0379,0.0289,-0.0259,43.87,0,0,0,0,0,0,0,1.77,,,,,,,,,,,
110,11909,0,1,0,0,0.0021,-0.0021,0.02,0.0277,0.0363,0.0277,-0.0249,42.54,0,0,0,0,0,0,0,1.72,,,,,,,,,,,
110.29,11918,0,1,0,0,0.0019,-0.0019,0.019,0.0264,0.0347,0.0264,-0.024,41.22,0,0,0,0,0,0,0,1.68,,,,,,,,,,,
110.58,11927,0,1,0,0,0.0018,-0.0018,0.0181,0.0252,0.0331,0.0252,-0.023,39.92,0,0,0,0,0,0,0,1.63,,,,,,,,,,,
110.87,11936,0,1,0,0,0.0017,-0.0017,0.0172,0.0239,0.0314,0.0239,-0.022,38.64,0,0,0,0,0,0,0,1.59,,,,,,,,,,,
111.14,11945,0,1,0,0,0.0016,-0.0016,0.0162,0.0226,0.0298,0.0226,-0.021,37.39,0,0,0,0,0,0,0,1.54,,,,,,,,,,,
111.38,11954,0,1,0,0,0.0015,-0.0015,0.0153,0.0214,0.0282,0.0214,-0.02,36.2,0,0,0,0,0,0,0,1.49,,,,,,,,,,,
111.62,11963,0,1,0,0,0.0014,-0.0014,0.0144,0.0201,0.0266,0.0201,-0.019,35.06,0,0,0,0,0,0,0,1.45,,,,,,,,,,,
111.86,11972,0,1,0,0,0.0013,-0.0013,0.0135,0.0189,0.025,0.0189,-0.018,33.99,0,0,0,0,0,0,0,1.4,,,,,,,,,,,
112.13,11981,0,1,0,0,0.0012,-0.0012,0.0126,0.0177,0.0234,0.0177,-0.017,33.02,0,0,0,0,0,0,0,1.36,,,,,,,,,,,
112.41,11990,0,1,0,0,0.0012,-0.0012,0.0117,0.0164,0.0218,0.0164,-0.016,32.15,0.01,0,0,0,0,0,0,1.32,,,,,,,,,,,
112.69,11999,0,1,0,0,0.0011,-0.0011,0.0108,0.0152,0.0202,0.0152,-0.0151,31.41,0.01,0,0,0,0,0,0,1.27,,,,,,,,,,,
112.97,12008,0,1,0,0,0.0011,-0.0011,0.0099,0.014,0.0187,0.014,-0.0141,30.82,0.01,0,0,0,0,0,0,1.23,,,,,,,,,,,
113.19,12017,0,1,0,0,0.001,-0.001,0.0091,0.0129,0.0171,0.0129,-0.0131,30.39,0.01,0,0,0,0,0,0,1.18,,,,,,,,,,,
113.4,12026,0,1,0,0,0.0009,-0.0009,0.0082,0.0117,0.0157,0.0117,-0.0121,30.14,0.01,0,0,0,0,0,0,1.14,,,,,,,,,,,
113.62,12035,0,1,0,0,0.0009,-0.0009,0.0074,0.0106,0.0142,0.0106,-0.0112,30.1,0,0,0,0,0,0,0,1.1,,,,,,,,,,,
113.83,12044,0,1,0,0,0.0008,-0.0008,0.0067,0.0096,0.0129,0.0096,-0.0103,30.27,0,0,0,0,0,0,0,1.05,,,,,,,,,,,
114.04,12053,0,1,0,0,0.0007,-0.0007,0.006,0.0086,0.0115,0.0086,-0.0094,30.67,0,0,0,0,0,0,0,1.01,,,,,,,,,,,
114.23,12062,0,1,0,0,0.0007,-0.0007,0.0053,0.0076,0.0103,0.0076,-0.0086,31.32,0,0,0,0,0,0,0,0.97,,,,,,,,,,,
114.42,12071,0,1,0,0,0.0006,-0.0006,0.0046,0.0067,0.0091,0.0067,-0.0078,32.23,0,0,0,0,0,0,0,0.93,,,,,,,,,,,
114.6,12080,0,1,0,0,0.0006,-0.0006,0.004,0.0059,0.008,0.0059,-0.007,33.41,0,0,0,0,0,0,0,0.89,,,,,,,,,,,
114.79,12089,0,1,0,0,0.0005,-0.0005,0.0035,0.0052,0.007,0.0052,-0.0063,34.89,0,0,0,0,0,0,0,0.85,,,,,,,,,,,
114.98,12098,0,1,0,0,0.0005,-0.0005,0.003,0.0045,0.0061,0.0045,-0.0057,36.66,0,0,0,0,0,0,0,0.81,,,,,,,,,,,
115.21,12107,0,1,0,0,0.0004,-0.0004,0.0026,0.0039,0.0053,0.0039,-0.0051,38.76,0,0,0,0,0,0,0,0.77,,,,,,,,,,,
115.44,12116,0,1,0,0,0.0004,-0.0004,0.0022,0.0033,0.0046,0.0033,-0.0046,41.2,0,0,0,0,0,0,0,0.73,,,,,,,,,,,
115.67,12125,0,1,0,0,0.0003,-0.0003,0.0019,0.0029,0.0041,0.0029,-0.0042,44,0,0,0,0,0,0,0,0.7,,,,,,,,,,,
115.9,12134,0,1,0,0,0.0003,-0.0003,0.0016,0.0025,0.0036,0.0025,-0.0038,47.17,0,0,0,0,0,0,0,0.66,,,,,,,,,,,
116.17,12143,0,1,0,0,0.0002,-0.0002,0.0014,0.0022,0.0032,0.0022,-0.0035,50.71,0,0,0,0,0,0,0,0.63,,,,,,,,,,,
116.48,12152,0,1,0,0,0.0002,-0.0002,0.0012,0.002,0.0029,0.002,-0.0032,54.6,0,0,0,0,0,0,0,0.59,,,,,,,,,,,
116.79,12161,0,1,0,0,0.0002,-0.0002,0.0011,0.0018,0.0026,0.0018,-0.003,58.82,0,0,0,0,0,0,0,0.56,,,,,,,,,,,
117.09,12170,0,1,0,0,0.0002,-0.0002,0.0011,0.0017,0.0025,0.0017,-0.0029,63.4,0,0,0,0,0,0,0,0.53,,,,,,,,,,,
117.35,12179,0,1,0,0,0.0001,-0.0001,0.001,0.0017,0.0024,0.0017,-0.0027,68.37,0,0,0,0,0,0,0,0.5,,,,,,,,,,,
117.62,12188,0,1,0,0,0.0001,-0.0001,0.001,0.0016,0.0023,0.0016,-0.0026,73.76,0,0,0,0,0,0,0,0.47,,,,,,,,,,,
117.88,12197,0,1,0,0,0.0001,-0.0001,0.001,0.0016,0.0023,0.0016,-0.0025,79.64,0,0,0,0,0,0,0,0.44,,,,,,,,,,,
118.19,12206,0,1,0,0,0.0001,-0.0001,0.001,0.0016,0.0023,0.0016,-0.0025,86.04,0,0,0,0,0,0,0,0.41,,,,,,,,,,,
118.52,12215,0,1,0,0,0.0001,-0.0001,0.001,0.0016,0.0023,0.0016,-0.0025,93.01,0,0,0,0,0,0,0,0.38,,,,,,,,,,,
118.85,12224,0,1,0,0,0.0001,-0.0001,0.0011,0.0017,0.0024,0.0017,-0.0024,100.55,0,0,0,0,0,0,0,0.35,,,,,,,,,,,
119.16,12233,0,1,0,0,0.0001,-0.0001,0.0012,0.0018,0.0025,0.0018,-0.0025,108.6,0,0,0,0,0,0,0,0.33,,,,,,,,,,,
119.44,12242,0,1,0,0,0.0001,-0.0001,0.0013,0.0019,0.0027,0.0019,-0.0025,117.1,0,0,0,0,0,0,0,0.3,,,,,,,,,,,
119.72,12251,0,1,0,0,0.0001,-0.0001,0.0014,0.0021,0.0029,0.0021,-0.0026,125.95,0,0,0,0,0,0,0,0.28,,,,,,,,,,,
120,12260,0,1,0,0,0.0001,-0.0001,0.0016,0.0024,0.0032,0.0024,-0.0027,135.03,0,0,0,0,0,0,0,0.26,,,,,,,,,,,
120.24,12269,0,1,0,0,0.0001,-0.0001,0.0019,0.0027,0.0036,0.0027,-0.0029,144.24,0,0,0,0,0,0,0,0.24,,,,,,,,,,,
120.47,12278,0,1,0,0,0.0001,-0.0001,0.0022,0.0031,0.0041,0.0031,-0.0031,153.45,0,0,0,0,0,0,0,0.22,,,,,,,,,,,
120.71,12287,0,1,0,0,0.0002,-0.0002,0.0026,0.0036,0.0047,0.0036,-0.0033,162.57,0,0,0,0,0,0,0,0.2,,,,,,,,,,,
120.95,12296,0,1,0,0,0.0002,-0.0002,0.003,0.0042,0.0055,0.0042,-0.0036,171.47,0,0,0,0,0,0,0,0.18,,,,,,,,,,,
121.18,12305,0,1,0,0,0.0002,-0.0002,0.0036,0.0049,0.0063,0.0049,-0.004,180.07,0,0,0,0,0,0,0,0.16,,,,,,,,,,,
121.42,12314,0,1,0,0,0.0002,-0.0002,0.0042,0.0056,0.0073,0.0056,-0.0044,188.3,0,0,0,0,0,0,0,0.14,,,,,,,,,,,
121.66,12323,0,1,0,0,0.0002,-0.0002,0.0048,0.0065,0.0084,0.0065,-0.0049,196.11,0,0,0,0,0,0,0,0.13,,,,,,,,,,,
121.89,12332,0,1,0,0,0.0002,-0.0002,0.0056,0.0075,0.0096,0.0075,-0.0054,203.55,0,0,0,0,0,0,0,0.11,,,,,,,,,,,
122.15,12341,0,1,0,0,0.0002,-0.0002,0.0064,0.0085,0.0109,0.0085,-0.006,210.64,0,0,0,0,0,0,0,0.1,,,,,,,,,,,
122.42,12350,0,1,0,0,0.0002,-0.0002,0.0072,0.0096,0.0123,0.0096,-0.0066,217.43,0,0,0,0,0,0,0,0.09,,,,,,,,,,,
122.7,12359,0,1,0,0,0.0002,-0.0002,0.0081,0.0108,0.0138,0.0108,-0.0073,223.92,0,0,0,0,0,0,0,0.08,,,,,,,,,,,
122.97,12368,0,1,0,0,0.0002,-0.0002,0.0091,0.012,0.0153,0.012,-0.008,230.1,0,0,0,0,0,0,0,0.07,,,,,,,,,,,
123.33,12377,0,1,0,0,0.0002,-0.0002,0.0101,0.0133,0.0169,0.0133,-0.0087,235.98,0,0,0,0,0,0,0,0.06,,,,,,,,,,,
123.71,12386,0,1,0,0,0.0002,-0.0002,0.0111,0.0147,0.0186,0.0147,-0.0094,241.53,0,0,0,0,0,0,0,0.05,,,,,,,,,,,
124.09,12395,0,1,0,0,0.0002,-0.0002,0.0122,0.016,0.0204,0.016,-0.0102,246.73,0,0,0,0,0,0,0,0.04,,,,,,,,,,,
124.5,12404,0,1,0,0,0.0002,-0.0002,0.0133,0.0175,0.0222,0.0175,-0.011,251.57,0,0,0,0,0,0,0,0.03,,,,,,,,,,,
124.91,12413,1,1,0.78,0.0367,0.0002,0.0364,0.0145,0.019,0.024,0.019,-0.0119,256.02,0,0,0,0,0,0,0,0.03,,,,,,,,,,,
125.33,12422,1,1,1,0.0476,0.0002,0.0474,0.0156,0.0205,0.026,0.0205,-0.0127,260.06,0,0,0,0,0,0,0,0.02,,,,,,,,,,,
125.76,12431,1,1,0.56,0.0265,0.0002,0.0262,0.0168,0.0221,0.0279,0.0221,-0.0136,263.73,0,0,0,0,0,1,0.5331,0.02,,,,,,,,,,,
126.19,12440,0,1,0,0,0.0002,-0.0002,0.0181,0.0237,0.0299,0.0237,-0.0145,267.08,0,0,0,0,0,0,0,0.01,,,,,,,,,,,
126.62,12449,0,1,0.11,0.0053,0.0002,0.005,0.0193,0.0253,0.032,0.0253,-0.0154,270.16,0,0,0,0,0,0,0,0.01,,,,,,,,,,,
127.05,12458,1,1,1,0.0455,0.0002,0.0452,0.0206,0.0269,0.034,0.0269,-0.0163,273.07,0,0,0,0,0,0,0,0.01,,,,,,,,,,,
127.45,12467,1,1,1,0.0455,0.0002,0.0452,0.0218,0.0285,0.036,0.0285,-0.0172,275.87,0,0,0,0,0,1,0.3502,0.01,,,,,,,,,,,
127.86,12476,0,1,0.33,0.0162,0.0003,0.0159,0.023,0.0301,0.038,0.0301,-0.018,278.65,0,0,0,0,0,0,0,0,,,,,,,,,,,
128.3,12485,0,1,0,0,0.0003,-0.0003,0.0242,0.0316,0.0399,0.0316,-0.0189,281.43,0,0,0,0,0,0,0,0,,,,,,,,,,,
128.75,12494,0,1,0,0,0.0003,-0.0003,0.0254,0.0331,0.0418,0.0331,-0.0197,284.28,0,0,0,0,0,0,0,0,,,,,,,,,,,
129.17,12503,0,1,0,0,0.0003,-0.0003,0.0264,0.0345,0.0435,0.0345,-0.0205,287.19,0,0,0,0,0,0,0,0,,,,,,,,,,,
129.57,12512,0,1,0,0,0.0003,-0.0003,0.0275,0.0358,0.0452,0.0358,-0.0212,290.15,0,0,0,0,0,0,0,0,,,,,,,,,,,
129.96,12521,1,1,0.89,0.0359,0.0003,0.0356,0.0284,0.0371,0.0468,0.0371,-0.0219,293.15,0,0,0,0,0,0,0,0,,,,,,,,,,,
130.32,12530,1,1,1,0.04,0.0003,0.0397,0.0293,0.0382,0.0482,0.0382,-0.0226,296.14,0,0,0,0,0,1,0.0136,0,,,,,,,,,,,
130.68,12539,1,1,0.89,0.0353,0.0003,0.035,0.0301,0.0393,0.0495,0.0393,-0.0231,299.05,0,0,0,0,0,0,0,0,,,,,,,,,,,
131.04,12548,0,1,0,0,0.0002,-0.0002,0.0309,0.0402,0.0507,0.0402,-0.0237,301.81,0,0,0,0,0,0,0,0,,,,,,,,,,,
131.37,12557,0,1,0,0,0.0002,-0.0002,0.0316,0.0411,0.0518,0.0411,-0.0241,304.33,0,0,0,0,0,0,0,0,,,,,,,,,,,
131.7,12566,0,1,0.11,0.0041,0.0002,0.0039,0.0321,0.0419,0.0528,0.0419,-0.0246,306.54,0,0,0,0,0,0,0,0,,,,,,,,,,,
132.04,12575,1,1,1,0.0385,0.0002,0.0382,0.0327,0.0425,0.0536,0.0425,-0.0249,308.36,0,0,0,0,0,0,0,0,,,,,,,,,,,
132.38,12584,1,1,1,0.0385,0.0002,0.0382,0.0331,0.0431,0.0543,0.0431,-0.0252,309.72,0,0,0,0,0,0,0,0,,,,,,,,,,,
132.73,12593,1,1,1.22,0.0517,0.0002,0.0514,0.0335,0.0436,0.0549,0.0436,-0.0255,310.57,0,0,0,0,0,0,0,0,,,,,,,,,,,
133.11,12602,2,1,2,0.1111,0.0002,0.1109,0.0338,0.044,0.0554,0.044,-0.0257,310.87,0,0,0,0,0,0,0,0,,,,,,,,,,,
133.61,12611,2,1,1.56,0.0864,0.0002,0.0862,0.034,0.0442,0.0557,0.0442,-0.0258,310.57,0,0,0,0,0,1,1.2836,0,,,,,,,,,,,
134.11,12620,0,1,0,0,0.0002,-0.0002,0.0341,0.0444,0.056,0.0444,-0.0259,309.66,0,0,0,0,0,0,0,0,,,,,,,,,,,
134.61,12629,0,1,0,0,0.0002,-0.0002,0.0342,0.0445,0.0561,0.0445,-0.026,308.14,0,0,0,0,0,0,0,0,,,,,,,,,,,
135.09,12638,0,1,0,0,0.0002,-0.0002,0.0342,0.0445,0.0561,0.0445,-0.026,306.01,0,0,0,0,0,0,0,0,,,,,,,,,,,
135.48,12647,0,1,0,0,0.0002,-0.0002,0.0341,0.0444,0.056,0.0444,-0.0259,303.3,0,0,0,0,0,0,0,0,,,,,,,,,,,
135.87,12656,0,1,0,0,0.0002,-0.0002,0.034,0.0443,0.0558,0.0443,-0.0258,300.04,0,0,0,0,0,0,0,0,,,,,,,,,,,
136.29,12665,0,1,0,0,0.0002,-0.0002,0.0338,0.044,0.0554,0.044,-0.0256,296.28,0,0,0,0,0,0,0,0,,,,,,,,,,,
136.71,12674,0,1,0.33,0.0152,0.0002,0.015,0.0335,0.0436,0.0549,0.0436,-0.0254,292.05,0,0,0,0,0,0,0,0,,,,,,,,,,,
137.13,12683,1,1,1,0.0417,0.0002,0.0414,0.0331,0.0432,0.0544,0.0432,-0.0252,287.41,0,0,0,0,0,0,0,0,,,,,,,,,,,
137.5,12692,1,1,1,0.0417,0.0002,0.0414,0.0327,0.0426,0.0537,0.0426,-0.0248,282.39,0,0,0,0,0,0,0,0,,,,,,,,,,,
137.88,12701,0,1,0.33,0.0231,0.0002,0.0229,0.0322,0.042,0.0529,0.042,-0.0245,277.07,0,0,0,0,0,0,0,0,,,,,,,,,,,
138.5,12710,0,1,0,0,0.0002,-0.0002,0.0317,0.0413,0.052,0.0413,-0.0241,271.52,0,0,0,0,0,0,0,0,,,,,,,,,,,
139.33,12719,0,1,0,0,0.0002,-0.0002,0.0311,0.0405,0.051,0.0405,-0.0236,265.81,0,0,0,0,0,0,0,0,,,,,,,,,,,
140.43,12728,0,1,0,0,0.0002,-0.0002,0.0304,0.0396,0.0499,0.0396,-0.0231,260.02,0,0,0,0,0,0,0,0,,,,,,,,,,,
141.83,12737,0,1,0,0,0.0002,-0.0002,0.0297,0.0386,0.0487,0.0386,-0.0226,254.23,0,0,0,0,0,0,0,0,,,,,,,,,,,
143.29,12746,0,1,0,0,0.0002,-0.0002,0.0289,0.0376,0.0474,0.0376,-0.022,248.52,0,0,0,0,0,0,0,0,,,,,,,,,,,
144.57,12755,1,1,0.67,0.0952,0.0002,0.095,0.028,0.0365,0.046,0.0365,-0.0214,242.97,0.01,0,0,0,0,1,0.5271,0,,,,,,,,,,,
145.86,12764,0,1,0.11,0.0159,0.0002,0.0157,0.0271,0.0353,0.0445,0.0353,-0.0207,237.65,0.02,0,0,0,0,0,0,0,,,,,,,,,,,
147.14,12773,0,1,0,0,0.0002,-0.0002,0.0261,0.034,0.0429,0.034,-0.02,232.61,0.02,0,0,0,0,0,0,0,,,,,,,,,,,
148.38,12782,0,1,0.44,0.0556,0.0002,0.0554,0.0251,0.0327,0.0412,0.0327,-0.0192,227.9,0.02,0,0,0,0,0,0,0,,,,,,,,,,,
149.5,12791,0,1,0.44,0.0556,0.0002,0.0554,0.024,0.0313,0.0394,0.0313,-0.0184,223.52,0.02,0,0,0,0,1,0.4678,0,,,,,,,,,,,
150.63,12800,0,1,0,0,0.0002,-0.0002,0.0229,0.0298,0.0376,0.0298,-0.0176,219.49,0.02,0,0,0,0,0,0,0,,,,,,,,,,,
151.67,12809,0,1,0,0,0.0002,-0.0002,0.0217,0.0283,0.0357,0.0283,-0.0168,215.81,0,0,0,0,0,0,0,0,,,,,,,,,,,
152.75,12818,0,1,0,0,0.0002,-0.0002,0.0205,0.0268,0.0338,0.0268,-0.0159,212.47,0,0,0,0,0,0,0,0,,,,,,,,,,,
153.88,12827,0,1,0,0,0.0002,-0.0002,0.0193,0.0252,0.0317,0.0252,-0.015,209.4,0,0,0,0,0,0,0,0,,,,,,,,,,,
155,12836,0,1,0.22,0.0302,0.0001,0.03,0.018,0.0235,0.0297,0.0235,-0.0141,206.53,0,0,0,0,0,0,0,0,,,,,,,,,,,
156.22,12845,1,1,0.78,0.0864,0.0001,0.0863,0.0168,0.0219,0.0277,0.0219,-0.0132,203.74,0,0,0,0,0,0,0,0,,,,,,,,,,,
157.22,12854,0,1,0.22,0.0237,0.0001,0.0236,0.0155,0.0203,0.0256,0.0203,-0.0123,200.92,0,0,0,0,0,0,0,0,,,,,,,,,,,
158.18,12863,1,1,1,0.0909,0.0001,0.0908,0.0143,0.0187,0.0236,0.0187,-0.0114,197.96,0,0,0,0,0,0,0,0,,,,,,,,,,,
159,12872,1,1,1,0.0833,0.0001,0.0832,0.0131,0.0171,0.0217,0.0171,-0.0106,194.77,0,0,0,0,0,0,0,0,,,,,,,,,,,
159.75,12881,2,1,1.67,0.1389,0.0001,0.1388,0.0119,0.0156,0.0198,0.0156,-0.0097,191.27,0,0,0,0,0,0,0,0,,,,,,,,,,,
160.5,12890,1,1,1.33,0.1111,0.0001,0.111,0.0108,0.0142,0.018,0.0142,-0.009,187.43,0,0,0,0,0,1,6.4838,0,,,,,,,,,,,
161.25,12899,0,1,0,0,0.0001,-0.0001,0.0097,0.0128,0.0163,0.0128,-0.0082,183.27,0,0,0,0,0,0,0,0,,,,,,,,,,,
162,12908,0,1,0,0,0.0001,-0.0001,0.0087,0.0115,0.0147,0.0115,-0.0075,178.8,0,0,0,0,0,0,0,0,,,,,,,,,,,
162.69,12917,0,1,0,0,0.0001,-0.0001,0.0078,0.0103,0.0131,0.0103,-0.0069,174.07,0,0,0,0,0,0,0,0,,,,,,,,,,,
163.26,12926,0,1,0,0,0.0001,-0.0001,0.0069,0.0092,0.0117,0.0092,-0.0063,169.1,0,0,0,0,0,0,0,0,,,,,,,,,,,
163.74,12935,0,1,0,0,0.0001,-0.0001,0.0061,0.0082,0.0104,0.0082,-0.0057,163.94,0,0,0,0,0,0,0,0,,,,,,,,,,,
164.18,12944,0,1,0,0,0.0001,-0.0001,0.0054,0.0072,0.0092,0.0072,-0.0052,158.61,0,0,0,0,0,0,0,0,,,,,,,,,,,
164.59,12953,0,1,0,0,0.0001,-0.0001,0.0047,0.0063,0.0082,0.0063,-0.0048,153.17,0,0,0,0,0,0,0,0,,,,,,,,,,,
165,12962,0,1,0,0,0.0001,-0.0001,0.0041,0.0056,0.0072,0.0056,-0.0044,147.64,0,0,0,0,0,0,0,0,,,,,,,,,,,
165.43,12971,0,1,0,0,0.0001,-0.0001,0.0036,0.0049,0.0063,0.0049,-0.004,142.05,0,0,0,0,0,0,0,0,,,,,,,,,,,
165.86,12980,0,1,0,0,0.0001,-0.0001,0.0031,0.0043,0.0056,0.0043,-0.0037,136.41,0,0,0,0,0,0,0,0,,,,,,,,,,,
166.29,12989,0,1,0,0,0.0001,-0.0001,0.0027,0.0038,0.005,0.0038,-0.0035,130.69,0,0,0,0,0,0,0,0,,,,,,,,,,,
166.71,12998,0,1,0.33,0.0159,0.0001,0.0158,0.0024,0.0034,0.0045,0.0034,-0.0033,124.88,0,0,0,0,0,0,0,0,,,,,,,,,,,
167.14,13007,1,1,1,0.0476,0.0001,0.0475,0.0022,0.0031,0.0041,0.0031,-0.0032,118.96,0,0,0,0,0,0,0,0,,,,,,,,,,,
167.57,13016,1,1,1,0.0476,0.0001,0.0475,0.002,0.0029,0.0039,0.0029,-0.0031,112.97,0,0,0,0,0,1,1.1151,0,,,,,,,,,,,
168,13025,0,1,0,0,0.0001,-0.0001,0.0019,0.0028,0.0037,0.0028,-0.0031,106.98,0,0,0,0,0,0,0,0,,,,,,,,,,,
168.22,13034,0,1,0,0,0.0002,-0.0002,0.0019,0.0027,0.0037,0.0027,-0.0031,101.08,0,0,0,0,0,0,0,0,,,,,,,,,,,
168.44,13043,0,1,0,0,0.0002,-0.0002,0.0019,0.0027,0.0037,0.0027,-0.0031,95.36,0,0,0,0,0,0,0,0,,,,,,,,,,,
168.66,13052,0,1,0,0,0.0002,-0.0002,0.0019,0.0028,0.0038,0.0028,-0.0032,89.9,0,0,0,0,0,0,0,0,,,,,,,,,,,
168.88,13061,0,1,0,0,0.0002,-0.0002,0.002,0.0029,0.0039,0.0029,-0.0033,84.78,0,0,0,0,0,0,0,0,,,,,,,,,,,
169.1,13070,0,1,0,0,0.0002,-0.0002,0.0021,0.003,0.0041,0.003,-0.0033,80.05,0,0,0,0,0,0,0,0,,,,,,,,,,,
169.33,13079,0,1,0,0,0.0003,-0.0003,0.0022,0.0032,0.0042,0.0032,-0.0035,75.77,0,0,0,0,0,0,0,0,,,,,,,,,,,
169.55,13088,0,1,0,0,0.0003,-0.0003,0.0023,0.0033,0.0044,0.0033,-0.0036,71.94,0,0,0,0,0,0,0,0,,,,,,,,,,,
169.78,13097,0,1,0,0,0.0004,-0.0004,0.0024,0.0035,0.0046,0.0035,-0.0037,68.55,0.01,0,0,0,0,0,0,0,,,,,,,,,,,
170,13106,1,1,1,0.025,0.0004,0.0246,0.0025,0.0036,0.0048,0.0036,-0.0038,65.53,0.01,0,0,0,0,0,0,0,,,,,,,,,,,
170.23,13115,1,1,1,0.025,0.0005,0.0245,0.0027,0.0038,0.0051,0.0038,-0.0039,62.83,0.01,0,0,0,0,0,0,0,,,,,,,,,,,
170.45,13124,1,1,1,0.025,0.0006,0.0244,0.0028,0.004,0.0053,0.004,-0.0041,60.38,0.01,0,0,0,0,0,0,0,,,,,,,,,,,
170.68,13133,1,1,1,0.025,0.0006,0.0244,0.003,0.0042,0.0056,0.0042,-0.0042,58.12,0.01,0,0,0,0,0,0,0,,,,,,,,,,,
170.9,13142,0,1,0.44,0.0114,0.0007,0.0108,0.0031,0.0044,0.0058,0.0044,-0.0043,56.01,0.01,0,0,0,0,1,1.1531,0,,,,,,,,,,,
171.13,13151,0,1,0,0,0.0007,-0.0007,0.0033,0.0046,0.0061,0.0046,-0.0045,54.02,0.01,0,0,0,0,0,0,0,,,,,,,,,,,
171.37,13160,0,1,0,0,0.0007,-0.0007,0.0035,0.0049,0.0064,0.0049,-0.0047,52.14,0.02,0,0,0,0,0,0,0,,,,,,,,,,,
171.61,13169,0,1,0,0,0.0008,-0.0008,0.0037,0.0051,0.0068,0.0051,-0.0048,50.35,0.02,0,0,0,0,0,0,0,,,,,,,,,,,
171.84,13178,0,1,0,0,0.0009,-0.0009,0.0039,0.0054,0.0071,0.0054,-0.005,48.65,0.03,0,0,0,0,0,0,0,,,,,,,,,,,
172.08,13187,0,1,0,0,0.0009,-0.0009,0.0041,0.0057,0.0074,0.0057,-0.0052,47.02,0.04,0,0,0,0,0,0,0,,,,,,,,,,,
172.31,13196,0,1,0,0,0.001,-0.001,0.0043,0.0059,0.0078,0.0059,-0.0053,45.46,0,0,0,0,0,0,0,0,,,,,,,,,,,
172.54,13205,0,1,0,0,0.001,-0.001,0.0045,0.0062,0.0081,0.0062,-0.0055,43.98,0.04,0,0,0,0,0,0,0,,,,,,,,,,,
172.77,13214,0,1,0,0,0.0011,-0.0011,0.0047,0.0064,0.0084,0.0064,-0.0057,42.56,0,0,0,0,0,0,0,0,,,,,,,,,,,
173,13223,0,1,0,0,0.0012,-0.0012,0.0049,0.0067,0.0088,0.0067,-0.0058,41.21,0,0,0,0,0,0,0,0,,,,,,,,,,,
173.12,13232,0,1,0,0,0.0012,-0.0012,0.005,0.0069,0.0091,0.0069,-0.006,39.92,0,0,0,0,0,0,0,0,,,,,,,,,,,
173.24,13241,0,1,0,0,0.0013,-0.0013,0.0052,0.0072,0.0094,0.0072,-0.0061,38.69,0,0,0,0,0,0,0,0,,,,,,,,,,,
173.36,13250,0,1,0,0,0.0013,-0.0013,0.0054,0.0074,0.0096,0.0074,-0.0063,37.53,0.04,0,0,0,0,0,0,0,,,,,,,,,,,
173.47,13259,0,1,0,0,0.0014,-0.0014,0.0055,0.0076,0.0099,0.0076,-0.0064,36.43,0.06,0,0,0,0,0,0,0,,,,,,,,,,,
173.59,13268,0,1,0,0,0.0014,-0.0014,0.0057,0.0078,0.0101,0.0078,-0.0065,35.4,0.08,0,0,0,0,0,0,0,,,,,,,,,,,
173.71,13277,0,1,0,0,0.0015,-0.0015,0.0058,0.0079,0.0103,0.0079,-0.0066,34.43,0.1,0,0,0,0,0,0,0,,,,,,,,,,,
173.83,13286,0,1,0,0,0.0015,-0.0015,0.0059,0.008,0.0105,0.008,-0.0067,33.52,0.13,0,0,0,0,0,0,0,,,,,,,,,,,
173.95,13295,0,1,0,0,0.0016,-0.0016,0.006,0.0081,0.0106,0.0081,-0.0067,32.67,0.17,0,0,0,0,0,0,0,,,,,,,,,,,
174.07,13304,0,1,0,0,0.0016,-0.0016,0.006,0.0082,0.0107,0.0082,-0.0068,31.89,0.22,0,0,0,0,0,0,0,,,,,,,,,,,
174.19,13313,0,1,0,0,0.0016,-0.0016,0.0061,0.0083,0.0108,0.0083,-0.0068,31.17,0.29,0,0,0,0,0,0,0,,,,,,,,,,,
174.32,13322,0,1,0,0,0.0017,-0.0017,0.0061,0.0083,0.0108,0.0083,-0.0069,30.51,0.37,0,0,0,0,0,0,0,,,,,,,,,,,
174.44,13331,0,1,0,0,0.0017,-0.0017,0.0061,0.0083,0.0108,0.0083,-0.0069,29.91,0.47,0,0,0,0,0,0,0,,,,,,,,,,,
174.56,13340,0,1,0,0,0.0017,-0.0017,0.0061,0.0083,0.0108,0.0083,-0.0069,29.36,0.58,0,0,0,0,0,0,0,,,,,,,,,,,
174.68,13349,0,1,0,0,0.0017,-0.0017,0.0061,0.0083,0.0108,0.0083,-0.0069,28.86,0.61,0,0,0,0,0,0,0,,,,,,,,,,,
174.81,13358,0,1,0,0,0.0017,-0.0017,0.006,0.0083,0.0107,0.0083,-0.0068,28.41,0.6,0,0,0,0,0,0,0,,,,,,,,,,,
174.93,13367,0,1,0.44,0.006,0.0017,0.0043,0.006,0.0082,0.0107,0.0082,-0.0068,27.99,0.59,0,0,0,0,0,0,0,,,,,,,,,,,
175.05,13376,1,1,1,0.0132,0.0017,0.0115,0.006,0.0082,0.0107,0.0082,-0.0068,27.6,0,0,0,0,0,0,0,0,,,,,,,,,,,
175.17,13385,1,1,1,0.0132,0.0016,0.0115,0.006,0.0082,0.0106,0.0082,-0.0068,27.23,0,0,0,0,0,0,0,0,,,,,,,,,,,
175.29,13394,1,1,1,0.0132,0.0016,0.0115,0.006,0.0082,0.0106,0.0082,-0.0068,26.88,0,0,0,0,0,0,0,0,,,,,,,,,,,
175.41,13403,1,1,1,0.0132,0.0016,0.0115,0.006,0.0082,0.0106,0.0082,-0.0068,26.55,0,0,0,0,0,0,0,0,,,,,,,,,,,
175.53,13412,1,1,1,0.0132,0.0016,0.0116,0.006,0.0082,0.0106,0.0082,-0.0068,26.24,0,0,0,0,0,0,0,0,,,,,,,,,,,
175.64,13421,1,1,1,0.0132,0.0016,0.0115,0.006,0.0082,0.0107,0.0082,-0.0068,25.94,0,0,0,0,0,0,0,0,,,,,,,,,,,
175.76,13430,1,1,1,0.0132,0.0016,0.0116,0.006,0.0082,0.0107,0.0082,-0.0068,25.66,0,0,0,0,0,0,0,0,,,,,,,,,,,
175.88,13439,1,1,1,0.0132,0.0016,0.0116,0.0061,0.0083,0.0108,0.0083,-0.0068,25.4,0,0,0,0,0,1,0.4276,0,,,,,,,,,,,
176,13448,0,1,0,0,0.0016,-0.0016,0.0061,0.0084,0.0108,0.0084,-0.0068,25.17,0,0,0,0,0,0,0,0,,,,,,,,,,,
176.13,13457,0,1,0,0,0.0016,-0.0016,0.0062,0.0084,0.0109,0.0084,-0.0068,24.97,0.58,0,0,0,0,0,0,0,,,,,,,,,,,
176.26,13466,0,1,0,0,0.0016,-0.0016,0.0062,0.0085,0.011,0.0085,-0.0068,24.79,0.58,0,0,0,0,0,0,0,,,,,,,,,,,
176.4,13475,0,1,0,0,0.0015,-0.0015,0.0063,0.0086,0.0111,0.0086,-0.0068,24.65,0.58,0,0,0,0,0,0,0,,,,,,,,,,,
176.53,13484,0,1,0,0,0.0015,-0.0015,0.0064,0.0086,0.0112,0.0086,-0.0069,24.53,0.58,0,0,0,0,0,0,0,,,,,,,,,,,
176.66,13493,0,1,0,0,0.0015,-0.0015,0.0064,0.0087,0.0113,0.0087,-0.0069,24.44,0.57,0,0,0,0,0,0,0,,,,,,,,,,,
176.79,13502,0,1,0,0,0.0014,-0.0014,0.0065,0.0088,0.0114,0.0088,-0.0069,24.36,0.57,0,0,0,0,0,0,0,,,,,,,,,,,
176.93,13511,1,1,0.89,0.0125,0.0014,0.0111,0.0066,0.0089,0.0115,0.0089,-0.0069,24.29,0.53,0,0,0,0,0,0,0,,,,,,,,,,,
177.05,13520,2,1,2,0.0263,0.0013,0.025,0.0066,0.009,0.0116,0.009,-0.0069,24.23,0.5,0,0,0,0,0,0,0,,,,,,,,,,,
177.17,13529,2,1,2,0.0263,0.0013,0.025,0.0067,0.0091,0.0117,0.0091,-0.007,24.18,0.47,0,0,0,0,0,0,0,,,,,,,,,,,
177.29,13538,2,1,2,0.0263,0.0013,0.025,0.0068,0.0092,0.0118,0.0092,-0.007,24.12,0.45,0,0,0,0,0,0,0,,,,,,,,,,,
177.41,13547,2,1,2,0.0263,0.0013,0.0251,0.0069,0.0093,0.012,0.0093,-0.0071,24.06,0.44,0,0,0,0,0,0,0,,,,,,,,,,,
177.53,13556,2,1,2,0.0263,0.0013,0.0251,0.007,0.0094,0.0122,0.0094,-0.0071,24.02,0.43,0,0,0,0,0,0,0,,,,,,,,,,,
177.64,13565,2,1,2,0.0263,0.0013,0.0251,0.0071,0.0096,0.0123,0.0096,-0.0072,23.99,0.41,0,0,0,0,0,0,0,,,,,,,,,,,
177.76,13574,2,1,2,0.0263,0.0013,0.025,0.0072,0.0097,0.0125,0.0097,-0.0072,23.98,0.34,0,0,0,0,0,0,0,,,,,,,,,,,
177.88,13583,2,1,2,0.0263,0.0012,0.0251,0.0073,0.0098,0.0126,0.0098,-0.0073,24,0.32,0,0,0,0,1,2.1675,0,,,,,,,,,,,
178,13592,0,1,0,0,0.0012,-0.0012,0.0074,0.0099,0.0127,0.0099,-0.0073,24.05,0.27,0,0,0,0,0,0,0,,,,,,,,,,,
178.06,13601,0,1,0,0,0.0012,-0.0012,0.0074,0.01,0.0128,0.01,-0.0073,24.14,0.22,0,0,0,0,0,0,0,,,,,,,,,,,
178.12,13610,0,1,0,0,0.0012,-0.0012,0.0075,0.01,0.0129,0.01,-0.0073,24.27,0.17,0,0,0,0,0,0,0,,,,,,,,,,,
178.18,13619,0,1,0,0,0.0011,-0.0011,0.0075,0.0101,0.0129,0.0101,-0.0073,24.44,0.13,0,0,0,0,0,0,0,,,,,,,,,,,
178.24,13628,0,1,0,0,0.0011,-0.0011,0.0075,0.0101,0.0129,0.0101,-0.0073,24.63,0.14,0,0,0,0,0,0,0,,,,,,,,,,,
178.3,13637,0,1,0,0,0.001,-0.001,0.0075,0.0101,0.013,0.0101,-0.0073,24.86,0.19,0,0,0,0,0,0,0,,,,,,,,,,,
178.36,13646,0,1,0,0,0.001,-0.001,0.0075,0.0101,0.0129,0.0101,-0.0073,25.11,0.26,0,0,0,0,0,0,0,,,,,,,,,,,
178.43,13655,0,1,0,0,0.0009,-0.0009,0.0075,0.0101,0.0129,0.0101,-0.0073,25.38,0,0,0,0,0,0,0,0,,,,,,,,,,,
178.49,13664,0,1,0,0,0.0008,-0.0008,0.0075,0.0101,0.0129,0.0101,-0.0072,25.66,0,0,0,0,0,0,0,0,,,,,,,,,,,
178.55,13673,0,1,0,0,0.0008,-0.0008,0.0075,0.0101,0.0129,0.0101,-0.0072,25.94,0,0,0,0,0,0,0,0,,,,,,,,,,,
178.61,13682,0,1,0,0,0.0007,-0.0007,0.0075,0.0101,0.0129,0.0101,-0.0072,26.2,0,0,0,0,0,0,0,0,,,,,,,,,,,
178.67,13691,0,1,0,0,0.0007,-0.0007,0.0076,0.0101,0.0129,0.0101,-0.0072,26.45,0,0,0,0,0,0,0,0,,,,,,,,,,,
178.73,13700,0,1,0,0,0.0006,-0.0006,0.0076,0.0101,0.013,0.0101,-0.0072,26.68,0,0,0,0,0,0,0,0,,,,,,,,,,,
178.79,13709,0,1,0,0,0.0005,-0.0005,0.0076,0.0102,0.013,0.0102,-0.0072,26.88,0,0,0,0,0,0,0,0,,,,,,,,,,,
178.85,13718,0,1,0,0,0.0005,-0.0005,0.0077,0.0102,0.0131,0.0102,-0.0072,27.07,0.73,0,0,0,0,0,0,0,,,,,,,,,,,
178.91,13727,0,1,0,0,0.0004,-0.0004,0.0077,0.0103,0.0131,0.0103,-0.0073,27.23,0.73,0,0,0,0,0,0,0,,,,,,,,,,,
178.97,13736,0,1,0,0,0.0004,-0.0004,0.0077,0.0103,0.0132,0.0103,-0.0073,27.38,0.73,0,0,0,0,0,0,0,,,,,,,,,,,
179.04,13745,0,1,0,0,0.0003,-0.0003,0.0078,0.0104,0.0133,0.0104,-0.0073,27.52,0.73,0,0,0,0,0,0,0,,,,,,,,,,,
179.1,13754,0,1,0,0,0.0003,-0.0003,0.0078,0.0104,0.0133,0.0104,-0.0073,27.65,0.73,0,0,0,0,0,0,0,,,,,,,,,,,
179.17,13763,0,1,0,0,0.0003,-0.0003,0.0078,0.0104,0.0134,0.0104,-0.0073,27.79,0.72,0,0,0,0,0,0,0,,,,,,,,,,,
179.23,13772,0,1,0,0,0.0002,-0.0002,0.0079,0.0105,0.0134,0.0105,-0.0073,27.92,0.71,0,0,0,0,0,0,0,,,,,,,,,,,
179.29,13781,0,1,0,0,0.0002,-0.0002,0.0079,0.0105,0.0134,0.0105,-0.0073,28.07,0.71,0,0,0,0,0,0,0,,,,,,,,,,,
179.36,13790,0,1,0,0,0.0002,-0.0002,0.0078,0.0104,0.0133,0.0104,-0.0073,28.23,0.7,0,0,0,0,0,0,0,,,,,,,,,,,
179.42,13799,0,1,0,0,0.0002,-0.0002,0.0078,0.0104,0.0133,0.0104,-0.0073,28.41,0,0,0,0,0,0,0,0,,,,,,,,,,,
179.49,13808,0,1,0,0,0.0001,-0.0001,0.0077,0.0103,0.0132,0.0103,-0.0073,28.59,0,0,0,0,0,0,0,0,,,,,,,,,,,
179.55,13817,0,1,0,0,0.0001,-0.0001,0.0077,0.0102,0.0131,0.0102,-0.0072,28.78,0,0,0,0,0,0,0,0,,,,,,,,,,,
179.62,13826,0,1,0,0,0.0001,-0.0001,0.0076,0.0101,0.0129,0.0101,-0.0071,28.98,0,0,0,0,0,0,0,0,,,,,,,,,,,
179.68,13835,0,1,0,0,0.0001,-0.0001,0.0074,0.0099,0.0127,0.0099,-0.0071,29.19,0,0,0,0,0,0,0,0,,,,,,,,,,,
179.75,13844,0,1,0,0,0.0001,-0.0001,0.0073,0.0098,0.0125,0.0098,-0.007,29.39,0,0,0,0,0,0,0,0,,,,,,,,,,,
179.81,13853,0,1,0,0,0.0001,-0.0001,0.0072,0.0096,0.0123,0.0096,-0.0069,29.6,0,0,0,0,0,0,0,0,,,,,,,,,,,
179.88,13862,0,1,0,0,0.0001,-0.0001,0.0071,0.0094,0.0121,0.0094,-0.0068,29.79,0.53,0,0,0,0,0,0,0,,,,,,,,,,,
179.94,13871,0,1,0.33,0.0024,0.0001,0.0023,0.0069,0.0093,0.0119,0.0093,-0.0067,29.96,0.51,0,0,0,0,0,0,0,,,,,,,,,,,
180.01,13880,3,1,3,0.024,0.0001,0.0239,0.0068,0.0091,0.0117,0.0091,-0.0066,30.12,0.02,0,0,0,0,0,0,0,,,,,,,,,,,
180.08,13889,3,1,3,0.024,0.0002,0.0238,0.0066,0.0089,0.0114,0.0089,-0.0066,30.26,0.02,0,0,0,0,0,0,0,,,,,,,,,,,
180.15,13898,3,1,3,0.024,0.0002,0.0238,0.0065,0.0087,0.0112,0.0087,-0.0065,30.37,0.02,0,0,0,0,0,0,0,,,,,,,,,,,
180.22,13907,3,1,3,0.024,0.0002,0.0238,0.0064,0.0086,0.011,0.0086,-0.0064,30.46,0.51,0,0,0,0,0,0,0,,,,,,,,,,,
180.3,13916,3,1,3,0.024,0.0002,0.0238,0.0063,0.0084,0.0109,0.0084,-0.0064,30.52,0.51,0,0,0,0,0,0,0,,,,,,,,,,,
180.37,13925,3,1,3,0.024,0.0003,0.0237,0.0062,0.0083,0.0107,0.0083,-0.0063,30.55,0.51,0,0,0,0,0,0,0,,,,,,,,,,,
180.44,13934,3,1,3,0.024,0.0003,0.0237,0.0061,0.0082,0.0105,0.0082,-0.0063,30.57,0.51,0,0,0,0,0,0,0,,,,,,,,,,,
180.51,13943,3,1,3,0.024,0.0004,0.0236,0.006,0.0081,0.0104,0.0081,-0.0062,30.56,0.51,0,0,0,0,0,0,0,,,,,,,,,,,
180.58,13952,3,1,3,0.024,0.0004,0.0236,0.0059,0.0079,0.0103,0.0079,-0.0062,30.53,0.56,0,0,0,0,0,0,0,,,,,,,,,,,
180.66,13961,3,1,3,0.024,0.0004,0.0236,0.0058,0.0079,0.0101,0.0079,-0.0061,30.48,0.57,0,0,0,0,0,0,0,,,,,,,,,,,
180.73,13970,3,1,3,0.024,0.0004,0.0236,0.0057,0.0078,0.01,0.0078,-0.0061,30.42,0.57,0,0,0,0,0,0,0,,,,,,,,,,,
180.8,13979,3,1,3,0.024,0.0005,0.0235,0.0057,0.0077,0.01,0.0077,-0.0061,30.34,0,0,0,0,0,0,0,0,,,,,,,,,,,
180.87,13988,3,1,3,0.024,0.0005,0.0235,0.0056,0.0076,0.0099,0.0076,-0.0061,30.24,0,0,0,0,0,0,0,0,,,,,,,,,,,
180.94,13997,2,1,2.33,0.0189,0.0005,0.0183,0.0056,0.0076,0.0098,0.0076,-0.006,30.14,0.62,0,0,0,0,1,4.6545,0,,,,,,,,,,,
181.02,14006,0,1,0,0,0.0006,-0.0006,0.0055,0.0075,0.0097,0.0075,-0.006,30.03,0.63,0,0,0,0,0,0,0,,,,,,,,,,,
181.09,14015,0,1,0,0,0.0006,-0.0006,0.0055,0.0074,0.0096,0.0074,-0.006,29.92,0.62,0,0,0,0,0,0,0,,,,,,,,,,,
181.17,14024,0,1,0,0,0.0007,-0.0007,0.0054,0.0073,0.0095,0.0073,-0.0059,29.81,0.61,0,0,0,0,0,0,0,,,,,,,,,,,
181.24,14033,0,1,0,0,0.0007,-0.0007,0.0053,0.0073,0.0094,0.0073,-0.0059,29.71,0.59,0,0,0,0,0,0,0,,,,,,,,,,,
181.32,14042,0,1,0,0,0.0008,-0.0008,0.0052,0.0072,0.0093,0.0072,-0.0058,29.61,0.52,0,0,0,0,0,0,0,,,,,,,,,,,
181.39,14051,0,1,0,0,0.0008,-0.0008,0.0052,0.007,0.0091,0.007,-0.0058,29.52,0.43,0,0,0,0,0,0,0,,,,,,,,,,,
181.47,14060,0,1,0,0,0.0009,-0.0009,0.0051,0.0069,0.009,0.0069,-0.0057,29.43,0.34,0,0,0,0,0,0,0,,,,,,,,,,,
181.55,14069,0,1,0,0,0.0009,-0.0009,0.0049,0.0068,0.0088,0.0068,-0.0056,29.33,0.27,0,0,0,0,0,0,0,,,,,,,,,,,
181.62,14078,0,1,0,0,0.0009,-0.0009,0.0048,0.0066,0.0086,0.0066,-0.0056,29.23,0.2,0,0,0,0,0,0,0,,,,,,,,,,,
181.7,14087,0,1,0,0,0.001,-0.001,0.0047,0.0065,0.0084,0.0065,-0.0055,29.12,0.15,0,0,0,0,0,0,0,,,,,,,,,,,
181.77,14096,0,1,0,0,0.001,-0.001,0.0046,0.0063,0.0082,0.0063,-0.0054,28.98,0.15,0,0,0,0,0,0,0,,,,,,,,,,,
181.85,14105,0,1,0,0,0.001,-0.001,0.0045,0.0062,0.0081,0.0062,-0.0053,28.82,0.16,0,0,0,0,0,0,0,,,,,,,,,,,
181.92,14114,0,1,0,0,0.0011,-0.0011,0.0044,0.006,0.0079,0.006,-0.0053,28.63,0.18,0,0,0,0,0,0,0,,,,,,,,,,,
182,14123,0,1,0,0,0.0011,-0.0011,0.0043,0.0059,0.0078,0.0059,-0.0052,28.42,0.19,0,0,0,0,0,0,0,,,,,,,,,,,
182.08,14132,0,1,0,0,0.0011,-0.0011,0.0042,0.0058,0.0076,0.0058,-0.0052,28.18,0.23,0,0,0,0,0,0,0,,,,,,,,,,,
182.16,14141,0,1,0,0,0.0012,-0.0012,0.0042,0.0058,0.0076,0.0058,-0.0051,27.92,0.29,0,0,0,0,0,0,0,,,,,,,,,,,
182.24,14150,0,1,0,0,0.0012,-0.0012,0.0041,0.0057,0.0075,0.0057,-0.0051,27.65,0,0,0,0,0,0,0,0,,,,,,,,,,,
182.32,14159,0,1,0,0,0.0012,-0.0012,0.0041,0.0057,0.0074,0.0057,-0.0051,27.38,0,0,0,0,0,0,0,0,,,,,,,,,,,
182.39,14168,0,1,0,0,0.0012,-0.0012,0.0041,0.0056,0.0074,0.0056,-0.0051,27.12,0,0,0,0,0,0,0,0,,,,,,,,,,,
182.47,14177,0,1,0,0,0.0013,-0.0013,0.004,0.0056,0.0073,0.0056,-0.005,26.88,0,0,0,0,0,0,0,0,,,,,,,,,,,
182.55,14186,0,1,0,0,0.0013,-0.0013,0.004,0.0056,0.0073,0.0056,-0.005,26.67,0,0,0,0,0,0,0,0,,,,,,,,,,,
182.63,14195,0,1,0,0,0.0013,-0.0013,0.004,0.0055,0.0073,0.0055,-0.005,26.5,0,0,0,0,0,0,0,0,,,,,,,,,,,
182.71,14204,0,1,0,0,0.0013,-0.0013,0.004,0.0055,0.0073,0.0055,-0.005,26.38,0,0,0,0,0,0,0,0,,,,,,,,,,,
182.79,14213,0,1,0,0,0.0013,-0.0013,0.004,0.0055,0.0072,0.0055,-0.005,26.31,0,0,0,0,0,0,0,0,,,,,,,,,,,
182.87,14222,0,1,0,0,0.0013,-0.0013,0.0039,0.0055,0.0072,0.0055,-0.005,26.28,0.56,0,0,0,0,0,0,0,,,,,,,,,,,
182.95,14231,0,1,0.33,0.0031,0.0013,0.0018,0.0039,0.0054,0.0072,0.0054,-0.005,26.32,0.53,0,0,0,0,0,0,0,,,,,,,,,,,
183.03,14240,1,1,1,0.0108,0.0013,0.0094,0.0039,0.0054,0.0071,0.0054,-0.005,26.41,0.51,0,0,0,0,0,0,0,,,,,,,,,,,
183.13,14249,1,1,1,0.0108,0.0013,0.0095,0.0039,0.0054,0.0071,0.0054,-0.0049,26.55,0.49,0,0,0,0,0,0,0,,,,,,,,,,,
183.23,14258,1,1,1,0.0108,0.0013,0.0095,0.0038,0.0053,0.007,0.0053,-0.0049,26.74,0.47,0,0,0,0,0,0,0,,,,,,,,,,,
183.32,14267,1,1,1,0.0108,0.0013,0.0095,0.0038,0.0053,0.0069,0.0053,-0.0049,26.98,0.45,0,0,0,0,0,0,0,,,,,,,,,,,
183.42,14276,1,1,1,0.0108,0.0013,0.0095,0.0037,0.0052,0.0069,0.0052,-0.0048,27.28,0.44,0,0,0,0,0,0,0,,,,,,,,,,,
183.52,14285,1,1,1,0.0108,0.0013,0.0095,0.0037,0.0052,0.0068,0.0052,-0.0048,27.62,0.43,0,0,0,0,0,0,0,,,,,,,,,,,
183.61,14294,1,1,1,0.0108,0.0013,0.0094,0.0037,0.0051,0.0067,0.0051,-0.0048,28.01,0.42,0,0,0,0,0,0,0,,,,,,,,,,,
183.71,14303,1,1,1,0.0108,0.0013,0.0094,0.0036,0.005,0.0066,0.005,-0.0047,28.45,0.41,0,0,0,0,0,0,0,,,,,,,,,,,
183.81,14312,1,1,1,0.0108,0.0014,0.0094,0.0035,0.005,0.0065,0.005,-0.0047,28.95,0.38,0,0,0,0,0,0,0,,,,,,,,,,,
183.9,14321,1,1,1,0.0108,0.0014,0.0093,0.0035,0.0049,0.0064,0.0049,-0.0046,29.5,0.32,0,0,0,0,1,0.7662,0,,,,,,,,,,,
184,14330,0,1,0,0,0.0014,-0.0014,0.0034,0.0048,0.0063,0.0048,-0.0046,30.12,0.27,0,0,0,0,0,0,0,,,,,,,,,,,
184.08,14339,0,1,0,0,0.0015,-0.0015,0.0033,0.0047,0.0062,0.0047,-0.0045,30.8,0.23,0,0,0,0,0,0,0,,,,,,,,,,,
184.16,14348,0,1,0,0,0.0015,-0.0015,0.0032,0.0045,0.006,0.0045,-0.0044,31.54,0.2,0,0,0,0,0,0,0,,,,,,,,,,,
184.24,14357,0,1,0,0,0.0015,-0.0015,0.0031,0.0044,0.0058,0.0044,-0.0043,32.36,0.17,0,0,0,0,0,0,0,,,,,,,,,,,
184.32,14366,0,1,0,0,0.0014,-0.0014,0.003,0.0042,0.0056,0.0042,-0.0042,33.24,0.12,0,0,0,0,0,0,0,,,,,,,,,,,
184.41,14375,0,1,0,0,0.0014,-0.0014,0.0029,0.0041,0.0054,0.0041,-0.0041,34.2,0.09,0,0,0,0,0,0,0,,,,,,,,,,,
184.49,14384,0,1,0,0,0.0014,-0.0014,0.0027,0.0039,0.0052,0.0039,-0.004,35.24,0.07,0,0,0,0,0,0,0,,,,,,,,,,,
184.57,14393,0,1,0,0,0.0014,-0.0014,0.0026,0.0037,0.005,0.0037,-0.0039,36.37,0.05,0,0,0,0,0,0,0,,,,,,,,,,,
184.65,14402,0,1,0,0,0.0013,-0.0013,0.0025,0.0035,0.0047,0.0035,-0.0038,37.58,0.04,0,0,0,0,0,0,0,,,,,,,,,,,
184.73,14411,0,1,0,0,0.0013,-0.0013,0.0023,0.0034,0.0045,0.0034,-0.0037,38.89,0.03,0,0,0,0,0,0,0,,,,,,,,,,,
184.81,14420,0,1,0,0,0.0013,-0.0013,0.0022,0.0032,0.0043,0.0032,-0.0036,40.3,0.09,0,0,0,0,0,0,0,,,,,,,,,,,
184.89,14429,0,1,0,0,0.0012,-0.0012,0.0021,0.003,0.0041,0.003,-0.0035,41.81,0,0,0,0,0,0,0,0,,,,,,,,,,,
184.97,14438,0,1,0,0,0.0011,-0.0011,0.0019,0.0029,0.0039,0.0029,-0.0034,43.44,0,0,0,0,0,0,0,0,,,,,,,,,,,
185.05,14447,0,1,0,0,0.0011,-0.0011,0.0018,0.0027,0.0037,0.0027,-0.0033,45.17,0,0,0,0,0,0,0,0,,,,,,,,,,,
185.13,14456,0,1,0,0,0.001,-0.001,0.0017,0.0026,0.0035,0.0026,-0.0032,47.04,0,0,0,0,0,0,0,0,,,,,,,,,,,
185.2,14465,0,1,0,0,0.0009,-0.0009,0.0016,0.0025,0.0034,0.0025,-0.0031,49.03,0.02,0,0,0,0,0,0,0,,,,,,,,,,,
185.28,14474,0,1,0,0,0.0009,-0.0009,0.0016,0.0024,0.0033,0.0024,-0.003,51.16,0.01,0,0,0,0,0,0,0,,,,,,,,,,,
185.36,14483,0,1,0,0,0.0008,-0.0008,0.0015,0.0023,0.0032,0.0023,-0.003,53.45,0.01,0,0,0,0,0,0,0,,,,,,,,,,,
185.43,14492,0,1,0,0,0.0007,-0.0007,0.0015,0.0022,0.0031,0.0022,-0.0029,55.91,0.01,0,0,0,0,0,0,0,,,,,,,,,,,
185.51,14501,0,1,0,0,0.0006,-0.0006,0.0015,0.0022,0.003,0.0022,-0.0029,58.56,0.01,0,0,0,0,0,0,0,,,,,,,,,,,
185.58,14510,0,1,0,0,0.0006,-0.0006,0.0014,0.0022,0.003,0.0022,-0.0028,61.43,0,0,0,0,0,0,0,0,,,,,,,,,,,
185.66,14519,0,1,0,0,0.0005,-0.0005,0.0014,0.0022,0.003,0.0022,-0.0028,64.55,0,0,0,0,0,0,0,0,,,,,,,,,,,
185.74,14528,0,1,0,0,0.0004,-0.0004,0.0014,0.0022,0.003,0.0022,-0.0028,67.95,0,0,0,0,0,0,0,0,,,,,,,,,,,
185.81,14537,0,1,0,0,0.0003,-0.0003,0.0014,0.0022,0.003,0.0022,-0.0028,71.69,0,0,0,0,0,0,0,0,,,,,,,,,,,
185.89,14546,0,1,0,0,0.0003,-0.0003,0.0014,0.0022,0.003,0.0022,-0.0028,75.8,0,0,0,0,0,0,0,0,,,,,,,,,,,
185.97,14555,0,1,0,0,0.0002,-0.0002,0.0014,0.0021,0.0029,0.0021,-0.0027,80.36,0,0,0,0,0,0,0,0,,,,,,,,,,,
186.05,14564,0,1,0,0,0.0002,-0.0002,0.0014,0.0021,0.0029,0.0021,-0.0027,85.44,0,0,0,0,0,0,0,0,,,,,,,,,,,
186.13,14573,0,1,0,0,0.0002,-0.0002,0.0014,0.0021,0.0029,0.0021,-0.0027,91.12,0,0,0,0,0,0,0,0,,,,,,,,,,,
186.21,14582,0,1,0,0,0.0002,-0.0002,0.0014,0.0021,0.0029,0.0021,-0.0026,97.52,0,0,0,0,0,0,0,0,,,,,,,,,,,
186.29,14591,0,1,0,0,0.0002,-0.0002,0.0014,0.0021,0.0028,0.0021,-0.0026,104.75,0,0,0,0,0,0,0,0,,,,,,,,,,,
186.37,14600,0,1,0,0,0.0001,-0.0001,0.0014,0.002,0.0028,0.002,-0.0025,112.93,0,0,0,0,0,0,0,0,,,,,,,,,,,
186.45,14609,0,1,0,0,0.0001,-0.0001,0.0013,0.002,0.0027,0.002,-0.0025,122.11,0,0,0,0,0,0,0,0,,,,,,,,,,,
186.54,14618,0,1,0,0,0.0001,-0.0001,0.0013,0.002,0.0027,0.002,-0.0025,132.23,0,0,0,0,0,0,0,0,,,,,,,,,,,
186.62,14627,0,1,0,0,0.0001,-0.0001,0.0013,0.002,0.0027,0.002,-0.0024,143.23,0,0,0,0,0,0,0,0,,,,,,,,,,,
186.7,14636,0,1,0,0,0.0001,-0.0001,0.0014,0.002,0.0028,0.002,-0.0024,154.96,0,0,0,0,0,0,0,0,,,,,,,,,,,
186.78,14645,0,1,0,0,0.0001,-0.0001,0.0015,0.0021,0.0029,0.0021,-0.0025,167.27,0,0,0,0,0,0,0,0,,,,,,,,,,,
186.86,14654,0,1,0,0,0.0001,-0.0001,0.0016,0.0023,0.0031,0.0023,-0.0026,179.98,0,0,0,0,0,0,0,0,,,,,,,,,,,
186.95,14663,0,1,0,0,0.0001,-0.0001,0.0018,0.0025,0.0034,0.0025,-0.0027,192.93,0,0,0,0,0,0,0,0,,,,,,,,,,,
187.03,14672,0,1,0,0,0,0,0.002,0.0029,0.0038,0.0029,-0.0029,205.92,0,0,0,0,0,0,0,0,,,,,,,,,,,
187.11,14681,0,1,0,0,0,0,0.0023,0.0033,0.0044,0.0033,-0.0032,218.79,0,0,0,0,0,0,0,0,,,,,,,,,,,
187.19,14690,0,1,0,0,0,0,0.0027,0.0038,0.005,0.0038,-0.0036,231.39,0,0,0,0,0,0,0,0,,,,,,,,,,,
187.28,14699,0,1,0,0,0,0,0.0032,0.0045,0.0059,0.0045,-0.004,243.57,0,0,0,0,0,0,0,0,,,,,,,,,,,
187.36,14708,0,1,0,0,0,0,0.0038,0.0052,0.0068,0.0052,-0.0045,255.21,0,0,0,0,0,0,0,0,,,,,,,,,,,
187.44,14717,0,1,0,0,0,0,0.0045,0.0061,0.008,0.0061,-0.0051,266.19,0,0,0,0,0,0,0,0,,,,,,,,,,,
187.52,14726,0,1,0,0,0,0,0.0052,0.0071,0.0093,0.0071,-0.0058,276.44,0,0,0,0,0,0,0,0,,,,,,,,,,,
187.61,14735,0,1,0,0,0,0,0.0061,0.0083,0.0107,0.0083,-0.0066,285.87,0,0,0,0,0,0,0,0,,,,,,,,,,,
187.69,14744,0,1,0,0,0,0,0.007,0.0095,0.0123,0.0095,-0.0075,294.45,0,0,0,0,0,0,0,0,,,,,,,,,,,
187.77,14753,0,1,0,0,0,0,0.008,0.0109,0.014,0.0109,-0.0084,302.13,0,0,0,0,0,0,0,0,,,,,,,,,,,
187.85,14762,0,1,0,0,0,0,0.0091,0.0123,0.0159,0.0123,-0.0094,308.9,0,0,0,0,0,0,0,0,,,,,,,,,,,
187.94,14771,1,1,0.89,0.012,0,0.0119,0.0103,0.0139,0.0179,0.0139,-0.0105,314.75,0,0,0,0,0,0,0,0,,,,,,,,,,,
188.06,14780,4,1,4,0.1143,0,0.1142,0.0116,0.0155,0.02,0.0155,-0.0117,319.7,0,0,0,0,0,0,0,0,,,,,,,,,,,
188.31,14789,4,1,4,0.1143,0,0.1142,0.0129,0.0173,0.0222,0.0173,-0.0129,323.82,0,0,0,0,0,0,0,0,,,,,,,,,,,
188.57,14798,4,1,4,0.1143,0,0.1142,0.0142,0.0191,0.0246,0.0191,-0.0141,327.36,0,0,0,0,0,0,0,0,,,,,,,,,,,
188.83,14807,3,1,2.67,0.0769,0,0.0769,0.0156,0.021,0.027,0.021,-0.0154,330.78,0,0,0,0,0,1,4.1605,0,,,,,,,,,,,
189.09,14816,0,1,0,0,0,0,0.0171,0.0229,0.0294,0.0229,-0.0168,334.65,0,0,0,0,0,0,0,0,,,,,,,,,,,
189.35,14825,0,1,0,0,0,0,0.0185,0.0248,0.0318,0.0248,-0.0181,339.58,0,0,0,0,0,0,0,0,,,,,,,,,,,
189.62,14834,0,1,0,0,0,0,0.0199,0.0267,0.0343,0.0267,-0.0194,346.21,0,0,0,0,0,0,0,0,,,,,,,,,,,
189.88,14843,0,1,0,0,0,0,0.0214,0.0286,0.0367,0.0286,-0.0208,355.13,0,0,0,0,0,0,0,0,,,,,,,,,,,
190.15,14852,0,1,0,0,0,0,0.0227,0.0304,0.0391,0.0304,-0.0221,366.88,0,0,0,0,0,0,0,0,,,,,,,,,,,
190.41,14861,0,1,0,0,0,0,0.0241,0.0322,0.0413,0.0322,-0.0233,381.93,0,0,0,0,0,0,0,0,,,,,,,,,,,
190.68,14870,0,1,0,0,0,0,0.0254,0.0339,0.0435,0.0339,-0.0245,400.47,0,0,0,0,0,0,0,0,,,,,,,,,,,
190.94,14879,0,1,0,0,0,0,0.0266,0.0356,0.0456,0.0356,-0.0256,422.45,0,0,0,0,0,0,0,0,,,,,,,,,,,
191.16,14888,0,1,0,0,0,0,0.0278,0.0371,0.0476,0.0371,-0.0267,447.64,0,0,0,0,0,0,0,0,,,,,,,,,,,
191.37,14897,0,1,0,0,0,0,0.0289,0.0386,0.0495,0.0386,-0.0278,475.65,0,0,0,0,0,0,0,0,,,,,,,,,,,
191.58,14906,0,1,0,0,0,0,0.03,0.04,0.0513,0.04,-0.0288,506,0,0,0,0,0,0,0,0,,,,,,,,,,,
191.79,14915,0,1,0,0,0,0,0.031,0.0414,0.0531,0.0414,-0.0297,538.15,0,0,0,0,0,0,0,0,,,,,,,,,,,
192,14924,2,1,2,0.0455,0,0.0454,0.032,0.0427,0.0548,0.0427,-0.0307,571.49,0,0,0,0,0,0,0,0,,,,,,,,,,,
192.2,14933,2,1,2,0.0455,0,0.0454,0.033,0.044,0.0565,0.044,-0.0316,605.41,0,0,0,0,0,0,0,0,,,,,,,,,,,
192.41,14942,2,1,2,0.0455,0,0.0454,0.0339,0.0453,0.0581,0.0453,-0.0325,639.37,0,0,0,0,0,1,0.0454,0,,,,,,,,,,,
192.61,14951,2,1,2,0.0455,0,0.0454,0.0349,0.0466,0.0597,0.0466,-0.0334,673.16,0,0,0,0,0,0,0,0,,,,,,,,,,,
192.82,14960,2,1,1.78,0.0417,0,0.0417,0.0358,0.0478,0.0613,0.0478,-0.0342,706.9,0,0,0,0,0,0,0,0,,,,,,,,,,,
193.03,14969,0,1,0,0,0,0,0.0367,0.049,0.0629,0.049,-0.0351,740.93,0,0,0,0,0,0,0,0,,,,,,,,,,,
193.29,14978,0,1,0,0,0,0,0.0376,0.0502,0.0644,0.0502,-0.036,775.74,0,0,0,0,0,0,0,0,,,,,,,,,,,
193.56,14987,0,1,0,0,0,0,0.0385,0.0514,0.0659,0.0514,-0.0368,811.83,0,0,0,0,0,0,0,0,,,,,,,,,,,
193.82,14996,0,1,0,0,0,0,0.0393,0.0525,0.0673,0.0525,-0.0376,849.45,0,0,0,0,0,0,0,0,,,,,,,,,,,
194.08,15005,0,1,0,0,0,0,0.0402,0.0536,0.0687,0.0536,-0.0384,888.58,0,0,0,0,0,0,0,0,,,,,,,,,,,
194.33,15014,0,1,0,0,0,0,0.0409,0.0547,0.0701,0.0547,-0.0391,928.99,0,0,0,0,0,0,0,0,,,,,,,,,,,
194.58,15023,0,1,0,0,0,0,0.0417,0.0557,0.0714,0.0557,-0.0399,970.33,0,0,0,0,0,0,0,0,,,,,,,,,,,
194.83,15032,0,1,0.33,0.023,0,0.023,0.0424,0.0567,0.0727,0.0567,-0.0406,1012.19,0,0,0,0,0,0,0,0,,,,,,,,,,,
195.45,15041,1,1,1,0.1515,0,0.1515,0.0431,0.0576,0.0739,0.0576,-0.0413,1054.07,0,0,0,0,0,0,0,0,,,,,,,,,,,
196.82,15050,1,1,1,0.1515,0,0.1515,0.0438,0.0585,0.075,0.0585,-0.0419,1095.81,0,0,0,0,0,0,0,0,,,,,,,,,,,
198.18,15059,1,1,1,0.1515,0,0.1515,0.0444,0.0594,0.0761,0.0594,-0.0426,1138.67,0,0,0,0,0,1,3.0687,0,,,,,,,,,,,
199.55,15068,0,1,0.33,0.023,0,0.023,0.045,0.0602,0.0771,0.0602,-0.0431,1185.2,0,0,0,0,0,0,0,0,,,,,,,,,,,
200.17,15077,0,1,0,0,0,0,0.0456,0.0609,0.0781,0.0609,-0.0437,1238.61,0,0,0,0,0,0,0,0,,,,,,,,,,,
200.42,15086,0,1,0,0,0,0,0.046,0.0615,0.0789,0.0615,-0.0442,1302.15,0,0,0,0,0,0,0,0,,,,,,,,,,,
200.67,15095,0,1,0,0,0,0,0.0464,0.0621,0.0796,0.0621,-0.0446,1378.56,0,0,0,0,0,0,0,0,,,,,,,,,,,
200.92,15104,0,1,0,0,0,0,0.0468,0.0625,0.0801,0.0625,-0.0449,1469.32,0,0,0,0,0,0,0,0,,,,,,,,,,,
201.18,15113,0,1,0,0,0,0,0.047,0.0628,0.0805,0.0628,-0.0452,1574.78,0,0,0,0,0,0,0,0,,,,,,,,,,,
201.45,15122,0,1,0,0,0,0,0.0471,0.063,0.0807,0.063,-0.0453,1694.41,0,0,0,0,0,0,0,0,,,,,,,,,,,
201.73,15131,0,1,0,0,0,0,0.0471,0.063,0.0808,0.063,-0.0454,1827.03,0,0,0,0,0,0,0,0,,,,,,,,,,,
202,15140,0,1,0,0,0,0,0.047,0.0628,0.0806,0.0628,-0.0453,1970.95,0,0,0,0,0,0,0,0,,,,,,,,,,,
202.32,15149,0,1,0,0,0,0,0.0468,0.0626,0.0803,0.0626,-0.0452,2124.2,0,0,0,0,0,0,0,0,,,,,,,,,,,
202.64,15158,0,1,0,0,0,0,0.0465,0.0621,0.0797,0.0621,-0.0449,2284.92,0,0,0,0,0,0,0,0,,,,,,,,,,,
202.96,15167,0,1,0,0,0,0,0.046,0.0616,0.079,0.0616,-0.0445,2451.38,0,0,0,0,0,0,0,0,,,,,,,,,,,
203.27,15176,0,1,0,0,0,0,0.0455,0.0609,0.0781,0.0609,-0.0441,2621.93,0,0,0,0,0,0,0,0,,,,,,,,,,,
203.57,15185,0,1,0,0,0,0,0.0448,0.06,0.077,0.06,-0.0435,2794.96,0,0,0,0,0,0,0,0,,,,,,,,,,,
203.87,15194,0,1,0,0,0,0,0.0441,0.059,0.0758,0.059,-0.0428,2968.86,0,0,0,0,0,0,0,0,,,,,,,,,,,
204.16,15203,0,1,0,0,0,0,0.0433,0.0579,0.0744,0.0579,-0.0421,3142.04,0,0,0,0,0,0,0,0,,,,,,,,,,,
204.45,15212,0,1,0,0,0,0,0.0424,0.0568,0.0729,0.0568,-0.0413,3312.98,0,0,0,0,0,0,0,0,,,,,,,,,,,
204.74,15221,0,1,0,0,0,0,0.0414,0.0555,0.0713,0.0555,-0.0405,3480.23,0,0,0,0,0,0,0,0,,,,,,,,,,,
205.03,15230,0,1,0,0,0,0,0.0405,0.0542,0.0696,0.0542,-0.0396,3642.43,0,0,0,0,0,0,0,0,,,,,,,,,,,
205.32,15239,0,1,0,0,0,0,0.0394,0.0528,0.0678,0.0528,-0.0386,3798.32,0,0,0,0,0,0,0,0,,,,,,,,,,,
205.61,15248,0,1,0,0,0,0,0.0384,0.0514,0.0661,0.0514,-0.0377,3946.78,0,0,0,0,0,0,0,0,,,,,,,,,,,
205.9,15257,0,1,0,0,0,0,0.0373,0.05,0.0643,0.05,-0.0367,4086.84,0,0,0,0,0,0,0,0,,,,,,,,,,,
206.19,15266,0,1,0,0,0,0,0.0363,0.0486,0.0625,0.0486,-0.0358,4217.74,0,0,0,0,0,0,0,0,,,,,,,,,,,
206.47,15275,0,1,0,0,0,0,0.0352,0.0473,0.0607,0.0473,-0.0348,4338.91,0,0,0,0,0,0,0,0,,,,,,,,,,,
206.75,15284,0,1,0,0,0,0,0.0342,0.0459,0.059,0.0459,-0.0339,4450.05,0,0,0,0,0,0,0,0,,,,,,,,,,,
207.03,15293,0,1,0,0,0,0,0.0332,0.0446,0.0573,0.0446,-0.0329,4550.97,0,0,0,0,0,0,0,0,,,,,,,,,,,
207.33,15302,0,1,0,0,0,0,0.0322,0.0432,0.0556,0.0432,-0.032,4641.52,0,0,0,0,0,0,0,0,,,,,,,,,,,
207.63,15311,0,1,0,0,0,0,0.0313,0.042,0.054,0.042,-0.0311,4721.67,0,0,0,0,0,0,0,0,,,,,,,,,,,
207.93,15320,0,1,0,0,0,0,0.0303,0.0407,0.0523,0.0407,-0.0302,4791.44,0,0,0,0,0,0,0,0,,,,,,,,,,,
208.25,15329,0,1,0,0,0,0,0.0294,0.0395,0.0508,0.0395,-0.0294,4850.97,0,0,0,0,0,0,0,0,,,,,,,,,,,
208.57,15338,0,1,0,0,0,0,0.0285,0.0383,0.0493,0.0383,-0.0285,4900.55,0,0,0,0,0,0,0,0,,,,,,,,,,,
208.89,15347,0,1,0,0,0,0,0.0277,0.0372,0.0478,0.0372,-0.0277,4940.68,0,0,0,0,0,0,0,0,,,,,,,,,,,
209.23,15356,0,1,0,0,0,0,0.0268,0.0361,0.0464,0.0361,-0.0269,4972.04,0,0,0,0,0,0,0,0,,,,,,,,,,,
209.58,15365,0,1,0,0,0,0,0.026,0.035,0.045,0.035,-0.0262,4995.47,0,0,0,0,0,0,0,0,,,,,,,,,,,
209.92,15374,0,1,0,0,0,0,0.0252,0.0339,0.0437,0.0339,-0.0254,5011.96,0,0,0,0,0,0,0,0,,,,,,,,,,,
210.23,15383,0,1,0,0,0,0,0.0245,0.0329,0.0423,0.0329,-0.0247,5022.65,0,0,0,0,0,0,0,0.01,,,,,,,,,,,
210.53,15392,0,1,0,0,0,0,0.0237,0.0319,0.041,0.0319,-0.0239,5028.7,0,0,0,0,0,0,0,0.01,,,,,,,,,,,
210.83,15401,0,1,0,0,0,0,0.0229,0.0308,0.0397,0.0308,-0.0232,5031,0,0,0,0,0,0,0,0.01,,,,,,,,,,,
211.14,15410,0,1,0,0,0,0,0.0222,0.0298,0.0384,0.0298,-0.0224,5030.03,0,0,0,0,0,0,0,0.01,,,,,,,,,,,
211.46,15419,0,1,0,0,0,0,0.0214,0.0288,0.037,0.0288,-0.0217,5025.81,0,0,0,0,0,0,0,0.02,,,,,,,,,,,
211.79,15428,0,1,0,0,0,0,0.0206,0.0277,0.0357,0.0277,-0.0209,5018.06,0,0,0,0,0,0,0,0.02,,,,,,,,,,,
212.12,15437,0,1,0,0,0,0,0.0198,0.0266,0.0343,0.0266,-0.0201,5006.23,0,0,0,0,0,0,0,0.03,,,,,,,,,,,
212.46,15446,0,1,0,0,0,0,0.0189,0.0255,0.0328,0.0255,-0.0193,4989.72,0,0,0,0,0,0,0,0.03,,,,,,,,,,,
212.81,15455,0,1,0,0,0,0,0.0181,0.0244,0.0314,0.0244,-0.0184,4967.82,0,0,0,0,0,0,0,0.04,,,,,,,,,,,
213.13,15464,0,1,0,0,0,0,0.0172,0.0232,0.0299,0.0232,-0.0176,4939.67,0,0,0,0,0,0,0,0.04,,,,,,,,,,,
213.41,15473,0,1,0,0,0,0,0.0164,0.0221,0.0285,0.0221,-0.0167,4904.23,0,0,0,0,0,0,0,0.05,,,,,,,,,,,
213.69,15482,0,1,0,0,0,0,0.0156,0.021,0.027,0.021,-0.0159,4860.46,0,0,0,0,0,0,0,0.06,,,,,,,,,,,
213.97,15491,0,1,0,0,0,0,0.0148,0.0199,0.0257,0.0199,-0.0151,4807.45,0,0,0,0,0,0,0,0.07,,,,,,,,,,,
214.29,15500,0,1,0,0,0,0,0.0141,0.019,0.0244,0.019,-0.0144,4744.34,0,0,0,0,0,0,0,0.08,,,,,,,,,,,
214.61,15509,0,1,0,0,0,0,0.0134,0.0181,0.0233,0.0181,-0.0137,4670.42,0,0,0,0,0,0,0,0.09,,,,,,,,,,,
214.93,15518,2,1,1.56,0.0607,0,0.0607,0.0129,0.0173,0.0224,0.0173,-0.0132,4585.14,0,0,0,0,0,0,0,0.1,,,,,,,,,,,
215.28,15527,2,1,2,0.08,0,0.08,0.0124,0.0167,0.0216,0.0167,-0.0127,4488.22,0,0,0,0,0,0,0,0.11,,,,,,,,,,,
215.64,15536,2,1,2,0.08,0,0.08,0.0121,0.0162,0.0209,0.0162,-0.0122,4379.72,0,0,0,0,0,1,1.8746,0.12,,,,,,,,,,,
216,15545,0,1,0,0,0,0,0.0118,0.0159,0.0205,0.0159,-0.0119,4260.13,0,0,0,0,0,0,0,0.13,,,,,,,,,,,
216.32,15554,0,1,0,0,0,0,0.0117,0.0157,0.0202,0.0157,-0.0117,4130.19,0,0,0,0,0,0,0,0.14,,,,,,,,,,,
216.64,15563,0,1,0,0,0,0,0.0116,0.0155,0.02,0.0155,-0.0115,3990.82,0,0,0,0,0,0,0,0.15,,,,,,,,,,,
216.96,15572,0,1,0,0,0,0,0.0116,0.0155,0.0199,0.0155,-0.0114,3843.13,0,0,0,0,0,0,0,0.16,,,,,,,,,,,
217.3,15581,0,1,0,0,0,0,0.0116,0.0156,0.02,0.0156,-0.0114,3688.36,0,0,0,0,0,0,0,0.18,,,,,,,,,,,
217.63,15590,0,1,0,0,0,0,0.0117,0.0157,0.0201,0.0157,-0.0114,3527.81,0,0,0,0,0,0,0,0.19,,,,,,,,,,,
217.96,15599,0,1,0,0,0,0,0.0119,0.0158,0.0203,0.0158,-0.0114,3362.86,0,0,0,0,0,0,0,0.2,,,,,,,,,,,
218.26,15608,0,1,0,0,0,0,0.012,0.0161,0.0206,0.0161,-0.0115,3194.88,0,0,0,0,0,0,0,0.22,,,,,,,,,,,
218.55,15617,0,1,0,0,0,0,0.0123,0.0164,0.0209,0.0164,-0.0116,3025.2,0,0,0,0,0,0,0,0.23,,,,,,,,,,,
218.84,15626,0,1,0.44,0.0153,0,0.0153,0.0125,0.0167,0.0214,0.0167,-0.0118,2855.08,0,0,0,0,0,0,0,0.25,,,,,,,,,,,
219.15,15635,1,1,1,0.037,0,0.037,0.0128,0.0171,0.0218,0.0171,-0.0119,2685.93,0,0,0,0,0,0,0,0.26,,,,,,,,,,,
219.48,15644,1,1,1,0.037,0,0.037,0.0132,0.0175,0.0224,0.0175,-0.0122,2519.38,0,0,0,0,0,0,0,0.28,,,,,,,,,,,
219.81,15653,1,1,0.56,0.0206,0,0.0206,0.0135,0.018,0.023,0.018,-0.0124,2357.35,0,0,0,0,0,1,0.4632,0.29,,,,,,,,,,,
220.15,15662,0,1,0,0,0,0,0.0139,0.0185,0.0236,0.0185,-0.0127,2202.02,0,0,0,0,0,0,0,0.31,,,,,,,,,,,
220.48,15671,0,1,0,0,0,0,0.0143,0.019,0.0242,0.019,-0.013,2055.75,0,0,0,0,0,0,0,0.32,,,,,,,,,,,
220.81,15680,0,1,0,0,0,0,0.0147,0.0195,0.0249,0.0195,-0.0133,1920.76,0,0,0,0,0,0,0,0.34,,,,,,,,,,,
221.15,15689,0,1,0,0,0,0,0.0151,0.02,0.0255,0.02,-0.0136,1798.87,0,0,0,0,0,0,0,0.35,,,,,,,,,,,
221.5,15698,0,1,0,0,0,0,0.0155,0.0205,0.0261,0.0205,-0.0139,1691.35,0,0,0,0,0,0,0,0.37,,,,,,,,,,,
221.85,15707,0,1,0,0,0,0,0.0158,0.0209,0.0267,0.0209,-0.0142,1598.67,0,0,0,0,0,0,0,0.38,,,,,,,,,,,
222.19,15716,0,1,0,0,0,0,0.0161,0.0214,0.0272,0.0214,-0.0144,1520.26,0,0,0,0,0,0,0,0.4,,,,,,,,,,,
222.52,15725,0,1,0,0,0,0,0.0164,0.0217,0.0277,0.0217,-0.0147,1454.23,0,0,0,0,0,0,0,0.41,,,,,,,,,,,
222.85,15734,0,1,0,0,0,0,0.0167,0.0221,0.0282,0.0221,-0.0149,1397.4,0,0,0,0,0,0,0,0.43,,,,,,,,,,,
223.22,15743,0,1,0,0,0,0,0.0169,0.0224,0.0286,0.0224,-0.0151,1346.66,0,0,0,0,0,0,0,0.45,,,,,,,,,,,
223.61,15752,0,1,0,0,0,0,0.0171,0.0227,0.0289,0.0227,-0.0152,1299.68,0,0,0,0,0,0,0,0.46,,,,,,,,,,,
224,15761,0,1,0,0,0,0,0.0173,0.023,0.0293,0.023,-0.0154,1255.08,0,0,0,0,0,0,0,0.48,,,,,,,,,,,
224.38,15770,0,1,0,0,0,0,0.0175,0.0232,0.0296,0.0232,-0.0156,1212.51,0,0,0,0,0,0,0,0.49,,,,,,,,,,,
224.75,15779,0,1,0,0,0,0,0.0177,0.0234,0.0298,0.0234,-0.0157,1172.45,0,0,0,0,0,0,0,0.51,,,,,,,,,,,
225.13,15788,0,1,0,0,0,0,0.0178,0.0236,0.0301,0.0236,-0.0158,1135.48,0,0,0,0,0,0,0,0.52,,,,,,,,,,,
225.52,15797,0,1,0,0,0,0,0.0179,0.0238,0.0303,0.0238,-0.016,1102.05,0,0,0,0,0,0,0,0.54,,,,,,,,,,,
225.91,15806,0,1,0,0,0,0,0.018,0.0239,0.0305,0.0239,-0.016,1072.5,0,0,0,0,0,0,0,0.55,,,,,,,,,,,
226.3,15815,0,1,0,0,0,0,0.0181,0.024,0.0306,0.024,-0.0161,1046.92,0,0,0,0,0,0,0,0.57,,,,,,,,,,,
226.7,15824,0,1,0,0,0,0,0.0182,0.0241,0.0307,0.0241,-0.0162,1025.13,0,0,0,0,0,0,0,0.59,,,,,,,,,,,
227.1,15833,0,1,0,0,0,0,0.0182,0.0241,0.0307,0.0241,-0.0162,1006.64,0,0,0,0,0,0,0,0.6,,,,,,,,,,,
227.52,15842,0,1,0,0,0,0,0.0182,0.0241,0.0308,0.0241,-0.0162,990.96,0,0,0,0,0,0,0,0.62,,,,,,,,,,,
227.95,15851,0,1,0,0,0,0,0.0182,0.0241,0.0307,0.0241,-0.0162,977.64,0,0,0,0,0,0,0,0.63,,,,,,,,,,,
228.33,15860,0,1,0,0,0,0,0.0182,0.0241,0.0307,0.0241,-0.0162,966.26,0,0,0,0,0,0,0,0.65,,,,,,,,,,,
228.71,15869,0,1,0,0,0,0,0.0181,0.024,0.0306,0.024,-0.0162,956.43,0,0,0,0,0,0,0,0.66,,,,,,,,,,,
229.08,15878,0,1,0,0,0,0,0.018,0.0239,0.0305,0.0239,-0.0161,947.79,0,0,0,0,0,0,0,0.68,,,,,,,,,,,
229.42,15887,0,1,0,0,0.0001,-0.0001,0.018,0.0238,0.0303,0.0238,-0.016,940.03,0,0,0,0,0,0,0,0.69,,,,,,,,,,,
229.77,15896,0,1,0,0,0.0001,-0.0001,0.0179,0.0237,0.0302,0.0237,-0.016,932.87,0,0,0,0,0,0,0,0.71,,,,,,,,,,,
230.13,15905,0,1,0,0,0.0001,-0.0001,0.0178,0.0235,0.03,0.0235,-0.0159,926.07,0,0,0,0,0,0,0,0.72,,,,,,,,,,,
230.52,15914,0,1,0,0,0.0001,-0.0001,0.0177,0.0234,0.0299,0.0234,-0.0158,919.47,0,0,0,0,0,0,0,0.74,,,,,,,,,,,
230.91,15923,0,1,0,0,0.0001,-0.0001,0.0176,0.0233,0.0297,0.0233,-0.0157,912.92,0,0,0,0,0,0,0,0.75,,,,,,,,,,,
231.32,15932,0,1,0,0,0.0001,-0.0001,0.0175,0.0232,0.0295,0.0232,-0.0156,906.35,0,0,0,0,0,0,0,0.77,,,,,,,,,,,
231.73,15941,0,1,0,0,0.0001,-0.0001,0.0174,0.0231,0.0294,0.0231,-0.0155,899.73,0,0,0,0,0,0,0,0.78,,,,,,,,,,,
232.14,15950,0,1,0,0,0.0001,-0.0001,0.0174,0.023,0.0293,0.023,-0.0155,893.05,0,0,0,0,0,0,0,0.8,,,,,,,,,,,
232.57,15959,0,1,0,0,0.0001,-0.0001,0.0173,0.023,0.0293,0.023,-0.0154,886.34,0,0,0,0,0,0,0,0.81,,,,,,,,,,,
233,15968,0,1,0,0,0.0001,-0.0001,0.0173,0.023,0.0293,0.023,-0.0154,879.63,0,0,0,0,0,0,0,0.82,,,,,,,,,,,
233.43,15977,0,1,0,0,0.0001,-0.0001,0.0174,0.023,0.0293,0.023,-0.0154,872.95,0,0,0,0,0,0,0,0.84,,,,,,,,,,,
233.86,15986,0,1,0,0,0.0001,-0.0001,0.0175,0.0231,0.0295,0.0231,-0.0155,866.33,0,0,0,0,0,0,0,0.85,,,,,,,,,,,
234.29,15995,0,1,0,0,0.0001,-0.0001,0.0176,0.0233,0.0297,0.0233,-0.0156,859.8,0,0,0,0,0,0,0,0.86,,,,,,,,,,,
234.71,16004,1,1,1,0.0484,0.0001,0.0483,0.0179,0.0237,0.0301,0.0237,-0.0158,853.31,0,0,0,0,0,0,0,0.87,,,,,,,,,,,
235.15,16013,3,1,3,0.15,0.0001,0.1499,0.0182,0.0241,0.0307,0.0241,-0.0161,846.8,0,0,0,0,0,0,0,0.88,,,,,,,,,,,
235.6,16022,3,1,2.78,0.1389,0.0001,0.1387,0.0187,0.0248,0.0316,0.0248,-0.0165,840.18,0,0,0,0,0,0,0,0.89,,,,,,,,,,,
236.05,16031,1,1,1,0.05,0.0002,0.0498,0.0194,0.0257,0.0327,0.0257,-0.017,833.33,0,0,0,0,0,0,0,0.9,,,,,,,,,,,
236.5,16040,1,1,1,0.05,0.0002,0.0498,0.0202,0.0267,0.034,0.0267,-0.0177,826.1,0,0,0,0,0,0,0,0.91,,,,,,,,,,,
236.95,16049,2,1,1.89,0.0944,0.0002,0.0943,0.0212,0.028,0.0356,0.028,-0.0185,818.34,0,0,0,0,0,0,0,0.92,,,,,,,,,,,
237.4,16058,2,1,2,0.1,0.0002,0.0998,0.0223,0.0295,0.0375,0.0295,-0.0195,809.89,0,0,0,0,0,0,0,0.93,,,,,,,,,,,
237.85,16067,1,1,1.33,0.0745,0.0002,0.0743,0.0236,0.0312,0.0397,0.0312,-0.0206,800.59,0,0,0,0,0,0,0,0.94,,,,,,,,,,,
238.35,16076,1,1,1,0.0588,0.0002,0.0586,0.025,0.0331,0.0421,0.0331,-0.0218,790.3,0,0,0,0,0,1,8.7868,0.95,,,,,,,,,,,
238.88,16085,0,1,0.22,0.0125,0.0002,0.0123,0.0266,0.0351,0.0447,0.0351,-0.0231,778.94,0,0,0,0,0,0,0,0.96,,,,,,,,,,,
239.39,16094,0,1,0,0,0.0002,-0.0002,0.0282,0.0373,0.0474,0.0373,-0.0245,766.43,0,0,0,0,0,0,0,0.96,,,,,,,,,,,
239.89,16103,0,1,0,0,0.0002,-0.0002,0.03,0.0396,0.0504,0.0396,-0.026,752.69,0,0,0,0,0,0,0,0.97,,,,,,,,,,,
240.44,16112,0,1,0,0,0.0002,-0.0002,0.0318,0.042,0.0534,0.042,-0.0275,737.63,0,0,0,0,0,0,0,0.97,,,,,,,,,,,
241,16121,2,1,2,0.1111,0.0002,0.1109,0.0337,0.0445,0.0566,0.0445,-0.0291,721.23,0,0,0,0,0,0,0,0.98,,,,,,,,,,,
241.5,16130,2,1,2,0.1111,0.0002,0.1109,0.0356,0.047,0.0598,0.047,-0.0308,703.49,0,0,0,0,0,1,1.3025,0.98,,,,,,,,,,,
242,16139,0,1,0,0,0.0002,-0.0002,0.0376,0.0496,0.0631,0.0496,-0.0324,684.5,0,0,0,0,0,0,0,0.99,,,,,,,,,,,
242.53,16148,0,1,0,0,0.0002,-0.0002,0.0396,0.0522,0.0664,0.0522,-0.0341,664.35,0,0,0,0,0,0,0,0.99,,,,,,,,,,,
243.05,16157,0,1,0,0,0.0002,-0.0002,0.0415,0.0547,0.0696,0.0547,-0.0357,643.15,0,0,0,0,0,0,0,0.99,,,,,,,,,,,
243.53,16166,0,1,0,0,0.0002,-0.0002,0.0434,0.0573,0.0728,0.0573,-0.0373,620.99,0,0,0,0,0,0,0,0.99,,,,,,,,,,,
244,16175,0,1,0,0,0.0002,-0.0002,0.0453,0.0597,0.0759,0.0597,-0.0389,597.98,0,0,0,0,0,0,0,1,,,,,,,,,,,
244.47,16184,0,1,0,0,0.0002,-0.0002,0.0471,0.0621,0.0789,0.0621,-0.0404,574.19,0,0,0,0,0,0,0,1,,,,,,,,,,,
244.95,16193,0,1,0,0,0.0002,-0.0002,0.0488,0.0644,0.0818,0.0644,-0.0419,549.71,0,0,0,0,0,0,0,1,,,,,,,,,,,
245.42,16202,0,1,0,0,0.0002,-0.0002,0.0505,0.0666,0.0846,0.0666,-0.0433,524.62,0,0,0,0,0,0,0,1,,,,,,,,,,,
245.89,16211,1,1,0.78,0.0427,0.0002,0.0425,0.0521,0.0687,0.0873,0.0687,-0.0446,498.98,0,0,0,0,0,0,0,1,,,,,,,,,,,
246.39,16220,1,1,1,0.0556,0.0002,0.0553,0.0537,0.0708,0.0899,0.0708,-0.0459,472.88,0,0,0,0,0,0,0,1,,,,,,,,,,,
246.89,16229,0,1,0.22,0.0114,0.0002,0.0111,0.0552,0.0727,0.0924,0.0727,-0.0471,446.43,0,0,0,0,0,0,0,1,,,,,,,,,,,
247.35,16238,0,1,0,0,0.0002,-0.0002,0.0566,0.0746,0.0948,0.0746,-0.0483,419.75,0,0,0,0,0,0,0,1,,,,,,,,,,,
247.8,16247,1,1,0.56,0.0305,0.0002,0.0303,0.058,0.0764,0.097,0.0764,-0.0494,393,0,0,0,0,0,0,0,1,,,,,,,,,,,
248.29,16256,1,1,1,0.0588,0.0002,0.0586,0.0593,0.0781,0.0992,0.0781,-0.0504,366.36,0,0,0,0,0,0,0,1,,,,,,,,,,,
248.82,16265,9,1,9,0.5294,0.0002,0.5292,0.0605,0.0797,0.1013,0.0797,-0.0514,340.01,0,0,0,0,0,0,0,1,,,,,,,,,,,
249.35,16274,13,1,13,0.7647,0.0002,0.7645,0.0617,0.0813,0.1032,0.0813,-0.0524,314.1,0,0,0,0,0,0,0,1,,,,,,,,,,,
249.88,16283,3,1,2.89,0.1699,0.0002,0.1697,0.0628,0.0827,0.1051,0.0827,-0.0533,288.74,0,1,1,1,1,0,13.4154,1,,,,,,,,,,,
250.41,16292,0,1,0,0,0.0002,-0.0002,0.0639,0.0841,0.1068,0.0841,-0.0541,264.14,0,0,0,0,0,0,0,1,,,,,,,,,,,
250.94,16301,0,1,0,0,0.0002,-0.0002,0.0649,0.0854,0.1085,0.0854,-0.0549,240.5,0,0,0,0,0,0,0,1,,,,,,,,,,,
251.47,16310,0,1,0,0,0.0002,-0.0002,0.0658,0.0866,0.11,0.0866,-0.0556,218.05,0,0,0,0,0,0,0,1,,,,,,,,,,,
252,16319,0,1,0,0,0.0002,-0.0002,0.0667,0.0878,0.1114,0.0878,-0.0563,197.01,0,0,0,0,0,0,0,1,,,,,,,,,,,
252.6,16328,0,1,0,0,0.0002,-0.0002,0.0675,0.0888,0.1128,0.0888,-0.0569,177.6,0,0,0,0,0,0,0,1,,,,,,,,,,,
253.16,16337,0,1,0,0,0.0002,-0.0002,0.0682,0.0898,0.114,0.0898,-0.0575,160.07,0,0,0,0,0,0,0,1,,,,,,,,,,,
253.63,16346,0,1,0,0,0.0002,-0.0002,0.0689,0.0907,0.1151,0.0907,-0.058,144.7,0,0,0,0,0,0,0,1,,,,,,,,,,,
254.13,16355,0,1,0,0,0.0002,-0.0002,0.0695,0.0914,0.116,0.0914,-0.0585,131.71,0,0,0,0,0,0,0,1,,,,,,,,,,,
254.73,16364,1,1,0.56,0.037,0.0002,0.0368,0.0699,0.092,0.1168,0.092,-0.0588,121.38,0,0,0,0,0,0,0,1,,,,,,,,,,,
255.33,16373,1,1,1,0.0667,0.0002,0.0664,0.0703,0.0925,0.1174,0.0925,-0.0591,113.89,0,0,0,0,0,0,0,1,,,,,,,,,,,
255.93,16382,0,1,0.11,0.0084,0.0002,0.0082,0.0705,0.0928,0.1177,0.0928,-0.0592,109.37,0,0,0,0,0,0,0,0.99,,,,,,,,,,,
256.62,16391,1,1,0.89,0.0612,0.0002,0.061,0.0706,0.0929,0.1178,0.0929,-0.0592,107.93,0,0,0,0,0,0,0,0.99,,,,,,,,,,,
257.24,16400,2,1,2,0.1176,0.0002,0.1174,0.0705,0.0928,0.1177,0.0928,-0.0591,109.69,0,0,0,0,0,1,0.2221,0.99,,,,,,,,,,,
257.76,16409,1,1,0.89,0.0562,0.0002,0.056,0.0703,0.0924,0.1173,0.0924,-0.0588,114.73,0,0,0,0,0,0,0,0.99,,,,,,,,,,,
258.33,16418,0,1,0,0,0.0002,-0.0002,0.0699,0.0919,0.1166,0.0919,-0.0585,123.12,0,0,0,0,0,0,0,0.98,,,,,,,,,,,
258.93,16427,0,1,0,0,0.0002,-0.0002,0.0693,0.0912,0.1157,0.0912,-0.0579,134.91,0,0,0,0,0,0,0,0.98,,,,,,,,,,,
259.62,16436,1,1,1.33,0.0965,0.0002,0.0963,0.0686,0.0902,0.1144,0.0902,-0.0573,150.08,0,0,0,0,0,0,0,0.97,,,,,,,,,,,
260.27,16445,3,1,3,0.2,0.0002,0.1998,0.0677,0.089,0.1129,0.089,-0.0564,168.6,0,0,0,0,0,1,1.169,0.97,,,,,,,,,,,
260.87,16454,1,1,0.67,0.0444,0.0002,0.0443,0.0666,0.0876,0.1111,0.0876,-0.0555,190.36,0,0,0,0,0,0,0,0.96,,,,,,,,,,,
261.47,16463,0,1,0,0,0.0002,-0.0002,0.0654,0.0859,0.109,0.0859,-0.0544,215.27,0,0,0,0,0,0,0,0.96,,,,,,,,,,,
262.06,16472,0,1,0,0,0.0002,-0.0002,0.064,0.0841,0.1066,0.0841,-0.0531,243.18,0,0,0,0,0,0,0,0.95,,,,,,,,,,,
262.59,16481,0,1,0,0,0.0002,-0.0002,0.0625,0.0821,0.104,0.0821,-0.0518,273.89,0,0,0,0,0,0,0,0.94,,,,,,,,,,,
263.17,16490,0,1,0,0,0.0002,-0.0002,0.0608,0.0799,0.1013,0.0799,-0.0503,307.06,0,0,0,0,0,0,0,0.93,,,,,,,,,,,
263.92,16499,2,1,1.78,0.1094,0.0002,0.1092,0.059,0.0776,0.0983,0.0776,-0.0488,342.25,0,0,0,0,0,0,0,0.92,,,,,,,,,,,
264.47,16508,2,1,2,0.1176,0.0002,0.1175,0.0572,0.0751,0.0952,0.0751,-0.0472,378.99,0,0,0,0,0,1,0.7403,0.91,,,,,,,,,,,
265,16517,1,1,1,0.0588,0.0002,0.0587,0.0554,0.0727,0.0921,0.0727,-0.0456,416.96,0,0,0,0,0,0,0,0.9,,,,,,,,,,,
265.53,16526,1,1,0.89,0.0523,0.0002,0.0521,0.0535,0.0702,0.0889,0.0702,-0.0439,456.03,0,0,0,0,0,0,0,0.89,,,,,,,,,,,
266.06,16535,0,1,0,0,0.0002,-0.0002,0.0516,0.0677,0.0857,0.0677,-0.0422,496.16,0,0,0,0,0,0,0,0.88,,,,,,,,,,,
266.59,16544,0,1,0,0,0.0002,-0.0002,0.0497,0.0652,0.0826,0.0652,-0.0406,537.39,0,0,0,0,0,0,0,0.87,,,,,,,,,,,
267.13,16553,0,1,0,0,0.0002,-0.0002,0.0479,0.0628,0.0795,0.0628,-0.039,579.79,0,0,0,0,0,0,0,0.86,,,,,,,,,,,
267.69,16562,0,1,0,0,0.0001,-0.0001,0.0461,0.0604,0.0765,0.0604,-0.0374,623.5,0,0,0,0,0,0,0,0.85,,,,,,,,,,,
268.24,16571,0,1,0,0,0.0001,-0.0001,0.0444,0.0581,0.0736,0.0581,-0.0359,668.6,0,0,0,0,0,0,0,0.84,,,,,,,,,,,
268.76,16580,0,1,0,0,0.0001,-0.0001,0.0427,0.056,0.0708,0.056,-0.0344,715.08,0,0,0,0,0,0,0,0.82,,,,,,,,,,,
269.36,16589,0,1,0,0,0.0001,-0.0001,0.0412,0.054,0.0683,0.054,-0.0331,762.93,0,0,0,0,0,0,0,0.81,,,,,,,,,,,
270,16598,0,1,0,0,0.0001,-0.0001,0.0398,0.0521,0.0659,0.0521,-0.0318,812.06,0,0,0,0,0,0,0,0.8,,,,,,,,,,,
270.53,16607,0,1,0,0,0.0001,-0.0001,0.0385,0.0504,0.0637,0.0504,-0.0307,862.45,0,0,0,0,0,0,0,0.78,,,,,,,,,,,
271.07,16616,0,1,0,0,0.0001,-0.0001,0.0374,0.0489,0.0618,0.0489,-0.0297,913.94,0,0,0,0,0,0,0,0.77,,,,,,,,,,,
271.71,16625,1,1,0.56,0.0434,0.0001,0.0432,0.0365,0.0477,0.0602,0.0477,-0.0288,966.26,0,0,0,0,0,0,0,0.75,,,,,,,,,,,
272.42,16634,1,1,1.22,0.0986,0.0001,0.0985,0.0357,0.0466,0.0589,0.0466,-0.0281,1019.06,0,0,0,0,0,0,0,0.74,,,,,,,,,,,
273.14,16643,2,1,2,0.1429,0.0001,0.1427,0.0351,0.0458,0.0579,0.0458,-0.0275,1072.22,0,0,0,0,0,1,1.4876,0.72,,,,,,,,,,,
273.79,16652,1,1,0.67,0.0437,0.0001,0.0435,0.0347,0.0453,0.0571,0.0453,-0.0271,1125.79,0,0,0,0,0,0,0,0.71,,,,,,,,,,,
274.38,16661,0,1,0,0,0.0001,-0.0001,0.0344,0.0449,0.0566,0.0449,-0.0268,1179.93,0,0,0,0,0,0,0,0.69,,,,,,,,,,,
274.94,16670,0,1,0,0,0.0001,-0.0001,0.0342,0.0446,0.0563,0.0446,-0.0266,1234.8,0,0,0,0,0,0,0,0.68,,,,,,,,,,,
275.57,16679,0,1,0,0,0.0001,-0.0001,0.0341,0.0445,0.0561,0.0445,-0.0264,1290.37,0,0,0,0,0,0,0,0.66,,,,,,,,,,,
276.21,16688,0,1,0,0,0.0001,-0.0001,0.0341,0.0444,0.0561,0.0444,-0.0263,1346.4,0,0,0,0,0,0,0,0.65,,,,,,,,,,,
276.86,16697,0,1,0,0,0.0001,-0.0001,0.0341,0.0445,0.0561,0.0445,-0.0263,1402.53,0,0,0,0,0,0,0,0.63,,,,,,,,,,,
277.58,16706,0,1,0,0,0.0001,-0.0001,0.0342,0.0446,0.0563,0.0446,-0.0263,1458.31,0,0,0,0,0,0,0,0.62,,,,,,,,,,,
278.27,16715,0,1,0,0,0.0001,-0.0001,0.0344,0.0449,0.0566,0.0449,-0.0263,1513.31,0,0,0,0,0,0,0,0.6,,,,,,,,,,,
278.87,16724,0,1,0,0,0.0001,-0.0001,0.0347,0.0452,0.057,0.0452,-0.0264,1567.11,0,0,0,0,0,0,0,0.59,,,,,,,,,,,
279.54,16733,0,1,0,0,0.0001,-0.0001,0.0351,0.0457,0.0575,0.0457,-0.0266,1619.27,0,0,0,0,0,0,0,0.57,,,,,,,,,,,
280.21,16742,0,1,0,0,0.0001,-0.0001,0.0355,0.0462,0.0582,0.0462,-0.0268,1669.34,0,0,0,0,0,0,0,0.55,,,,,,,,,,,
280.86,16751,1,1,0.78,0.0502,0.0001,0.0501,0.036,0.0469,0.059,0.0469,-0.0271,1716.83,0,0,0,0,0,0,0,0.54,,,,,,,,,,,
281.44,16760,1,1,1,0.0625,0.0001,0.0624,0.0367,0.0477,0.06,0.0477,-0.0275,1761.31,0,0,0,0,0,0,0,0.52,,,,,,,,,,,
282,16769,1,1,1,0.0833,0.0001,0.0832,0.0374,0.0486,0.0611,0.0486,-0.0279,1802.34,0,0,0,0,0,1,0.5784,0.51,,,,,,,,,,,
282.75,16778,0,1,0.33,0.0251,0.0001,0.025,0.0382,0.0496,0.0624,0.0496,-0.0284,1839.57,0,0,0,0,0,0,0,0.49,,,,,,,,,,,
283.43,16787,0,1,0.22,0.0159,0.0001,0.0158,0.0391,0.0508,0.0639,0.0508,-0.029,1872.66,0,0,0,0,0,0,0,0.48,,,,,,,,,,,
284.07,16796,2,1,2,0.1429,0.0001,0.1428,0.0401,0.052,0.0654,0.052,-0.0296,1901.34,0,0,0,0,0,0,0,0.46,,,,,,,,,,,
284.71,16805,1,1,0.89,0.0611,0.0001,0.061,0.0411,0.0533,0.067,0.0533,-0.0302,1925.38,0,0,0,0,0,1,0.9846,0.45,,,,,,,,,,,
285.33,16814,0,1,0,0,0.0001,-0.0001,0.0422,0.0547,0.0688,0.0547,-0.0309,1944.59,0,0,0,0,0,0,0,0.43,,,,,,,,,,,
285.93,16823,0,1,0,0,0.0001,-0.0001,0.0432,0.0561,0.0705,0.0561,-0.0316,1958.83,0,0,0,0,0,0,0,0.41,,,,,,,,,,,
294.62,16832,0,1,0,0,0.0001,-0.0001,0.0443,0.0575,0.0722,0.0575,-0.0324,1968.07,0,0,0,0,0,0,0,0.4,,,,,,,,,,,
300.44,16841,0,1,0,0,0.0001,-0.0001,0.0454,0.0589,0.074,0.0589,-0.0331,1972.33,0,0,0,0,0,0,0,0.38,,,,,,,,,,,
301.36,16850,0,1,0,0,0.0001,-0.0001,0.0465,0.0602,0.0757,0.0602,-0.0338,1971.72,0,0,0,0,0,0,0,0.37,,,,,,,,,,,
302.2,16859,0,1,0,0,0.0001,-0.0001,0.0475,0.0615,0.0773,0.0615,-0.0345,1966.4,0,0,0,0,0,0,0,0.35,,,,,,,,,,,
303.11,16868,0,1,0,0,0.0001,-0.0001,0.0484,0.0628,0.0788,0.0628,-0.0351,1956.55,0,0,0,0,0,0,0,0.34,,,,,,,,,,,
304.1,16877,0,1,0,0,0.0001,-0.0001,0.0493,0.0639,0.0803,0.0639,-0.0357,1942.37,0,0,0,0,0,0,0,0.32,,,,,,,,,,,
305,16886,0,1,0,0,0.0001,-0.0001,0.0501,0.065,0.0816,0.065,-0.0363,1924.1,0,0,0,0,0,0,0,0.31,,,,,,,,,,,
305.9,16895,0,1,0,0,0.0001,-0.0001,0.0509,0.0659,0.0828,0.0659,-0.0368,1901.98,0,0,0,0,0,0,0,0.29,,,,,,,,,,,
307.1,16904,0,1,0,0,0.0001,-0.0001,0.0515,0.0668,0.0838,0.0668,-0.0372,1876.26,0,0,0,0,0,0,0,0.28,,,,,,,,,,,
308,16913,0,1,0,0,0.0001,-0.0001,0.0521,0.0675,0.0848,0.0675,-0.0376,1847.21,0,0,0,0,0,0,0,0.26,,,,,,,,,,,
309,16922,0,1,0.33,0.0494,0.0001,0.0493,0.0526,0.0681,0.0855,0.0681,-0.038,1815.14,0,0,0,0,0,0,0,0.25,,,,,,,,,,,
310.33,16931,2,1,1.67,0.1852,0.0001,0.1851,0.0529,0.0686,0.0861,0.0686,-0.0383,1780.31,0,0,0,0,0,0,0,0.23,,,,,,,,,,,
311.33,16940,2,1,2,0.2315,0.0001,0.2314,0.0532,0.069,0.0866,0.069,-0.0385,1743.03,0,0,0,0,0,1,2.7893,0.22,,,,,,,,,,,
312.38,16949,0,1,0,0,0.0001,-0.0001,0.0534,0.0692,0.0869,0.0692,-0.0387,1703.55,0,0,0,0,0,0,0,0.2,,,,,,,,,,,
313.57,16958,0,1,0,0,0.0001,-0.0001,0.0535,0.0694,0.0871,0.0694,-0.0388,1662.08,0,0,0,0,0,0,0,0.19,,,,,,,,,,,
314.6,16967,0,1,0,0,0.0001,-0.0001,0.0535,0.0694,0.0871,0.0694,-0.0388,1618.85,0,0,0,0,0,0,0,0.18,,,,,,,,,,,
315.63,16976,1,1,0.67,0.0722,0.0001,0.0721,0.0534,0.0693,0.087,0.0693,-0.0388,1574.13,0,0,0,0,0,1,0.0259,0.16,,,,,,,,,,,
316.6,16985,0,1,0.44,0.055,0.0001,0.0549,0.0532,0.069,0.0867,0.069,-0.0387,1528.16,0,0,0,0,0,0,0,0.15,,,,,,,,,,,
317.71,16994,0,1,0,0,0.0001,-0.0001,0.0529,0.0686,0.0862,0.0686,-0.0386,1481.08,0,0,0,0,0,0,0,0.14,,,,,,,,,,,
319,17003,0,1,0.11,0.0137,0.0001,0.0136,0.0526,0.0682,0.0856,0.0682,-0.0384,1432.97,0,0,0,0,0,0,0,0.13,,,,,,,,,,,
320.11,17012,1,1,0.89,0.0988,0.0001,0.0987,0.0521,0.0676,0.0849,0.0676,-0.0381,1383.85,0,0,0,0,0,1,0.2801,0.12,,,,,,,,,,,
321.11,17021,0,1,0.11,0.0123,0.0001,0.0123,0.0515,0.0669,0.084,0.0669,-0.0378,1333.74,0,0,0,0,0,0,0,0.11,,,,,,,,,,,
322.11,17030,1,1,0.89,0.1001,0.0001,0.1001,0.0509,0.0661,0.0831,0.0661,-0.0374,1282.74,0,0,0,0,0,1,0.3059,0.1,,,,,,,,,,,
323.13,17039,0,1,0.22,0.0278,0.0001,0.0277,0.0502,0.0652,0.082,0.0652,-0.037,1230.92,0,0,0,0,0,0,0,0.09,,,,,,,,,,,
324.25,17048,1,1,0.67,0.0802,0.0001,0.0802,0.0494,0.0642,0.0807,0.0642,-0.0366,1178.43,0,0,0,0,0,1,0.1437,0.08,,,,,,,,,,,
325.33,17057,0,1,0,0,0.0001,-0.0001,0.0486,0.0631,0.0794,0.0631,-0.0361,1125.39,0,0,0,0,0,0,0,0.07,,,,,,,,,,,
326.33,17066,1,1,0.67,0.0772,0.0001,0.0771,0.0477,0.0619,0.0779,0.0619,-0.0356,1071.86,0,0,0,0,0,0,0,0.06,,,,,,,,,,,
327.38,17075,2,1,1.56,0.1772,0.0001,0.1771,0.0467,0.0607,0.0764,0.0607,-0.035,1017.9,0,0,0,0,0,0,0,0.05,,,,,,,,,,,
328.4,17084,1,1,0.67,0.0691,0.0001,0.069,0.0456,0.0593,0.0747,0.0593,-0.0344,963.57,0,0,0,0,0,1,1.5534,0.04,,,,,,,,,,,
329.33,17093,0,1,0,0,0.0001,-0.0001,0.0445,0.0579,0.073,0.0579,-0.0338,908.98,0,0,0,0,0,0,0,0.04,,,,,,,,,,,
330.38,17102,0,1,0.44,0.0591,0.0001,0.059,0.0433,0.0564,0.0711,0.0564,-0.0331,854.24,0,0,0,0,0,0,0,0.03,,,,,,,,,,,
331.57,17111,1,1,1,0.1217,0.0001,0.1216,0.0421,0.0549,0.0692,0.0549,-0.0324,799.52,0,0,0,0,0,0,0,0.03,,,,,,,,,,,
332.67,17120,1,1,1,0.1111,0.0001,0.111,0.0408,0.0532,0.0672,0.0532,-0.0316,745,0,0,0,0,0,0,0,0.02,,,,,,,,,,,
333.67,17129,1,1,1,0.1204,0.0001,0.1203,0.0395,0.0515,0.065,0.0515,-0.0308,690.9,0,0,0,0,0,1,2.3499,0.02,,,,,,,,,,,
334.75,17138,0,1,0.22,0.0309,0.0001,0.0308,0.0381,0.0497,0.0628,0.0497,-0.03,637.5,0,0,0,0,0,0,0,0.01,,,,,,,,,,,
336,17147,0,1,0,0,0.0001,-0.0001,0.0366,0.0479,0.0605,0.0479,-0.0292,585.14,0,0,0,0,0,0,0,0.01,,,,,,,,,,,
337.22,17156,0,1,0,0,0.0001,-0.0001,0.0351,0.0459,0.0581,0.0459,-0.0283,534.25,0,0,0,0,0,0,0,0.01,,,,,,,,,,,
338.22,17165,0,1,0,0,0.0001,-0.0001,0.0335,0.0439,0.0556,0.0439,-0.0273,485.3,0,0,0,0,0,0,0,0.01,,,,,,,,,,,
339.25,17174,0,1,0,0,0.0001,-0.0001,0.0318,0.0418,0.053,0.0418,-0.0264,438.7,0,0,0,0,0,0,0,0,,,,,,,,,,,
340.43,17183,0,1,0,0,0.0001,-0.0001,0.0301,0.0396,0.0503,0.0396,-0.0253,394.7,0,0,0,0,0,0,0,0,,,,,,,,,,,
341.63,17192,1,1,0.67,0.0913,0.0001,0.0912,0.0283,0.0373,0.0475,0.0373,-0.0243,353.38,0,0,0,0,0,0,0,0,,,,,,,,,,,
342.86,17201,2,1,1.78,0.254,0.0001,0.2539,0.0265,0.0351,0.0446,0.0351,-0.0232,314.73,0,0,0,0,0,0,0,0,,,,,,,,,,,
344.14,17210,1,1,0.67,0.0913,0.0001,0.0912,0.0247,0.0327,0.0418,0.0327,-0.0222,278.75,0,0,0,0,0,1,3.642,0,,,,,,,,,,,
345.38,17219,0,1,0,0,0.0001,-0.0001,0.0229,0.0304,0.0389,0.0304,-0.0211,245.42,0,0,0,0,0,0,0,0,,,,,,,,,,,
346.57,17228,0,1,0,0,0.0001,-0.0001,0.0211,0.0282,0.0361,0.0282,-0.0201,214.74,0,0,0,0,0,0,0,0,,,,,,,,,,,
347.86,17237,0,1,0.22,0.0364,0.0001,0.0363,0.0193,0.0259,0.0333,0.0259,-0.0191,186.72,0,0,0,0,0,0,0,0,,,,,,,,,,,
349.33,17246,1,1,1,0.1852,0.0001,0.1851,0.0176,0.0238,0.0306,0.0238,-0.0181,161.41,0,0,0,0,0,1,1.717,0,,,,,,,,,,,
351,17255,0,1,0,0,0.0001,-0.0001,0.016,0.0217,0.0281,0.0217,-0.0172,138.91,0.01,0,0,0,0,0,0,0,,,,,,,,,,,
352.5,17264,1,1,1.11,0.1852,0.0001,0.1851,0.0144,0.0197,0.0256,0.0197,-0.0163,119.22,0.01,0,0,0,0,1,1.4886,0,,,,,,,,,,,
354,17273,0,1,0,0,0.0001,-0.0001,0.0129,0.0178,0.0232,0.0178,-0.0154,102.35,0.01,0,0,0,0,0,0,0,,,,,,,,,,,
355.5,17282,2,1,1.67,0.3042,0.0001,0.3041,0.0115,0.0159,0.021,0.0159,-0.0147,88.22,0.01,0,0,0,0,1,2.5935,0,,,,,,,,,,,
357.14,17291,0,1,0,0,0.0001,-0.0001,0.0101,0.0142,0.0189,0.0142,-0.0139,76.81,0.01,0,0,0,0,0,0,0,,,,,,,,,,,
358.6,17300,0,1,0,0,0.0001,-0.0001,0.0088,0.0126,0.0169,0.0126,-0.0133,67.97,0.01,0,0,0,0,0,0,0,,,,,,,,,,,
360,17309,0,1,0,0,0.0001,-0.0001,0.0077,0.0112,0.0151,0.0112,-0.0127,61.32,0.02,0,0,0,0,0,0,0,,,,,,,,,,,
361.57,17318,1,1,1.22,0.2134,0.0002,0.2132,0.0067,0.0099,0.0135,0.0099,-0.0122,56.25,0.02,0,0,0,0,0,0,0,,,,,,,,,,,
363.14,17327,1,1,0.67,0.1005,0.0002,0.1004,0.0058,0.0088,0.0122,0.0088,-0.0118,52.21,0.03,0,0,0,0,1,2.9494,0,,,,,,,,,,,
364.5,17336,0,1,0,0,0.0002,-0.0002,0.005,0.0079,0.011,0.0079,-0.0115,48.77,0.03,0,0,0,0,0,0,0,,,,,,,,,,,
366,17345,0,1,0.33,0.0593,0.0002,0.0591,0.0044,0.0071,0.0102,0.0071,-0.0113,45.71,0.03,0,0,0,0,0,0,0,,,,,,,,,,,
367.6,17354,0,1,0.22,0.0428,0.0003,0.0425,0.004,0.0066,0.0095,0.0066,-0.0112,43.01,0.04,0,0,0,0,1,0.879,0,,,,,,,,,,,
369.33,17363,0,1,0,0,0.0003,-0.0003,0.0036,0.0062,0.009,0.0062,-0.0112,40.65,0.05,0,0,0,0,0,0,0,,,,,,,,,,,
371.2,17372,0,1,0,0,0.0003,-0.0003,0.0034,0.0059,0.0087,0.0059,-0.0113,38.62,0.04,0,0,0,0,0,0,0,,,,,,,,,,,
373,17381,0,1,0,0,0.0004,-0.0004,0.0033,0.0058,0.0086,0.0058,-0.0114,36.85,0.05,0,0,0,0,0,0,0,,,,,,,,,,,
374.8,17390,0,1,0.44,0.0988,0.0004,0.0983,0.0032,0.0058,0.0086,0.0058,-0.0116,35.25,0.05,0,0,0,0,0,0,0,,,,,,,,,,,
376.8,17399,2,1,2.11,0.3597,0.0005,0.3592,0.0033,0.0059,0.0088,0.0059,-0.0118,33.77,0.05,0,0,0,0,1,4.459,0,,,,,,,,,,,
378.33,17408,0,1,0,0,0.0006,-0.0006,0.0034,0.006,0.009,0.006,-0.0121,32.4,0.05,0,0,0,0,0,0,0.01,,,,,,,,,,,
379.71,17417,0,1,0,0,0.0007,-0.0007,0.0035,0.0062,0.0092,0.0062,-0.0124,31.16,0.07,0,0,0,0,0,0,0.01,,,,,,,,,,,
381,17426,0,1,0,0,0.001,-0.001,0.0036,0.0064,0.0095,0.0064,-0.0127,30.05,0.07,0,0,0,0,0,0,0.01,,,,,,,,,,,
382.38,17435,0,1,0,0,0.0012,-0.0012,0.0037,0.0066,0.0098,0.0066,-0.013,29.06,0.07,0,0,0,0,0,0,0.01,,,,,,,,,,,
383.5,17444,0,1,0,0,0.0015,-0.0015,0.0038,0.0068,0.0101,0.0068,-0.0133,28.18,0.07,0,0,0,0,0,0,0.02,,,,,,,,,,,
384.5,17453,0,1,0,0,0.0019,-0.0019,0.004,0.007,0.0104,0.007,-0.0135,27.39,0.09,0,0,0,0,0,0,0.02,,,,,,,,,,,
385.36,17462,0,1,0,0,0.0022,-0.0022,0.0041,0.0072,0.0107,0.0072,-0.0138,26.68,0.09,0,0,0,0,0,0,0.03,,,,,,,,,,,
386.17,17471,0,1,0,0,0.0026,-0.0026,0.0043,0.0074,0.011,0.0074,-0.0141,26.03,0.09,0,0,0,0,0,0,0.03,,,,,,,,,,,
386.92,17480,0,1,0,0,0.003,-0.003,0.0044,0.0077,0.0113,0.0077,-0.0144,25.44,0.09,0,0,0,0,0,0,0.04,,,,,,,,,,,
387.62,17489,0,1,0,0,0.0034,-0.0034,0.0046,0.0079,0.0116,0.0079,-0.0147,24.9,0.09,0,0,0,0,0,0,0.04,,,,,,,,,,,
388.33,17498,0,1,0,0,0.0038,-0.0038,0.0047,0.0081,0.0119,0.0081,-0.015,24.41,0.09,0,0,0,0,0,0,0.05,,,,,,,,,,,
389.08,17507,0,1,0,0,0.0041,-0.0041,0.0049,0.0084,0.0122,0.0084,-0.0153,23.95,0.12,0,0,0,0,0,0,0.06,,,,,,,,,,,
389.83,17516,0,1,0,0,0.0044,-0.0044,0.005,0.0086,0.0125,0.0086,-0.0155,23.54,0.15,0,0,0,0,0,0,0.07,,,,,,,,,,,
390.47,17525,0,1,0,0,0.0048,-0.0048,0.0052,0.0088,0.0128,0.0088,-0.0158,23.15,0.19,0,0,0,0,0,0,0.08,,,,,,,,,,,
391.07,17534,0,1,0,0,0.0052,-0.0052,0.0053,0.009,0.0131,0.009,-0.0161,22.8,0.23,0,0,0,0,0,0,0.09,,,,,,,,,,,
391.71,17543,1,1,0.56,0.0485,0.0055,0.043,0.0055,0.0093,0.0135,0.0093,-0.0163,22.46,0.29,0,0,0,0,0,0,0.1,,,,,,,,,,,
392.5,17552,1,1,0.56,0.0533,0.0059,0.0474,0.0057,0.0095,0.0138,0.0095,-0.0166,22.14,0.29,0,0,0,0,1,0.7156,0.11,,,,,,,,,,,
393.36,17561,0,1,0,0,0.0063,-0.0063,0.0059,0.0098,0.0142,0.0098,-0.0169,21.83,0.29,0,0,0,0,0,0,0.12,,,,,,,,,,,
394.15,17570,0,1,0,0,0.0067,-0.0067,0.0062,0.0102,0.0147,0.0102,-0.0172,21.53,0.29,0,0,0,0,0,0,0.13,,,,,,,,,,,
394.85,17579,2,1,1.56,0.113,0.0071,0.1059,0.0064,0.0105,0.0152,0.0105,-0.0175,21.23,0.35,0,0,0,0,0,0,0.14,,,,,,,,,,,
395.5,17588,2,1,1.56,0.1095,0.0075,0.1019,0.0068,0.011,0.0157,0.011,-0.0179,20.93,0.41,0,0,0,0,1,1.8627,0.15,,,,,,,,,,,
396.13,17597,0,1,0,0,0.008,-0.008,0.0071,0.0115,0.0164,0.0115,-0.0183,20.62,0.41,0,0,0,0,0,0,0.16,,,,,,,,,,,
396.73,17606,0,1,0,0,0.0084,-0.0084,0.0076,0.0121,0.0171,0.0121,-0.0187,20.31,0.41,0,0,0,0,0,0,0.18,,,,,,,,,,,
397.36,17615,0,1,0,0,0.0089,-0.0089,0.0081,0.0128,0.018,0.0128,-0.0191,20,0.47,0,0,0,0,0,0,0.19,,,,,,,,,,,
398,17624,0,1,0,0,0.0093,-0.0093,0.0087,0.0135,0.019,0.0135,-0.0196,19.67,0.47,0,0,0,0,0,0,0.2,,,,,,,,,,,
398.64,17633,0,1,0,0,0.0098,-0.0098,0.0093,0.0144,0.0201,0.0144,-0.0201,19.33,0,0,0,0,0,0,0,0.22,,,,,,,,,,,
399.33,17642,0,1,0,0,0.0102,-0.0102,0.0101,0.0154,0.0213,0.0154,-0.0206,18.99,0.41,0,0,0,0,0,0,0.23,,,,,,,,,,,
400.07,17651,0,1,0,0,0.0106,-0.0106,0.0109,0.0165,0.0227,0.0165,-0.0212,18.63,0.42,0,0,0,0,0,0,0.25,,,,,,,,,,,
400.71,17660,1,1,1.11,0.0739,0.0109,0.0629,0.0119,0.0177,0.0242,0.0177,-0.0219,18.27,0.42,0,0,0,0,0,0,0.26,,,,,,,,,,,
401.31,17669,2,1,2,0.125,0.0112,0.1138,0.0129,0.019,0.0259,0.019,-0.0225,17.89,0.39,0,0,0,0,1,1.4001,0.28,,,,,,,,,,,
401.88,17678,0,1,0.44,0.0292,0.0115,0.0178,0.0141,0.0205,0.0277,0.0205,-0.0233,17.51,0.41,0,0,0,0,0,0,0.29,,,,,,,,,,,
402.47,17687,0,1,0,0,0.0116,-0.0116,0.0154,0.0221,0.0297,0.0221,-0.024,17.12,0.4,0,0,0,0,0,0,0.31,,,,,,,,,,,
403.08,17696,0,1,0,0,0.0118,-0.0118,0.0168,0.0239,0.0319,0.0239,-0.0249,16.72,0.41,0,0,0,0,0,0,0.32,,,,,,,,,,,
403.77,17705,1,1,0.67,0.0488,0.0118,0.037,0.0182,0.0258,0.0342,0.0258,-0.0257,16.31,0.41,0,0,0,0,0,0,0.34,,,,,,,,,,,
404.43,17714,1,1,1,0.069,0.0118,0.0572,0.0198,0.0278,0.0367,0.0278,-0.0266,15.9,0.44,0,0,0,0,0,0,0.35,,,,,,,,,,,
405.05,17723,1,1,1,0.05,0.0122,0.0378,0.0215,0.0299,0.0393,0.0299,-0.0276,15.49,0.53,0,0,0,0,0,0,0.37,,,,,,,,,,,
405.5,17732,1,1,1,0.05,0.0125,0.0375,0.0232,0.0321,0.042,0.0321,-0.0286,15.07,0.69,0,0,0,0,1,0.6488,0.38,,,,,,,,,,,
405.95,17741,0,1,0.11,0.0058,0.0124,-0.0065,0.025,0.0344,0.0449,0.0344,-0.0296,14.65,0.68,0,0,0,0,0,0,0.4,,,,,,,,,,,
406.42,17750,0,1,0,0,0.0122,-0.0122,0.0269,0.0367,0.0478,0.0367,-0.0306,14.23,0,0,0,0,0,0,0,0.41,,,,,,,,,,,
406.89,17759,0,1,0,0,0.0119,-0.0119,0.0288,0.0391,0.0507,0.0391,-0.0316,13.81,0.83,0,0,0,0,0,0,0.43,,,,,,,,,,,
407.41,17768,0,1,0,0,0.0122,-0.0122,0.0307,0.0416,0.0538,0.0416,-0.0327,13.39,0.84,0,0,0,0,0,0,0.45,,,,,,,,,,,
407.94,17777,1,1,0.89,0.0523,0.0118,0.0405,0.0326,0.044,0.0568,0.044,-0.0338,12.98,0.84,0,0,0,0,0,0,0.46,,,,,,,,,,,
408.47,17786,1,1,1,0.0588,0.0114,0.0474,0.0346,0.0465,0.0598,0.0465,-0.0348,12.57,0.84,0,0,0,0,1,0.0082,0.48,,,,,,,,,,,
409,17795,1,1,1,0.0588,0.011,0.0478,0.0365,0.0489,0.0628,0.0489,-0.0359,12.17,0.85,0,0,0,0,0,0,0.49,,,,,,,,,,,
409.53,17804,1,1,1.11,0.0643,0.0112,0.053,0.0383,0.0512,0.0657,0.0512,-0.0369,11.78,0.84,0,0,0,0,0,0,0.51,,,,,,,,,,,
410.05,17813,2,1,2,0.1,0.0114,0.0886,0.0401,0.0535,0.0685,0.0535,-0.0379,11.41,0.87,0,0,0,0,0,0,0.52,,,,,,,,,,,
410.5,17822,2,1,2,0.1,0.0109,0.0891,0.0419,0.0557,0.0713,0.0557,-0.0389,11.05,0.88,0,0,0,0,0,0,0.54,,,,,,,,,,,
410.95,17831,2,1,2,0.1099,0.0111,0.0988,0.0435,0.0578,0.0738,0.0578,-0.0398,10.71,0.89,0,0,0,0,0,0,0.55,,,,,,,,,,,
411.44,17840,2,1,2,0.1111,0.0106,0.1005,0.0451,0.0598,0.0762,0.0598,-0.0407,10.4,0,0,0,0,0,0,0,0.57,,,,,,,,,,,
411.94,17849,3,1,2.89,0.1462,0.0108,0.1355,0.0465,0.0616,0.0785,0.0616,-0.0415,10.1,0,0,0,0,0,0,0,0.59,,,,,,,,,,,
412.4,17858,3,1,3,0.15,0.0109,0.1391,0.0478,0.0633,0.0806,0.0633,-0.0422,9.82,0.01,0,0,0,0,0,0,0.6,,,,,,,,,,,
412.85,17867,3,1,3,0.1611,0.011,0.1501,0.049,0.0648,0.0825,0.0648,-0.0429,9.57,0.01,0,0,0,0,0,0,0.62,,,,,,,,,,,
413.33,17876,3,1,3,0.1667,0.0106,0.1561,0.0501,0.0662,0.0842,0.0662,-0.0435,9.34,0,0,0,0,0,0,0,0.63,,,,,,,,,,,
413.83,17885,2,1,1.67,0.0926,0.0101,0.0825,0.0511,0.0674,0.0857,0.0674,-0.0441,9.14,0,0,0,0,0,1,8.8553,0.65,,,,,,,,,,,
414.33,17894,1,1,1,0.0556,0.0097,0.0458,0.0519,0.0685,0.087,0.0685,-0.0446,8.95,0.02,0,0,0,0,0,0,0.66,,,,,,,,,,,
414.83,17903,1,1,1,0.0488,0.0094,0.0394,0.0526,0.0694,0.0882,0.0694,-0.045,8.79,0.02,0,0,0,0,0,0,0.68,,,,,,,,,,,
415.27,17912,1,1,1,0.0455,0.0091,0.0364,0.0532,0.0702,0.0891,0.0702,-0.0454,8.65,0.07,0,0,0,0,0,0,0.69,,,,,,,,,,,
415.68,17921,1,1,1.44,0.0639,0.0093,0.0546,0.0537,0.0708,0.0899,0.0708,-0.0457,8.53,0.07,0,0,0,0,0,0,0.71,,,,,,,,,,,
416.08,17930,3,1,3,0.12,0.009,0.111,0.0541,0.0713,0.0906,0.0713,-0.0459,8.43,0.01,0,0,0,0,0,0,0.72,,,,,,,,,,,
416.44,17939,3,1,3,0.12,0.0089,0.1111,0.0544,0.0717,0.091,0.0717,-0.0461,8.35,0.01,0,0,0,0,1,0.7908,0.74,,,,,,,,,,,
416.8,17948,2,1,1.67,0.0707,0.0092,0.0615,0.0546,0.072,0.0914,0.072,-0.0462,8.28,0.01,0,0,0,0,0,0,0.75,,,,,,,,,,,
417.18,17957,0,1,0,0,0.0091,-0.0091,0.0548,0.0721,0.0915,0.0721,-0.0463,8.24,0.03,0,0,0,0,0,0,0.77,,,,,,,,,,,
417.59,17966,0,1,0,0,0.0095,-0.0095,0.0548,0.0721,0.0916,0.0721,-0.0463,8.21,0.13,0,0,0,0,0,0,0.78,,,,,,,,,,,
418,17975,0,1,0,0,0.0096,-0.0096,0.0547,0.072,0.0914,0.072,-0.0463,8.2,0.13,0,0,0,0,0,0,0.8,,,,,,,,,,,
418.41,17984,0,1,0,0,0.0097,-0.0097,0.0545,0.0718,0.0912,0.0718,-0.0462,8.2,0.12,0,0,0,0,0,0,0.81,,,,,,,,,,,
418.82,17993,1,1,1.11,0.0549,0.0099,0.0451,0.0543,0.0715,0.0908,0.0715,-0.0461,8.23,0.12,0,0,0,0,0,0,0.82,,,,,,,,,,,
419.26,18002,2,1,2,0.1053,0.0101,0.0951,0.0539,0.071,0.0902,0.071,-0.0459,8.27,0.13,0,0,0,0,1,0.2169,0.84,,,,,,,,,,,
419.74,18011,1,1,1.11,0.0531,0.0111,0.0419,0.0535,0.0705,0.0895,0.0705,-0.0456,8.33,0.03,0,0,0,0,0,0,0.85,,,,,,,,,,,
420.17,18020,0,1,0,0,0.0116,-0.0116,0.0529,0.0698,0.0887,0.0698,-0.0453,8.39,0.02,0,0,0,0,0,0,0.86,,,,,,,,,,,
420.54,18029,0,1,0,0,0.013,-0.013,0.0523,0.069,0.0878,0.069,-0.045,8.48,0.02,0,0,0,0,0,0,0.87,,,,,,,,,,,
420.92,18038,1,1,0.78,0.0305,0.0138,0.0167,0.0516,0.0682,0.0867,0.0682,-0.0446,8.57,0.04,0,0,0,0,0,0,0.88,,,,,,,,,,,
421.27,18047,1,1,1,0.0385,0.0146,0.0238,0.0509,0.0672,0.0855,0.0672,-0.0442,8.67,0.04,0,0,0,0,0,0,0.89,,,,,,,,,,,
421.62,18056,1,1,1,0.0385,0.0156,0.0229,0.05,0.0661,0.0841,0.0661,-0.0437,8.79,0.02,0,0,0,0,0,0,0.9,,,,,,,,,,,
421.96,18065,0,1,0.11,0.0043,0.0178,-0.0135,0.0491,0.0649,0.0827,0.0649,-0.0432,8.91,0.02,0,0,0,0,0,0,0.91,,,,,,,,,,,
422.31,18074,0,1,0,0,0.0188,-0.0188,0.0481,0.0636,0.081,0.0636,-0.0426,9.05,0.02,0,0,0,0,0,0,0.92,,,,,,,,,,,
422.65,18083,0,1,0,0,0.0198,-0.0198,0.0469,0.0622,0.0793,0.0622,-0.042,9.19,0.02,0,0,0,0,0,0,0.93,,,,,,,,,,,
423,18092,4,1,4,0.1667,0.0207,0.146,0.0457,0.0607,0.0774,0.0607,-0.0413,9.35,0.02,0,0,0,0,0,0,0.94,,,,,,,,,,,
423.38,18101,4,1,4,0.1667,0.0214,0.1452,0.0444,0.059,0.0754,0.059,-0.0406,9.51,1,0,0,0,0,0,0,0.95,,,,,,,,,,,
423.75,18110,3,1,3,0.1268,0.022,0.1048,0.043,0.0572,0.0732,0.0572,-0.0399,9.69,0.99,0,0,0,0,1,2.4095,0.96,,,,,,,,,,,
424.13,18119,1,1,1,0.0435,0.0224,0.0211,0.0415,0.0554,0.0709,0.0554,-0.0391,9.87,0.99,0,0,0,0,0,0,0.96,,,,,,,,,,,
424.52,18128,1,1,1,0.0435,0.0226,0.0209,0.04,0.0534,0.0684,0.0534,-0.0382,10.07,0.99,0,0,0,0,0,0,0.97,,,,,,,,,,,
424.91,18137,1,1,1,0.0421,0.0226,0.0195,0.0383,0.0513,0.0658,0.0513,-0.0373,10.28,0.98,0,0,0,0,0,0,0.97,,,,,,,,,,,
425.29,18146,1,1,1,0.0417,0.0224,0.0193,0.0366,0.0491,0.0631,0.0491,-0.0364,10.5,0.98,0,0,0,0,0,0,0.98,,,,,,,,,,,
425.67,18155,1,1,1.11,0.0457,0.0221,0.0237,0.0348,0.0469,0.0604,0.0469,-0.0354,10.72,0.95,0,0,0,0,0,0,0.98,,,,,,,,,,,
426.04,18164,2,1,2,0.0741,0.0216,0.0525,0.033,0.0446,0.0575,0.0446,-0.0344,10.95,0.9,0,0,0,0,0,0,0.99,,,,,,,,,,,
426.37,18173,2,1,2,0.0741,0.0211,0.053,0.0312,0.0422,0.0547,0.0422,-0.0334,11.19,0.83,0,0,0,0,0,0,0.99,,,,,,,,,,,
426.7,18182,2,1,2.33,0.0872,0.0205,0.0667,0.0293,0.0399,0.0517,0.0399,-0.0323,11.44,0.75,0,0,0,0,0,0,0.99,,,,,,,,,,,
427.04,18191,5,1,5,0.2,0.0198,0.1802,0.0275,0.0375,0.0488,0.0375,-0.0313,11.69,0.66,0,0,0,0,0,0,0.99,,,,,,,,,,,
427.4,18200,5,1,5,0.2,0.0191,0.1809,0.0256,0.0352,0.0459,0.0352,-0.0302,11.95,0.56,0,0,0,0,0,0,1,,,,,,,,,,,
427.76,18209,4,1,3.67,0.156,0.0187,0.1373,0.0238,0.0329,0.0431,0.0329,-0.0291,12.21,0.46,0,0,0,0,1,6.1355,1,,,,,,,,,,,
428.14,18218,1,1,1,0.0476,0.018,0.0297,0.022,0.0306,0.0403,0.0306,-0.0281,12.48,0.38,0,0,0,0,0,0,1,,,,,,,,,,,
428.57,18227,1,1,1,0.0476,0.0172,0.0304,0.0203,0.0284,0.0375,0.0284,-0.0271,12.75,0.3,0,0,0,0,0,0,1,,,,,,,,,,,
429,18236,2,1,2,0.0909,0.0167,0.0742,0.0186,0.0263,0.0349,0.0263,-0.026,13.04,0.24,0,0,0,0,0,0,1,,,,,,,,,,,
429.41,18245,2,1,2,0.0909,0.016,0.0749,0.0171,0.0243,0.0324,0.0243,-0.025,13.32,0.19,0,0,0,0,0,0,1,,,,,,,,,,,
429.82,18254,1,1,0.89,0.0377,0.0153,0.0224,0.0156,0.0224,0.03,0.0224,-0.0241,13.61,0.15,1,0,0,0,1,1.2067,1,,,,,,,,,,,
430.2,18263,0,1,0,0,0.0146,-0.0146,0.0142,0.0206,0.0278,0.0206,-0.0232,13.91,0.11,0,0,0,0,0,0,1,,,,,,,,,,,
430.56,18272,0,1,0,0,0.014,-0.014,0.0129,0.0189,0.0257,0.0189,-0.0223,14.21,0.08,0,0,0,0,0,0,1,,,,,,,,,,,
430.92,18281,5,1,4.67,0.1711,0.0133,0.1578,0.0117,0.0174,0.0238,0.0174,-0.0214,14.51,0.06,0,0,0,0,0,0,1,,,,,,,,,,,
431.25,18290,6,1,6,0.2143,0.0128,0.2015,0.0107,0.0161,0.0221,0.0161,-0.0206,14.81,0.04,0,0,0,0,0,0,1,,,,,,,,,,,
431.57,18299,6,1,6,0.2143,0.0122,0.2021,0.0098,0.0148,0.0206,0.0148,-0.0199,15.12,0.03,0,0,0,0,0,0,1,,,,,,,,,,,
431.89,18308,2,1,2,0.0794,0.0116,0.0678,0.009,0.0138,0.0192,0.0138,-0.0192,15.43,0.02,1,1,1,1,0,6.8044,1,,,,,,,,,,,
432.25,18317,0,1,0,0,0.011,-0.011,0.0083,0.0129,0.018,0.0129,-0.0186,15.75,0,0,0,0,0,0,0,1,,,,,,,,,,,
432.63,18326,0,1,0,0,0.0105,-0.0105,0.0077,0.0121,0.017,0.0121,-0.018,16.08,0,0,0,0,0,0,0,1,,,,,,,,,,,
433,18335,0,1,0,0,0.0099,-0.0099,0.0072,0.0114,0.0162,0.0114,-0.0175,16.42,0,0,0,0,0,0,0,1,,,,,,,,,,,
433.39,18344,0,1,0,0,0.0093,-0.0093,0.0068,0.0109,0.0155,0.0109,-0.017,16.77,0,0,0,0,0,0,0,1,,,,,,,,,,,
433.78,18353,0,1,0,0,0.0088,-0.0088,0.0065,0.0105,0.0149,0.0105,-0.0166,17.13,0,0,0,0,0,0,0,1,,,,,,,,,,,
434.16,18362,0,1,0,0,0.0082,-0.0082,0.0063,0.0101,0.0144,0.0101,-0.0162,17.49,0,0,0,0,0,0,0,1,,,,,,,,,,,
434.52,18371,0,1,0,0,0.0076,-0.0076,0.0061,0.0099,0.0141,0.0099,-0.0159,17.84,0,0,0,0,0,0,0,1,,,,,,,,,,,
434.88,18380,0,1,0,0,0.007,-0.007,0.006,0.0097,0.0138,0.0097,-0.0156,18.19,0,0,0,0,0,0,0,1,,,,,,,,,,,
435.21,18389,0,1,0,0,0.0064,-0.0064,0.0059,0.0096,0.0136,0.0096,-0.0153,18.52,0,0,0,0,0,0,0,1,,,,,,,,,,,
435.52,18398,0,1,0,0,0.0057,-0.0057,0.0059,0.0095,0.0135,0.0095,-0.0151,18.84,0,0,0,0,0,0,0,1,,,,,,,,,,,
435.83,18407,0,1,0,0,0.0051,-0.0051,0.0059,0.0094,0.0134,0.0094,-0.0149,19.14,0,0,0,0,0,0,0,0.99,,,,,,,,,,,
436.14,18416,0,1,0,0,0.0044,-0.0044,0.0059,0.0094,0.0133,0.0094,-0.0147,19.42,0,0,0,0,0,0,0,0.99,,,,,,,,,,,
436.45,18425,0,1,0,0,0.0038,-0.0038,0.0059,0.0094,0.0133,0.0094,-0.0144,19.67,0,0,0,0,0,0,0,0.99,,,,,,,,,,,
436.76,18434,0,1,0,0,0.0031,-0.0031,0.0059,0.0093,0.0132,0.0093,-0.0143,19.89,0,0,0,0,0,0,0,0.99,,,,,,,,,,,
437.06,18443,0,1,0,0,0.0025,-0.0025,0.0059,0.0093,0.0131,0.0093,-0.0141,20.08,0,0,0,0,0,0,0,0.98,,,,,,,,,,,
437.34,18452,0,1,0,0,0.0019,-0.0019,0.0058,0.0092,0.013,0.0092,-0.0139,20.24,0,0,0,0,0,0,0,0.98,,,,,,,,,,,
437.63,18461,0,1,0,0,0.0014,-0.0014,0.0058,0.0091,0.0129,0.0091,-0.0136,20.37,0,0,0,0,0,0,0,0.97,,,,,,,,,,,
437.91,18470,0,1,0,0,0.0009,-0.0009,0.0057,0.009,0.0127,0.009,-0.0134,20.46,0,0,0,0,0,0,0,0.97,,,,,,,,,,,
438.22,18479,0,1,0,0,0.0006,-0.0006,0.0057,0.0089,0.0126,0.0089,-0.0132,20.51,0,0,0,0,0,0,0,0.96,,,,,,,,,,,
438.56,18488,0,1,0,0,0.0004,-0.0004,0.0056,0.0088,0.0124,0.0088,-0.013,20.53,0,0,0,0,0,0,0,0.96,,,,,,,,,,,
438.89,18497,0,1,0,0,0.0003,-0.0003,0.0055,0.0086,0.0122,0.0086,-0.0128,20.52,0,0,0,0,0,0,0,0.95,,,,,,,,,,,
439.23,18506,0,1,0,0,0.0002,-0.0002,0.0054,0.0085,0.0119,0.0085,-0.0125,20.46,0,0,0,0,0,0,0,0.94,,,,,,,,,,,
439.58,18515,0,1,0,0,0.0001,-0.0001,0.0053,0.0083,0.0117,0.0083,-0.0123,20.38,0,0,0,0,0,0,0,0.93,,,,,,,,,,,
439.92,18524,0,1,0,0,0.0001,-0.0001,0.0051,0.0081,0.0114,0.0081,-0.012,20.26,0,0,0,0,0,0,0,0.92,,,,,,,,,,,
440.3,18533,0,1,0,0,0,0,0.005,0.0079,0.0111,0.0079,-0.0118,20.11,0,0,0,0,0,0,0,0.91,,,,,,,,,,,
440.7,18542,0,1,0,0,0,0,0.0048,0.0076,0.0108,0.0076,-0.0115,0,0,0,0,0,0,0,0,0.9,,,,,,,,,,,
441.08,18551,0,1,0,0,0,0,0.0047,0.0074,0.0105,0.0074,-0.0112,0,0,0,0,0,0,0,0,0.89,,,,,,,,,,,
441.46,18560,0,1,0,0,0,0,0.0045,0.0072,0.0101,0.0072,-0.0109,0,0,0,0,0,0,0,0,0.88,,,,,,,,,,,
441.83,18569,0,1,0,0,0,0,0.0043,0.0069,0.0098,0.0069,-0.0106,0,0,0,0,0,0,0,0,0.87,,,,,,,,,,,
442.19,18578,0,1,0,0,0,0,0.0042,0.0066,0.0094,0.0066,-0.0103,0,0,0,0,0,0,0,0,0.86,,,,,,,,,,,
442.52,18587,0,1,0,0,0,0,0.004,0.0064,0.0091,0.0064,-0.01,0,0,0,0,0,0,0,0,0.85,,,,,,,,,,,
442.85,18596,0,1,0,0,0,0,0.0038,0.0061,0.0087,0.0061,-0.0097,0,0,0,0,0,0,0,0,0.84,,,,,,,,,,,
443.2,18605,0,1,0,0,0,0,0.0036,0.0059,0.0084,0.0059,-0.0095,0,0,0,0,0,0,0,0,0.83,,,,,,,,,,,
443.56,18614,0,1,0,0,0,0,0.0035,0.0056,0.0081,0.0056,-0.0092,0,0,0,0,0,0,0,0,0.81,,,,,,,,,,,
443.92,18623,0,1,0,0,0,0,0.0033,0.0054,0.0077,0.0054,-0.0089,0,0,0,0,0,0,0,0,0.8,,,,,,,,,,,
444.29,18632,0,1,0,0,0,0,0.0031,0.0052,0.0074,0.0052,-0.0086,0,0,0,0,0,0,0,0,0.79,,,,,,,,,,,
444.67,18641,0,1,0,0,0,0,0.003,0.005,0.0071,0.005,-0.0084,0,0,0,0,0,0,0,0,0.77,,,,,,,,,,,
445.06,18650,0,1,0,0,0,0,0.0029,0.0048,0.0069,0.0048,-0.0081,0,0,0,0,0,0,0,0,0.76,,,,,,,,,,,
445.59,18659,0,1,0,0,0,0,0.0028,0.0046,0.0066,0.0046,-0.0079,0,0,0,0,0,0,0,0,0.74,,,,,,,,,,,
446.12,18668,0,1,0,0,0,0,0.0026,0.0044,0.0064,0.0044,-0.0076,0,0,0,0,0,0,0,0,0.73,,,,,,,,,,,
446.65,18677,0,1,0,0,0,0,0.0025,0.0042,0.0062,0.0042,-0.0074,0,0,0,0,0,0,0,0,0.72,,,,,,,,,,,
447.17,18686,0,1,0,0,0,0,0.0024,0.0041,0.0059,0.0041,-0.0072,0,0,0,0,0,0,0,0,0.7,,,,,,,,,,,
447.67,18695,0,1,0,0,0,0,0.0024,0.0039,0.0057,0.0039,-0.007,0,0,0,0,0,0,0,0,0.69,,,,,,,,,,,
448.14,18704,0,1,0,0,0,0,0.0023,0.0038,0.0055,0.0038,-0.0067,0,0,0,0,0,0,0,0,0.67,,,,,,,,,,,
448.57,18713,0,1,0,0,0,0,0.0022,0.0037,0.0054,0.0037,-0.0065,0,0,0,0,0,0,0,0,0.66,,,,,,,,,,,
449,18722,0,1,0,0,0,0,0.0021,0.0035,0.0052,0.0035,-0.0063,0,0,0,0,0,0,0,0,0.64,,,,,,,,,,,
449.41,18731,0,1,0,0,0,0,0.002,0.0034,0.005,0.0034,-0.0061,0,0,0,0,0,0,0,0,0.63,,,,,,,,,,,
449.82,18740,0,1,0,0,0,0,0.0019,0.0033,0.0048,0.0033,-0.0059,0,0,0,0,0,0,0,0,0.61,,,,,,,,,,,
450.38,18749,0,1,0,0,0,0,0.0018,0.0031,0.0046,0.0031,-0.0057,0,0,0,0,0,0,0,0,0.6,,,,,,,,,,,
451.09,18758,0,1,0,0,0,0,0.0018,0.003,0.0044,0.003,-0.0055,0,0,0,0,0,0,0,0,0.58,,,,,,,,,,,
451.91,18767,0,1,0,0,0,0,0.0017,0.0029,0.0042,0.0029,-0.0053,0,0,0,0,0,0,0,0,0.57,,,,,,,,,,,
452.8,18776,0,1,0,0,0,0,0.0016,0.0027,0.004,0.0027,-0.0051,0,0,0,0,0,0,0,0,0.55,,,,,,,,,,,
453.7,18785,0,1,0,0,0,0,0.0015,0.0026,0.0038,0.0026,-0.0048,0,0,0,0,0,0,0,0,0.54,,,,,,,,,,,
454.75,18794,0,1,0,0,0,0,0.0014,0.0024,0.0036,0.0024,-0.0046,0,0,0,0,0,0,0,0,0.52,,,,,,,,,,,
455.7,18803,0,1,0,0,0,0,0.0013,0.0023,0.0034,0.0023,-0.0044,0,0,0,0,0,0,0,0,0.51,,,,,,,,,,,
456.67,18812,0,1,0,0,0,0,0.0012,0.0022,0.0032,0.0022,-0.0042,0,0,0,0,0,0,0,0,0.49,,,,,,,,,,,
457.75,18821,0,1,0,0,0,0,0.0011,0.002,0.003,0.002,-0.0039,0,0,0,0,0,0,0,0,0.47,,,,,,,,,,,
458.88,18830,0,1,0,0,0,0,0.0011,0.0019,0.0028,0.0019,-0.0037,0,0,0,0,0,0,0,0,0.46,,,,,,,,,,,
459.89,18839,0,1,0,0,0,0,0.001,0.0017,0.0026,0.0017,-0.0035,0,0,0,0,0,0,0,0,0.44,,,,,,,,,,,
460.8,18848,0,1,0,0,0,0,0.0009,0.0016,0.0024,0.0016,-0.0033,0,0,0,0,0,0,0,0,0.43,,,,,,,,,,,
461.78,18857,0,1,0,0,0,0,0.0008,0.0015,0.0022,0.0015,-0.003,0,0,0,0,0,0,0,0,0.41,,,,,,,,,,,
462.78,18866,0,1,0,0,0,0,0.0007,0.0013,0.002,0.0013,-0.0028,0,0,0,0,0,0,0,0,0.4,,,,,,,,,,,
463.78,18875,0,1,0,0,0,0,0.0007,0.0012,0.0018,0.0012,-0.0026,0,,0,0,0,0,0,0,0.38,,,,,,,,,,,
464.7,18884,0,1,0,0,0,0,0.0006,0.0011,0.0017,0.0011,-0.0024,0,,0,0,0,0,0,0,0.37,,,,,,,,,,,
465.55,18893,0,1,0,0,0,0,0.0005,0.001,0.0015,0.001,-0.0022,0,,0,0,0,0,0,0,0.35,,,,,,,,,,,
466.36,18902,0,1,0,0,0,0,0.0005,0.0009,0.0013,0.0009,-0.0019,0,,0,0,0,0,0,0,0.34,,,,,,,,,,,
467.17,18911,0,1,0,0,0,0,0.0004,0.0008,0.0012,0.0008,-0.0017,0,,0,0,0,0,0,0,0.32,,,,,,,,,,,
467.92,18920,0,1,0,0,0,0,0.0003,0.0007,0.001,0.0007,-0.0016,0,,0,0,0,0,0,0,0.31,,,,,,,,,,,
468.73,18929,0,1,0,0,0,0,0.0003,0.0006,0.0009,0.0006,-0.0014,0,0,0,0,0,0,0,0,0.29,,,,,,,,,,,
469.6,18938,0,1,0,0,0,0,0.0002,0.0005,0.0008,0.0005,-0.0012,0,0,0,0,0,0,0,0,0.28,,,,,,,,,,,
470.42,18947,0,1,0,0,0,0,0.0002,0.0004,0.0007,0.0004,-0.001,0,0,0,0,0,0,0,0,0.26,,,,,,,,,,,
471.17,18956,0,1,0,0,0,0,0.0002,0.0004,0.0006,0.0004,-0.0009,0,0,0,0,0,0,0,0,0.25,,,,,,,,,,,
471.92,18965,0,1,0,0,0,0,0.0001,0.0003,0.0005,0.0003,-0.0008,0,0,0,0,0,0,0,0,0.23,,,,,,,,,,,
472.73,18974,0,1,0,0,0,0,0.0001,0.0003,0.0004,0.0003,-0.0007,0,0,0,0,0,0,0,0,0.22,,,,,,,,,,,
473.6,18983,0,1,0,0,0,0,0.0001,0.0002,0.0003,0.0002,-0.0005,0,0,0,0,0,0,0,0,0.21,,,,,,,,,,,
474.5,18992,0,1,0,0,0,0,0.0001,0.0002,0.0003,0.0002,-0.0005,0,0,0,0,0,0,0,0,0.19,,,,,,,,,,,
475.31,19001,0,1,0,0,0,0,0.0001,0.0002,0.0002,0.0002,-0.0004,0,0,0,0,0,0,0,0,0.18,,,,,,,,,,,
476,19010,0,1,0,0,0,0,0.0001,0.0001,0.0002,0.0001,-0.0003,0,0,0,0,0,0,0,0,0.17,,,,,,,,,,,
476.64,19019,0,1,0,0,0,0,0,0.0001,0.0002,0.0001,-0.0002,0,0,0,0,0,0,0,0,0.16,,,,,,,,,,,
477.31,19028,0,1,0,0,0,0,0,0.0001,0.0001,0.0001,-0.0002,0,0,0,0,0,0,0,0,0.16,,,,,,,,,,,
478,19037,0,1,0,0,0,0,0,0.0001,0.0001,0.0001,-0.0002,0,0,0,0,0,0,0,0,0.15,,,,,,,,,,,
478.9,19046,0,1,0,0,0,0,0,0,0.0001,0,-0.0001,0,0,0,0,0,0,0,0,0.14,,,,,,,,,,,
479.67,19055,0,1,0,0,0,0,0,0,0.0001,0,-0.0001,0,0,0,0,0,0,0,0,0.14,,,,,,,,,,,
480.45,19064,0,1,0,0,0,0,0,0,0,0,-0.0001,0,0,0,0,0,0,0,0,0.13,,,,,,,,,,,
481.27,19073,0,1,0,0,0,0,0,0,0,0,0,0,0,0,0,0,0,0,0,0.13,,,,,,,,,,,
482.08,19082,0,1,0,0,0,0,0,0,0,0,0,0,0,0,0,0,0,0,0,0.12,,,,,,,,,,,
482.83,19091,0,1,0,0,0,0,0,0,0,0,0,0,0,0,0,0,0,0,0,0.11,,,,,,,,,,,
483.78,19100,0,1,0,0,0,0,0,0,0,0,0,0,0,0,0,0,0,0,0,0.11,,,,,,,,,,,
484.64,19109,0,1,0,0,0,0,0,0,0,0,0,0,0,0,0,0,0,0,0,0.1,,,,,,,,,,,
485.38,19118,0,1,0,0,0,0,0,0,0,0,0,0,0,0,0,0,0,0,0,0.09,,,,,,,,,,,
486.09,19127,0,1,0,0,0,0,0,0,0,0,0,0,0,0,0,0,0,0,0,0.09,,,,,,,,,,,
486.91,19136,0,1,0,0,0,0,0,0,0,0,0,0,0,0,0,0,0,0,0,0.08,,,,,,,,,,,
487.73,19145,0,1,0,0,0,0,0,0,0,0,0,0,0,0,0,0,0,0,0,0.08,,,,,,,,,,,
488.55,19154,0,1,0,0,0,0,0,0,0,0,0,0,0,0,0,0,0,0,0,0.07,,,,,,,,,,,
489.31,19163,0,1,0,0,0,0,0,0,0,0,0,0,0,0,0,0,0,0,0,0.06,,,,,,,,,,,
490,19172,0,1,0,0,0,0,0,0,0,0,0,0,0,0,0,0,0,0,0,0.06,,,,,,,,,,,
490.64,19181,0,1,0,0,0,0,0,0,0,0,0,0,0,0,0,0,0,0,0,0.05,,,,,,,,,,,
491.29,19190,0,1,0,0,0,0,0,0,0,0,0,0,0,0,0,0,0,0,0,0.05,,,,,,,,,,,
491.93,19199,0,1,0,0,0,0,0,0,0,0,0,0,0,0,0,0,0,0,0,0.04,,,,,,,,,,,
492.53,19208,0,1,0,0,0,0,0,0,0,0,0,0,0,0,0,0,0,0,0,0.04,,,,,,,,,,,
493.15,19217,0,1,0,0,0,0,0,0,0,0,0,0,0,0,0,0,0,0,0,0.03,,,,,,,,,,,
493.85,19226,0,1,0,0,0,0,0,0,0,0,0,0,0,0,0,0,0,0,0,0.03,,,,,,,,,,,
494.47,19235,0,1,0,0,0,0,0,0,0,0,0,0,0,0,0,0,0,0,0,0.02,,,,,,,,,,,